failure_id,payment_id,failure_category,error_code,retryable
fail_10000,pay_104421,User Abandoned,BAD_REQUEST_ABANDONED,True
fail_10001,pay_102261,User Abandoned,BAD_REQUEST_ABANDONED,True
fail_10002,pay_103206,Bank Declined,BANK_DECLINED_TRANSACTION,False
fail_10003,pay_100819,Gateway Error,GATEWAY_INTERNAL_ERROR,True
fail_10004,pay_101335,Gateway Error,GATEWAY_INTERNAL_ERROR,True
fail_10005,pay_103121,Insufficient Funds,INSUFFICIENT_FUNDS,True
fail_10006,pay_103648,Network Timeout,GATEWAY_TIMEOUT,True
fail_10007,pay_103711,Insufficient Funds,INSUFFICIENT_FUNDS,True
fail_10008,pay_102217,Insufficient Funds,INSUFFICIENT_FUNDS,True
fail_10009,pay_101168,Gateway Error,GATEWAY_INTERNAL_ERROR,True
fail_10010,pay_100400,Insufficient Funds,INSUFFICIENT_FUNDS,True
fail_10011,pay_104881,User Abandoned,BAD_REQUEST_ABANDONED,True
fail_10012,pay_104502,Gateway Error,GATEWAY_INTERNAL_ERROR,True
fail_10013,pay_101345,Bank Declined,BANK_DECLINED_TRANSACTION,False
fail_10014,pay_100809,Network Timeout,GATEWAY_TIMEOUT,True
fail_10015,pay_102172,User Abandoned,BAD_REQUEST_ABANDONED,True
fail_10016,pay_100690,User Abandoned,BAD_REQUEST_ABANDONED,True
fail_10017,pay_102519,Insufficient Funds,INSUFFICIENT_FUNDS,True
fail_10018,pay_103620,Network Timeout,GATEWAY_TIMEOUT,True
fail_10019,pay_100160,Insufficient Funds,INSUFFICIENT_FUNDS,True
fail_10020,pay_101116,Bank Declined,BANK_DECLINED_TRANSACTION,False
fail_10021,pay_101055,Insufficient Funds,INSUFFICIENT_FUNDS,True
fail_10022,pay_101558,OTP Failed,OTP_AUTHENTICATION_FAILED,True
fail_10023,pay_104621,Insufficient Funds,INSUFFICIENT_FUNDS,True
fail_10024,pay_102955,Bank Declined,BANK_DECLINED_TRANSACTION,False
fail_10025,pay_101421,Bank Declined,BANK_DECLINED_TRANSACTION,False
fail_10026,pay_103157,Bank Declined,BANK_DECLINED_TRANSACTION,False
fail_10027,pay_100510,Network Timeout,GATEWAY_TIMEOUT,True
fail_10028,pay_103174,OTP Failed,OTP_AUTHENTICATION_FAILED,True
fail_10029,pay_104295,Bank Declined,BANK_DECLINED_TRANSACTION,False
fail_10030,pay_103237,OTP Failed,OTP_AUTHENTICATION_FAILED,True
fail_10031,pay_103723,Bank Declined,BANK_DECLINED_TRANSACTION,False
fail_10032,pay_102767,User Abandoned,BAD_REQUEST_ABANDONED,True
fail_10033,pay_101997,Bank Declined,BANK_DECLINED_TRANSACTION,False
fail_10034,pay_101625,Insufficient Funds,INSUFFICIENT_FUNDS,True
fail_10035,pay_103278,Gateway Error,GATEWAY_INTERNAL_ERROR,True
fail_10036,pay_104215,Network Timeout,GATEWAY_TIMEOUT,True
fail_10037,pay_100144,Network Timeout,GATEWAY_TIMEOUT,True
fail_10038,pay_100355,Network Timeout,GATEWAY_TIMEOUT,True
fail_10039,pay_102616,Bank Declined,BANK_DECLINED_TRANSACTION,False
fail_10040,pay_102259,Network Timeout,GATEWAY_TIMEOUT,True
fail_10041,pay_102045,Network Timeout,GATEWAY_TIMEOUT,True
fail_10042,pay_101619,Insufficient Funds,INSUFFICIENT_FUNDS,True
fail_10043,pay_104992,Insufficient Funds,INSUFFICIENT_FUNDS,True
fail_10044,pay_104791,Gateway Error,GATEWAY_INTERNAL_ERROR,True
fail_10045,pay_100346,Bank Declined,BANK_DECLINED_TRANSACTION,False
fail_10046,pay_102754,Insufficient Funds,INSUFFICIENT_FUNDS,True
fail_10047,pay_104265,Insufficient Funds,INSUFFICIENT_FUNDS,True
fail_10048,pay_103725,Network Timeout,GATEWAY_TIMEOUT,True
fail_10049,pay_102375,OTP Failed,OTP_AUTHENTICATION_FAILED,True
fail_10050,pay_101087,Insufficient Funds,INSUFFICIENT_FUNDS,True
fail_10051,pay_104692,Network Timeout,GATEWAY_TIMEOUT,True
fail_10052,pay_104520,Network Timeout,GATEWAY_TIMEOUT,True
fail_10053,pay_103533,Gateway Error,GATEWAY_INTERNAL_ERROR,True
fail_10054,pay_100264,OTP Failed,OTP_AUTHENTICATION_FAILED,True
fail_10055,pay_103148,OTP Failed,OTP_AUTHENTICATION_FAILED,True
fail_10056,pay_101081,OTP Failed,OTP_AUTHENTICATION_FAILED,True
fail_10057,pay_102802,Insufficient Funds,INSUFFICIENT_FUNDS,True
fail_10058,pay_104717,Bank Declined,BANK_DECLINED_TRANSACTION,False
fail_10059,pay_101961,User Abandoned,BAD_REQUEST_ABANDONED,True
fail_10060,pay_102652,OTP Failed,OTP_AUTHENTICATION_FAILED,True
fail_10061,pay_102038,Bank Declined,BANK_DECLINED_TRANSACTION,False
fail_10062,pay_104600,Insufficient Funds,INSUFFICIENT_FUNDS,True
fail_10063,pay_101746,Bank Declined,BANK_DECLINED_TRANSACTION,False
fail_10064,pay_102378,Bank Declined,BANK_DECLINED_TRANSACTION,False
fail_10065,pay_104101,Insufficient Funds,INSUFFICIENT_FUNDS,True
fail_10066,pay_103977,Network Timeout,GATEWAY_TIMEOUT,True
fail_10067,pay_104773,Network Timeout,GATEWAY_TIMEOUT,True
fail_10068,pay_104134,Gateway Error,GATEWAY_INTERNAL_ERROR,True
fail_10069,pay_103411,Bank Declined,BANK_DECLINED_TRANSACTION,False
fail_10070,pay_103370,Network Timeout,GATEWAY_TIMEOUT,True
fail_10071,pay_100771,Insufficient Funds,INSUFFICIENT_FUNDS,True
fail_10072,pay_104523,User Abandoned,BAD_REQUEST_ABANDONED,True
fail_10073,pay_102034,Insufficient Funds,INSUFFICIENT_FUNDS,True
fail_10074,pay_104651,Gateway Error,GATEWAY_INTERNAL_ERROR,True
fail_10075,pay_103218,User Abandoned,BAD_REQUEST_ABANDONED,True
fail_10076,pay_104962,OTP Failed,OTP_AUTHENTICATION_FAILED,True
fail_10077,pay_101245,Gateway Error,GATEWAY_INTERNAL_ERROR,True
fail_10078,pay_103745,OTP Failed,OTP_AUTHENTICATION_FAILED,True
fail_10079,pay_104122,Insufficient Funds,INSUFFICIENT_FUNDS,True
fail_10080,pay_103778,Network Timeout,GATEWAY_TIMEOUT,True
fail_10081,pay_103747,Network Timeout,GATEWAY_TIMEOUT,True
fail_10082,pay_101202,Gateway Error,GATEWAY_INTERNAL_ERROR,True
fail_10083,pay_103592,Network Timeout,GATEWAY_TIMEOUT,True
fail_10084,pay_101569,Gateway Error,GATEWAY_INTERNAL_ERROR,True
fail_10085,pay_101227,Insufficient Funds,INSUFFICIENT_FUNDS,True
fail_10086,pay_103784,Bank Declined,BANK_DECLINED_TRANSACTION,False
fail_10087,pay_101456,OTP Failed,OTP_AUTHENTICATION_FAILED,True
fail_10088,pay_103360,Insufficient Funds,INSUFFICIENT_FUNDS,True
fail_10089,pay_101827,Network Timeout,GATEWAY_TIMEOUT,True
fail_10090,pay_100554,Network Timeout,GATEWAY_TIMEOUT,True
fail_10091,pay_103403,User Abandoned,BAD_REQUEST_ABANDONED,True
fail_10092,pay_101392,Network Timeout,GATEWAY_TIMEOUT,True
fail_10093,pay_101675,Gateway Error,GATEWAY_INTERNAL_ERROR,True
fail_10094,pay_101706,OTP Failed,OTP_AUTHENTICATION_FAILED,True
fail_10095,pay_104088,Network Timeout,GATEWAY_TIMEOUT,True
fail_10096,pay_103269,User Abandoned,BAD_REQUEST_ABANDONED,True
fail_10097,pay_100140,Insufficient Funds,INSUFFICIENT_FUNDS,True
fail_10098,pay_101829,Bank Declined,BANK_DECLINED_TRANSACTION,False
fail_10099,pay_102689,OTP Failed,OTP_AUTHENTICATION_FAILED,True
fail_10100,pay_102554,Network Timeout,GATEWAY_TIMEOUT,True
fail_10101,pay_101197,Gateway Error,GATEWAY_INTERNAL_ERROR,True
fail_10102,pay_102973,Network Timeout,GATEWAY_TIMEOUT,True
fail_10103,pay_102229,User Abandoned,BAD_REQUEST_ABANDONED,True
fail_10104,pay_104089,Network Timeout,GATEWAY_TIMEOUT,True
fail_10105,pay_101380,OTP Failed,OTP_AUTHENTICATION_FAILED,True
fail_10106,pay_104252,Bank Declined,BANK_DECLINED_TRANSACTION,False
fail_10107,pay_100893,Gateway Error,GATEWAY_INTERNAL_ERROR,True
fail_10108,pay_104076,OTP Failed,OTP_AUTHENTICATION_FAILED,True
fail_10109,pay_100913,Gateway Error,GATEWAY_INTERNAL_ERROR,True
fail_10110,pay_103425,Insufficient Funds,INSUFFICIENT_FUNDS,True
fail_10111,pay_100850,Insufficient Funds,INSUFFICIENT_FUNDS,True
fail_10112,pay_100593,User Abandoned,BAD_REQUEST_ABANDONED,True
fail_10113,pay_101745,User Abandoned,BAD_REQUEST_ABANDONED,True
fail_10114,pay_103198,Gateway Error,GATEWAY_INTERNAL_ERROR,True
fail_10115,pay_104316,Gateway Error,GATEWAY_INTERNAL_ERROR,True
fail_10116,pay_102626,Insufficient Funds,INSUFFICIENT_FUNDS,True
fail_10117,pay_102535,Bank Declined,BANK_DECLINED_TRANSACTION,False
fail_10118,pay_104113,Network Timeout,GATEWAY_TIMEOUT,True
fail_10119,pay_102169,Insufficient Funds,INSUFFICIENT_FUNDS,True
fail_10120,pay_101249,Gateway Error,GATEWAY_INTERNAL_ERROR,True
fail_10121,pay_101474,Bank Declined,BANK_DECLINED_TRANSACTION,False
fail_10122,pay_102879,Bank Declined,BANK_DECLINED_TRANSACTION,False
fail_10123,pay_102269,Insufficient Funds,INSUFFICIENT_FUNDS,True
fail_10124,pay_101648,Bank Declined,BANK_DECLINED_TRANSACTION,False
fail_10125,pay_104834,Network Timeout,GATEWAY_TIMEOUT,True
fail_10126,pay_104153,Gateway Error,GATEWAY_INTERNAL_ERROR,True
fail_10127,pay_104920,Network Timeout,GATEWAY_TIMEOUT,True
fail_10128,pay_102131,Bank Declined,BANK_DECLINED_TRANSACTION,False
fail_10129,pay_103788,Network Timeout,GATEWAY_TIMEOUT,True
fail_10130,pay_102871,Bank Declined,BANK_DECLINED_TRANSACTION,False
fail_10131,pay_102823,User Abandoned,BAD_REQUEST_ABANDONED,True
fail_10132,pay_103684,OTP Failed,OTP_AUTHENTICATION_FAILED,True
fail_10133,pay_100011,Gateway Error,GATEWAY_INTERNAL_ERROR,True
fail_10134,pay_102387,OTP Failed,OTP_AUTHENTICATION_FAILED,True
fail_10135,pay_101796,Gateway Error,GATEWAY_INTERNAL_ERROR,True
fail_10136,pay_103354,Gateway Error,GATEWAY_INTERNAL_ERROR,True
fail_10137,pay_100324,User Abandoned,BAD_REQUEST_ABANDONED,True
fail_10138,pay_104823,Network Timeout,GATEWAY_TIMEOUT,True
fail_10139,pay_102749,Network Timeout,GATEWAY_TIMEOUT,True
fail_10140,pay_104136,Network Timeout,GATEWAY_TIMEOUT,True
fail_10141,pay_100946,Bank Declined,BANK_DECLINED_TRANSACTION,False
fail_10142,pay_102962,Insufficient Funds,INSUFFICIENT_FUNDS,True
fail_10143,pay_100440,Gateway Error,GATEWAY_INTERNAL_ERROR,True
fail_10144,pay_103515,Network Timeout,GATEWAY_TIMEOUT,True
fail_10145,pay_104581,Network Timeout,GATEWAY_TIMEOUT,True
fail_10146,pay_102839,Bank Declined,BANK_DECLINED_TRANSACTION,False
fail_10147,pay_100403,Insufficient Funds,INSUFFICIENT_FUNDS,True
fail_10148,pay_103510,Gateway Error,GATEWAY_INTERNAL_ERROR,True
fail_10149,pay_100958,Insufficient Funds,INSUFFICIENT_FUNDS,True
fail_10150,pay_104324,Insufficient Funds,INSUFFICIENT_FUNDS,True
fail_10151,pay_104792,User Abandoned,BAD_REQUEST_ABANDONED,True
fail_10152,pay_104135,Bank Declined,BANK_DECLINED_TRANSACTION,False
fail_10153,pay_101954,Network Timeout,GATEWAY_TIMEOUT,True
fail_10154,pay_102541,Gateway Error,GATEWAY_INTERNAL_ERROR,True
fail_10155,pay_103911,User Abandoned,BAD_REQUEST_ABANDONED,True
fail_10156,pay_102610,OTP Failed,OTP_AUTHENTICATION_FAILED,True
fail_10157,pay_100045,Bank Declined,BANK_DECLINED_TRANSACTION,False
fail_10158,pay_101232,Insufficient Funds,INSUFFICIENT_FUNDS,True
fail_10159,pay_102588,Insufficient Funds,INSUFFICIENT_FUNDS,True
fail_10160,pay_103907,Gateway Error,GATEWAY_INTERNAL_ERROR,True
fail_10161,pay_103948,Network Timeout,GATEWAY_TIMEOUT,True
fail_10162,pay_104359,Network Timeout,GATEWAY_TIMEOUT,True
fail_10163,pay_101225,Network Timeout,GATEWAY_TIMEOUT,True
fail_10164,pay_103282,OTP Failed,OTP_AUTHENTICATION_FAILED,True
fail_10165,pay_103943,Insufficient Funds,INSUFFICIENT_FUNDS,True
fail_10166,pay_102578,Network Timeout,GATEWAY_TIMEOUT,True
fail_10167,pay_100354,Network Timeout,GATEWAY_TIMEOUT,True
fail_10168,pay_100416,Gateway Error,GATEWAY_INTERNAL_ERROR,True
fail_10169,pay_100207,Bank Declined,BANK_DECLINED_TRANSACTION,False
fail_10170,pay_102805,Insufficient Funds,INSUFFICIENT_FUNDS,True
fail_10171,pay_102598,Bank Declined,BANK_DECLINED_TRANSACTION,False
fail_10172,pay_100796,OTP Failed,OTP_AUTHENTICATION_FAILED,True
fail_10173,pay_103662,OTP Failed,OTP_AUTHENTICATION_FAILED,True
fail_10174,pay_100860,Insufficient Funds,INSUFFICIENT_FUNDS,True
fail_10175,pay_101566,Bank Declined,BANK_DECLINED_TRANSACTION,False
fail_10176,pay_104363,Network Timeout,GATEWAY_TIMEOUT,True
fail_10177,pay_100063,Network Timeout,GATEWAY_TIMEOUT,True
fail_10178,pay_100608,Network Timeout,GATEWAY_TIMEOUT,True
fail_10179,pay_104760,Network Timeout,GATEWAY_TIMEOUT,True
fail_10180,pay_103688,User Abandoned,BAD_REQUEST_ABANDONED,True
fail_10181,pay_104986,OTP Failed,OTP_AUTHENTICATION_FAILED,True
fail_10182,pay_100465,OTP Failed,OTP_AUTHENTICATION_FAILED,True
fail_10183,pay_104509,Bank Declined,BANK_DECLINED_TRANSACTION,False
fail_10184,pay_102836,User Abandoned,BAD_REQUEST_ABANDONED,True
fail_10185,pay_102667,Gateway Error,GATEWAY_INTERNAL_ERROR,True
fail_10186,pay_104356,User Abandoned,BAD_REQUEST_ABANDONED,True
fail_10187,pay_103213,Insufficient Funds,INSUFFICIENT_FUNDS,True
fail_10188,pay_102813,OTP Failed,OTP_AUTHENTICATION_FAILED,True
fail_10189,pay_102669,Bank Declined,BANK_DECLINED_TRANSACTION,False
fail_10190,pay_101209,Network Timeout,GATEWAY_TIMEOUT,True
fail_10191,pay_101242,Network Timeout,GATEWAY_TIMEOUT,True
fail_10192,pay_100336,Bank Declined,BANK_DECLINED_TRANSACTION,False
fail_10193,pay_100852,OTP Failed,OTP_AUTHENTICATION_FAILED,True
fail_10194,pay_101368,Bank Declined,BANK_DECLINED_TRANSACTION,False
fail_10195,pay_102512,Insufficient Funds,INSUFFICIENT_FUNDS,True
fail_10196,pay_100502,Network Timeout,GATEWAY_TIMEOUT,True
fail_10197,pay_102142,User Abandoned,BAD_REQUEST_ABANDONED,True
fail_10198,pay_101376,User Abandoned,BAD_REQUEST_ABANDONED,True
fail_10199,pay_102676,Insufficient Funds,INSUFFICIENT_FUNDS,True
fail_10200,pay_103663,Bank Declined,BANK_DECLINED_TRANSACTION,False
fail_10201,pay_102362,Insufficient Funds,INSUFFICIENT_FUNDS,True
fail_10202,pay_100199,OTP Failed,OTP_AUTHENTICATION_FAILED,True
fail_10203,pay_100998,Gateway Error,GATEWAY_INTERNAL_ERROR,True
fail_10204,pay_101699,Bank Declined,BANK_DECLINED_TRANSACTION,False
fail_10205,pay_101222,Network Timeout,GATEWAY_TIMEOUT,True
fail_10206,pay_100750,Bank Declined,BANK_DECLINED_TRANSACTION,False
fail_10207,pay_103382,Insufficient Funds,INSUFFICIENT_FUNDS,True
fail_10208,pay_102730,Network Timeout,GATEWAY_TIMEOUT,True
fail_10209,pay_103634,Insufficient Funds,INSUFFICIENT_FUNDS,True
fail_10210,pay_104936,OTP Failed,OTP_AUTHENTICATION_FAILED,True
fail_10211,pay_102116,Bank Declined,BANK_DECLINED_TRANSACTION,False
fail_10212,pay_100648,Bank Declined,BANK_DECLINED_TRANSACTION,False
fail_10213,pay_103003,Network Timeout,GATEWAY_TIMEOUT,True
fail_10214,pay_103752,User Abandoned,BAD_REQUEST_ABANDONED,True
fail_10215,pay_103397,OTP Failed,OTP_AUTHENTICATION_FAILED,True
fail_10216,pay_103210,Insufficient Funds,INSUFFICIENT_FUNDS,True
fail_10217,pay_100450,Gateway Error,GATEWAY_INTERNAL_ERROR,True
fail_10218,pay_101938,Network Timeout,GATEWAY_TIMEOUT,True
fail_10219,pay_100682,Bank Declined,BANK_DECLINED_TRANSACTION,False
fail_10220,pay_104094,Insufficient Funds,INSUFFICIENT_FUNDS,True
fail_10221,pay_101447,Bank Declined,BANK_DECLINED_TRANSACTION,False
fail_10222,pay_100194,Bank Declined,BANK_DECLINED_TRANSACTION,False
fail_10223,pay_103838,Bank Declined,BANK_DECLINED_TRANSACTION,False
fail_10224,pay_101809,Insufficient Funds,INSUFFICIENT_FUNDS,True
fail_10225,pay_101375,OTP Failed,OTP_AUTHENTICATION_FAILED,True
fail_10226,pay_104981,Bank Declined,BANK_DECLINED_TRANSACTION,False
fail_10227,pay_100514,Gateway Error,GATEWAY_INTERNAL_ERROR,True
fail_10228,pay_100683,Gateway Error,GATEWAY_INTERNAL_ERROR,True
fail_10229,pay_103644,Bank Declined,BANK_DECLINED_TRANSACTION,False
fail_10230,pay_102769,OTP Failed,OTP_AUTHENTICATION_FAILED,True
fail_10231,pay_100273,Network Timeout,GATEWAY_TIMEOUT,True
fail_10232,pay_101053,Bank Declined,BANK_DECLINED_TRANSACTION,False
fail_10233,pay_103487,OTP Failed,OTP_AUTHENTICATION_FAILED,True
fail_10234,pay_101082,Insufficient Funds,INSUFFICIENT_FUNDS,True
fail_10235,pay_104871,OTP Failed,OTP_AUTHENTICATION_FAILED,True
fail_10236,pay_102542,Bank Declined,BANK_DECLINED_TRANSACTION,False
fail_10237,pay_103035,Network Timeout,GATEWAY_TIMEOUT,True
fail_10238,pay_102388,Network Timeout,GATEWAY_TIMEOUT,True
fail_10239,pay_100447,Network Timeout,GATEWAY_TIMEOUT,True
fail_10240,pay_101439,Bank Declined,BANK_DECLINED_TRANSACTION,False
fail_10241,pay_104598,Bank Declined,BANK_DECLINED_TRANSACTION,False
fail_10242,pay_101783,Gateway Error,GATEWAY_INTERNAL_ERROR,True
fail_10243,pay_102164,Insufficient Funds,INSUFFICIENT_FUNDS,True
fail_10244,pay_100292,Insufficient Funds,INSUFFICIENT_FUNDS,True
fail_10245,pay_101268,User Abandoned,BAD_REQUEST_ABANDONED,True
fail_10246,pay_101933,Insufficient Funds,INSUFFICIENT_FUNDS,True
fail_10247,pay_103839,Network Timeout,GATEWAY_TIMEOUT,True
fail_10248,pay_104642,Insufficient Funds,INSUFFICIENT_FUNDS,True
fail_10249,pay_102386,Bank Declined,BANK_DECLINED_TRANSACTION,False
fail_10250,pay_104005,Insufficient Funds,INSUFFICIENT_FUNDS,True
fail_10251,pay_103574,Network Timeout,GATEWAY_TIMEOUT,True
fail_10252,pay_102121,Gateway Error,GATEWAY_INTERNAL_ERROR,True
fail_10253,pay_101831,User Abandoned,BAD_REQUEST_ABANDONED,True
fail_10254,pay_100339,Network Timeout,GATEWAY_TIMEOUT,True
fail_10255,pay_100670,OTP Failed,OTP_AUTHENTICATION_FAILED,True
fail_10256,pay_104198,Network Timeout,GATEWAY_TIMEOUT,True
fail_10257,pay_101929,OTP Failed,OTP_AUTHENTICATION_FAILED,True
fail_10258,pay_103901,Network Timeout,GATEWAY_TIMEOUT,True
fail_10259,pay_101294,OTP Failed,OTP_AUTHENTICATION_FAILED,True
fail_10260,pay_100775,Gateway Error,GATEWAY_INTERNAL_ERROR,True
fail_10261,pay_102027,Insufficient Funds,INSUFFICIENT_FUNDS,True
fail_10262,pay_101420,User Abandoned,BAD_REQUEST_ABANDONED,True
fail_10263,pay_104467,User Abandoned,BAD_REQUEST_ABANDONED,True
fail_10264,pay_101726,Gateway Error,GATEWAY_INTERNAL_ERROR,True
fail_10265,pay_100964,OTP Failed,OTP_AUTHENTICATION_FAILED,True
fail_10266,pay_103185,Insufficient Funds,INSUFFICIENT_FUNDS,True
fail_10267,pay_104601,Network Timeout,GATEWAY_TIMEOUT,True
fail_10268,pay_100762,Insufficient Funds,INSUFFICIENT_FUNDS,True
fail_10269,pay_100639,Bank Declined,BANK_DECLINED_TRANSACTION,False
fail_10270,pay_102907,Insufficient Funds,INSUFFICIENT_FUNDS,True
fail_10271,pay_102527,Bank Declined,BANK_DECLINED_TRANSACTION,False
fail_10272,pay_100570,Bank Declined,BANK_DECLINED_TRANSACTION,False
fail_10273,pay_104686,Gateway Error,GATEWAY_INTERNAL_ERROR,True
fail_10274,pay_103440,Insufficient Funds,INSUFFICIENT_FUNDS,True
fail_10275,pay_100382,Network Timeout,GATEWAY_TIMEOUT,True
fail_10276,pay_100948,Network Timeout,GATEWAY_TIMEOUT,True
fail_10277,pay_102053,Insufficient Funds,INSUFFICIENT_FUNDS,True
fail_10278,pay_104437,Network Timeout,GATEWAY_TIMEOUT,True
fail_10279,pay_102743,Gateway Error,GATEWAY_INTERNAL_ERROR,True
fail_10280,pay_103960,Network Timeout,GATEWAY_TIMEOUT,True
fail_10281,pay_104910,Bank Declined,BANK_DECLINED_TRANSACTION,False
fail_10282,pay_102396,OTP Failed,OTP_AUTHENTICATION_FAILED,True
fail_10283,pay_102220,Insufficient Funds,INSUFFICIENT_FUNDS,True
fail_10284,pay_100693,Gateway Error,GATEWAY_INTERNAL_ERROR,True
fail_10285,pay_100925,User Abandoned,BAD_REQUEST_ABANDONED,True
fail_10286,pay_102917,Network Timeout,GATEWAY_TIMEOUT,True
fail_10287,pay_102619,Bank Declined,BANK_DECLINED_TRANSACTION,False
fail_10288,pay_104121,Network Timeout,GATEWAY_TIMEOUT,True
fail_10289,pay_103461,User Abandoned,BAD_REQUEST_ABANDONED,True
fail_10290,pay_104722,Insufficient Funds,INSUFFICIENT_FUNDS,True
fail_10291,pay_104236,Bank Declined,BANK_DECLINED_TRANSACTION,False
fail_10292,pay_104964,OTP Failed,OTP_AUTHENTICATION_FAILED,True
fail_10293,pay_103704,Network Timeout,GATEWAY_TIMEOUT,True
fail_10294,pay_104959,Network Timeout,GATEWAY_TIMEOUT,True
fail_10295,pay_103309,Bank Declined,BANK_DECLINED_TRANSACTION,False
fail_10296,pay_102827,Network Timeout,GATEWAY_TIMEOUT,True
fail_10297,pay_101680,Insufficient Funds,INSUFFICIENT_FUNDS,True
fail_10298,pay_103955,Insufficient Funds,INSUFFICIENT_FUNDS,True
fail_10299,pay_104073,Gateway Error,GATEWAY_INTERNAL_ERROR,True
fail_10300,pay_101873,Gateway Error,GATEWAY_INTERNAL_ERROR,True
fail_10301,pay_101836,Bank Declined,BANK_DECLINED_TRANSACTION,False
fail_10302,pay_103687,Insufficient Funds,INSUFFICIENT_FUNDS,True
fail_10303,pay_100935,OTP Failed,OTP_AUTHENTICATION_FAILED,True
fail_10304,pay_101108,Bank Declined,BANK_DECLINED_TRANSACTION,False
fail_10305,pay_100080,OTP Failed,OTP_AUTHENTICATION_FAILED,True
fail_10306,pay_104380,Bank Declined,BANK_DECLINED_TRANSACTION,False
fail_10307,pay_101909,Network Timeout,GATEWAY_TIMEOUT,True
fail_10308,pay_102712,Network Timeout,GATEWAY_TIMEOUT,True
fail_10309,pay_102096,Insufficient Funds,INSUFFICIENT_FUNDS,True
fail_10310,pay_101688,User Abandoned,BAD_REQUEST_ABANDONED,True
fail_10311,pay_100318,Bank Declined,BANK_DECLINED_TRANSACTION,False
fail_10312,pay_103742,Bank Declined,BANK_DECLINED_TRANSACTION,False
fail_10313,pay_103171,Bank Declined,BANK_DECLINED_TRANSACTION,False
fail_10314,pay_104476,Bank Declined,BANK_DECLINED_TRANSACTION,False
fail_10315,pay_103552,Network Timeout,GATEWAY_TIMEOUT,True
fail_10316,pay_103351,Network Timeout,GATEWAY_TIMEOUT,True
fail_10317,pay_102232,Gateway Error,GATEWAY_INTERNAL_ERROR,True
fail_10318,pay_103920,Network Timeout,GATEWAY_TIMEOUT,True
fail_10319,pay_101446,Network Timeout,GATEWAY_TIMEOUT,True
fail_10320,pay_100180,Network Timeout,GATEWAY_TIMEOUT,True
fail_10321,pay_100285,Insufficient Funds,INSUFFICIENT_FUNDS,True
fail_10322,pay_104403,OTP Failed,OTP_AUTHENTICATION_FAILED,True
fail_10323,pay_100381,OTP Failed,OTP_AUTHENTICATION_FAILED,True
fail_10324,pay_104207,Gateway Error,GATEWAY_INTERNAL_ERROR,True
fail_10325,pay_102790,Bank Declined,BANK_DECLINED_TRANSACTION,False
fail_10326,pay_102952,Gateway Error,GATEWAY_INTERNAL_ERROR,True
fail_10327,pay_102941,Network Timeout,GATEWAY_TIMEOUT,True
fail_10328,pay_102288,Network Timeout,GATEWAY_TIMEOUT,True
fail_10329,pay_100763,User Abandoned,BAD_REQUEST_ABANDONED,True
fail_10330,pay_100753,OTP Failed,OTP_AUTHENTICATION_FAILED,True
fail_10331,pay_102648,Insufficient Funds,INSUFFICIENT_FUNDS,True
fail_10332,pay_102877,Network Timeout,GATEWAY_TIMEOUT,True
fail_10333,pay_100347,User Abandoned,BAD_REQUEST_ABANDONED,True
fail_10334,pay_100679,Insufficient Funds,INSUFFICIENT_FUNDS,True
fail_10335,pay_102147,Network Timeout,GATEWAY_TIMEOUT,True
fail_10336,pay_102168,User Abandoned,BAD_REQUEST_ABANDONED,True
fail_10337,pay_102630,Bank Declined,BANK_DECLINED_TRANSACTION,False
fail_10338,pay_102781,Network Timeout,GATEWAY_TIMEOUT,True
fail_10339,pay_102457,Insufficient Funds,INSUFFICIENT_FUNDS,True
fail_10340,pay_101765,Insufficient Funds,INSUFFICIENT_FUNDS,True
fail_10341,pay_102694,OTP Failed,OTP_AUTHENTICATION_FAILED,True
fail_10342,pay_103438,Bank Declined,BANK_DECLINED_TRANSACTION,False
fail_10343,pay_101442,Network Timeout,GATEWAY_TIMEOUT,True
fail_10344,pay_100408,OTP Failed,OTP_AUTHENTICATION_FAILED,True
fail_10345,pay_104272,Network Timeout,GATEWAY_TIMEOUT,True
fail_10346,pay_100490,Network Timeout,GATEWAY_TIMEOUT,True
fail_10347,pay_102886,Network Timeout,GATEWAY_TIMEOUT,True
fail_10348,pay_102227,OTP Failed,OTP_AUTHENTICATION_FAILED,True
fail_10349,pay_101532,OTP Failed,OTP_AUTHENTICATION_FAILED,True
fail_10350,pay_100469,Network Timeout,GATEWAY_TIMEOUT,True
fail_10351,pay_103733,Bank Declined,BANK_DECLINED_TRANSACTION,False
fail_10352,pay_102571,Insufficient Funds,INSUFFICIENT_FUNDS,True
fail_10353,pay_104819,User Abandoned,BAD_REQUEST_ABANDONED,True
fail_10354,pay_104988,Network Timeout,GATEWAY_TIMEOUT,True
fail_10355,pay_101976,Network Timeout,GATEWAY_TIMEOUT,True
fail_10356,pay_102732,Network Timeout,GATEWAY_TIMEOUT,True
fail_10357,pay_101272,Gateway Error,GATEWAY_INTERNAL_ERROR,True
fail_10358,pay_100692,Insufficient Funds,INSUFFICIENT_FUNDS,True
fail_10359,pay_101750,User Abandoned,BAD_REQUEST_ABANDONED,True
fail_10360,pay_101142,User Abandoned,BAD_REQUEST_ABANDONED,True
fail_10361,pay_104839,Insufficient Funds,INSUFFICIENT_FUNDS,True
fail_10362,pay_100721,Bank Declined,BANK_DECLINED_TRANSACTION,False
fail_10363,pay_102674,Insufficient Funds,INSUFFICIENT_FUNDS,True
fail_10364,pay_102412,Gateway Error,GATEWAY_INTERNAL_ERROR,True
fail_10365,pay_102861,User Abandoned,BAD_REQUEST_ABANDONED,True
fail_10366,pay_101515,Bank Declined,BANK_DECLINED_TRANSACTION,False
fail_10367,pay_104131,Network Timeout,GATEWAY_TIMEOUT,True
fail_10368,pay_103002,Insufficient Funds,INSUFFICIENT_FUNDS,True
fail_10369,pay_103113,Insufficient Funds,INSUFFICIENT_FUNDS,True
fail_10370,pay_103312,Network Timeout,GATEWAY_TIMEOUT,True
fail_10371,pay_104435,User Abandoned,BAD_REQUEST_ABANDONED,True
fail_10372,pay_103642,User Abandoned,BAD_REQUEST_ABANDONED,True
fail_10373,pay_102499,Insufficient Funds,INSUFFICIENT_FUNDS,True
fail_10374,pay_103895,Bank Declined,BANK_DECLINED_TRANSACTION,False
fail_10375,pay_104379,Insufficient Funds,INSUFFICIENT_FUNDS,True
fail_10376,pay_102492,Gateway Error,GATEWAY_INTERNAL_ERROR,True
fail_10377,pay_104291,Network Timeout,GATEWAY_TIMEOUT,True
fail_10378,pay_104087,Gateway Error,GATEWAY_INTERNAL_ERROR,True
fail_10379,pay_104850,Gateway Error,GATEWAY_INTERNAL_ERROR,True
fail_10380,pay_104267,Bank Declined,BANK_DECLINED_TRANSACTION,False
fail_10381,pay_103494,Network Timeout,GATEWAY_TIMEOUT,True
fail_10382,pay_103641,User Abandoned,BAD_REQUEST_ABANDONED,True
fail_10383,pay_100861,Gateway Error,GATEWAY_INTERNAL_ERROR,True
fail_10384,pay_103942,Network Timeout,GATEWAY_TIMEOUT,True
fail_10385,pay_100437,Gateway Error,GATEWAY_INTERNAL_ERROR,True
fail_10386,pay_104231,Insufficient Funds,INSUFFICIENT_FUNDS,True
fail_10387,pay_102611,Network Timeout,GATEWAY_TIMEOUT,True
fail_10388,pay_101181,Network Timeout,GATEWAY_TIMEOUT,True
fail_10389,pay_100420,Bank Declined,BANK_DECLINED_TRANSACTION,False
fail_10390,pay_104294,Bank Declined,BANK_DECLINED_TRANSACTION,False
fail_10391,pay_102569,Insufficient Funds,INSUFFICIENT_FUNDS,True
fail_10392,pay_103971,Insufficient Funds,INSUFFICIENT_FUNDS,True
fail_10393,pay_100023,Network Timeout,GATEWAY_TIMEOUT,True
fail_10394,pay_100498,Network Timeout,GATEWAY_TIMEOUT,True
fail_10395,pay_104542,Bank Declined,BANK_DECLINED_TRANSACTION,False
fail_10396,pay_104368,User Abandoned,BAD_REQUEST_ABANDONED,True
fail_10397,pay_100576,Insufficient Funds,INSUFFICIENT_FUNDS,True
fail_10398,pay_103891,Network Timeout,GATEWAY_TIMEOUT,True
fail_10399,pay_101066,Network Timeout,GATEWAY_TIMEOUT,True
fail_10400,pay_100263,Gateway Error,GATEWAY_INTERNAL_ERROR,True
fail_10401,pay_102532,Gateway Error,GATEWAY_INTERNAL_ERROR,True
fail_10402,pay_100585,Network Timeout,GATEWAY_TIMEOUT,True
fail_10403,pay_103899,Network Timeout,GATEWAY_TIMEOUT,True
fail_10404,pay_100451,Bank Declined,BANK_DECLINED_TRANSACTION,False
fail_10405,pay_101261,Insufficient Funds,INSUFFICIENT_FUNDS,True
fail_10406,pay_103604,Bank Declined,BANK_DECLINED_TRANSACTION,False
fail_10407,pay_101678,Network Timeout,GATEWAY_TIMEOUT,True
fail_10408,pay_101622,Network Timeout,GATEWAY_TIMEOUT,True
fail_10409,pay_102623,Network Timeout,GATEWAY_TIMEOUT,True
fail_10410,pay_102165,Insufficient Funds,INSUFFICIENT_FUNDS,True
fail_10411,pay_101989,Network Timeout,GATEWAY_TIMEOUT,True
fail_10412,pay_104978,OTP Failed,OTP_AUTHENTICATION_FAILED,True
fail_10413,pay_103275,Network Timeout,GATEWAY_TIMEOUT,True
fail_10414,pay_100526,Gateway Error,GATEWAY_INTERNAL_ERROR,True
fail_10415,pay_104987,Gateway Error,GATEWAY_INTERNAL_ERROR,True
fail_10416,pay_103800,OTP Failed,OTP_AUTHENTICATION_FAILED,True
fail_10417,pay_102830,Gateway Error,GATEWAY_INTERNAL_ERROR,True
fail_10418,pay_100060,Gateway Error,GATEWAY_INTERNAL_ERROR,True
fail_10419,pay_104429,Gateway Error,GATEWAY_INTERNAL_ERROR,True
fail_10420,pay_102013,Network Timeout,GATEWAY_TIMEOUT,True
fail_10421,pay_103519,Bank Declined,BANK_DECLINED_TRANSACTION,False
fail_10422,pay_102960,Bank Declined,BANK_DECLINED_TRANSACTION,False
fail_10423,pay_100732,Gateway Error,GATEWAY_INTERNAL_ERROR,True
fail_10424,pay_103657,Insufficient Funds,INSUFFICIENT_FUNDS,True
fail_10425,pay_104868,Insufficient Funds,INSUFFICIENT_FUNDS,True
fail_10426,pay_102624,Insufficient Funds,INSUFFICIENT_FUNDS,True
fail_10427,pay_103200,Bank Declined,BANK_DECLINED_TRANSACTION,False
fail_10428,pay_103844,Network Timeout,GATEWAY_TIMEOUT,True
fail_10429,pay_104430,Bank Declined,BANK_DECLINED_TRANSACTION,False
fail_10430,pay_101005,Insufficient Funds,INSUFFICIENT_FUNDS,True
fail_10431,pay_100529,User Abandoned,BAD_REQUEST_ABANDONED,True
fail_10432,pay_101971,Network Timeout,GATEWAY_TIMEOUT,True
fail_10433,pay_100968,Insufficient Funds,INSUFFICIENT_FUNDS,True
fail_10434,pay_101080,Insufficient Funds,INSUFFICIENT_FUNDS,True
fail_10435,pay_101704,Network Timeout,GATEWAY_TIMEOUT,True
fail_10436,pay_100714,Gateway Error,GATEWAY_INTERNAL_ERROR,True
fail_10437,pay_103748,Insufficient Funds,INSUFFICIENT_FUNDS,True
fail_10438,pay_104639,Insufficient Funds,INSUFFICIENT_FUNDS,True
fail_10439,pay_101102,Network Timeout,GATEWAY_TIMEOUT,True
fail_10440,pay_100668,Insufficient Funds,INSUFFICIENT_FUNDS,True
fail_10441,pay_104958,OTP Failed,OTP_AUTHENTICATION_FAILED,True
fail_10442,pay_101529,Bank Declined,BANK_DECLINED_TRANSACTION,False
fail_10443,pay_101563,Insufficient Funds,INSUFFICIENT_FUNDS,True
fail_10444,pay_104730,Gateway Error,GATEWAY_INTERNAL_ERROR,True
fail_10445,pay_100803,OTP Failed,OTP_AUTHENTICATION_FAILED,True
fail_10446,pay_104828,Network Timeout,GATEWAY_TIMEOUT,True
fail_10447,pay_102382,Bank Declined,BANK_DECLINED_TRANSACTION,False
fail_10448,pay_103444,Network Timeout,GATEWAY_TIMEOUT,True
fail_10449,pay_103401,Gateway Error,GATEWAY_INTERNAL_ERROR,True
fail_10450,pay_100152,Gateway Error,GATEWAY_INTERNAL_ERROR,True
fail_10451,pay_103329,Gateway Error,GATEWAY_INTERNAL_ERROR,True
fail_10452,pay_101169,Bank Declined,BANK_DECLINED_TRANSACTION,False
fail_10453,pay_104334,OTP Failed,OTP_AUTHENTICATION_FAILED,True
fail_10454,pay_101947,Bank Declined,BANK_DECLINED_TRANSACTION,False
fail_10455,pay_100641,User Abandoned,BAD_REQUEST_ABANDONED,True
fail_10456,pay_100323,Bank Declined,BANK_DECLINED_TRANSACTION,False
fail_10457,pay_102530,Gateway Error,GATEWAY_INTERNAL_ERROR,True
fail_10458,pay_102795,Network Timeout,GATEWAY_TIMEOUT,True
fail_10459,pay_102304,Gateway Error,GATEWAY_INTERNAL_ERROR,True
fail_10460,pay_101353,OTP Failed,OTP_AUTHENTICATION_FAILED,True
fail_10461,pay_101950,Network Timeout,GATEWAY_TIMEOUT,True
fail_10462,pay_100528,Insufficient Funds,INSUFFICIENT_FUNDS,True
fail_10463,pay_102112,Network Timeout,GATEWAY_TIMEOUT,True
fail_10464,pay_101506,Insufficient Funds,INSUFFICIENT_FUNDS,True
fail_10465,pay_100942,User Abandoned,BAD_REQUEST_ABANDONED,True
fail_10466,pay_102632,Insufficient Funds,INSUFFICIENT_FUNDS,True
fail_10467,pay_102100,Gateway Error,GATEWAY_INTERNAL_ERROR,True
fail_10468,pay_103201,OTP Failed,OTP_AUTHENTICATION_FAILED,True
fail_10469,pay_103383,Network Timeout,GATEWAY_TIMEOUT,True
fail_10470,pay_101707,Gateway Error,GATEWAY_INTERNAL_ERROR,True
fail_10471,pay_102163,OTP Failed,OTP_AUTHENTICATION_FAILED,True
fail_10472,pay_104248,Bank Declined,BANK_DECLINED_TRANSACTION,False
fail_10473,pay_102893,OTP Failed,OTP_AUTHENTICATION_FAILED,True
fail_10474,pay_104152,User Abandoned,BAD_REQUEST_ABANDONED,True
fail_10475,pay_104514,Gateway Error,GATEWAY_INTERNAL_ERROR,True
fail_10476,pay_102784,Insufficient Funds,INSUFFICIENT_FUNDS,True
fail_10477,pay_100839,User Abandoned,BAD_REQUEST_ABANDONED,True
fail_10478,pay_102113,Insufficient Funds,INSUFFICIENT_FUNDS,True
fail_10479,pay_102692,OTP Failed,OTP_AUTHENTICATION_FAILED,True
fail_10480,pay_104513,Gateway Error,GATEWAY_INTERNAL_ERROR,True
fail_10481,pay_103589,Insufficient Funds,INSUFFICIENT_FUNDS,True
fail_10482,pay_103094,Network Timeout,GATEWAY_TIMEOUT,True
fail_10483,pay_101153,Insufficient Funds,INSUFFICIENT_FUNDS,True
fail_10484,pay_100842,Insufficient Funds,INSUFFICIENT_FUNDS,True
fail_10485,pay_101568,OTP Failed,OTP_AUTHENTICATION_FAILED,True
fail_10486,pay_101389,Network Timeout,GATEWAY_TIMEOUT,True
fail_10487,pay_100201,Network Timeout,GATEWAY_TIMEOUT,True
fail_10488,pay_104822,Gateway Error,GATEWAY_INTERNAL_ERROR,True
fail_10489,pay_103127,Insufficient Funds,INSUFFICIENT_FUNDS,True
fail_10490,pay_101286,OTP Failed,OTP_AUTHENTICATION_FAILED,True
fail_10491,pay_103297,Insufficient Funds,INSUFFICIENT_FUNDS,True
fail_10492,pay_101107,Bank Declined,BANK_DECLINED_TRANSACTION,False
fail_10493,pay_102067,Gateway Error,GATEWAY_INTERNAL_ERROR,True
fail_10494,pay_104206,Bank Declined,BANK_DECLINED_TRANSACTION,False
fail_10495,pay_103749,OTP Failed,OTP_AUTHENTICATION_FAILED,True
fail_10496,pay_102286,Gateway Error,GATEWAY_INTERNAL_ERROR,True
fail_10497,pay_103703,Insufficient Funds,INSUFFICIENT_FUNDS,True
fail_10498,pay_103909,Gateway Error,GATEWAY_INTERNAL_ERROR,True
fail_10499,pay_100066,Bank Declined,BANK_DECLINED_TRANSACTION,False
fail_10500,pay_100344,Gateway Error,GATEWAY_INTERNAL_ERROR,True
fail_10501,pay_101731,Gateway Error,GATEWAY_INTERNAL_ERROR,True
fail_10502,pay_103825,Bank Declined,BANK_DECLINED_TRANSACTION,False
fail_10503,pay_104080,Bank Declined,BANK_DECLINED_TRANSACTION,False
fail_10504,pay_102988,Insufficient Funds,INSUFFICIENT_FUNDS,True
fail_10505,pay_101205,Bank Declined,BANK_DECLINED_TRANSACTION,False
fail_10506,pay_101036,Bank Declined,BANK_DECLINED_TRANSACTION,False
fail_10507,pay_103517,Network Timeout,GATEWAY_TIMEOUT,True
fail_10508,pay_102777,Bank Declined,BANK_DECLINED_TRANSACTION,False
fail_10509,pay_100591,Insufficient Funds,INSUFFICIENT_FUNDS,True
fail_10510,pay_101427,Gateway Error,GATEWAY_INTERNAL_ERROR,True
fail_10511,pay_100219,User Abandoned,BAD_REQUEST_ABANDONED,True
fail_10512,pay_102938,OTP Failed,OTP_AUTHENTICATION_FAILED,True
fail_10513,pay_101314,Gateway Error,GATEWAY_INTERNAL_ERROR,True
fail_10514,pay_101825,Network Timeout,GATEWAY_TIMEOUT,True
fail_10515,pay_104980,Insufficient Funds,INSUFFICIENT_FUNDS,True
fail_10516,pay_103108,Network Timeout,GATEWAY_TIMEOUT,True
fail_10517,pay_100178,Insufficient Funds,INSUFFICIENT_FUNDS,True
fail_10518,pay_104849,Network Timeout,GATEWAY_TIMEOUT,True
fail_10519,pay_104189,Network Timeout,GATEWAY_TIMEOUT,True
fail_10520,pay_104932,Network Timeout,GATEWAY_TIMEOUT,True
fail_10521,pay_102837,Network Timeout,GATEWAY_TIMEOUT,True
fail_10522,pay_104596,OTP Failed,OTP_AUTHENTICATION_FAILED,True
fail_10523,pay_104449,User Abandoned,BAD_REQUEST_ABANDONED,True
fail_10524,pay_104432,Insufficient Funds,INSUFFICIENT_FUNDS,True
fail_10525,pay_100739,Insufficient Funds,INSUFFICIENT_FUNDS,True
fail_10526,pay_104619,Insufficient Funds,INSUFFICIENT_FUNDS,True
fail_10527,pay_100094,Network Timeout,GATEWAY_TIMEOUT,True
fail_10528,pay_101470,Insufficient Funds,INSUFFICIENT_FUNDS,True
fail_10529,pay_103242,OTP Failed,OTP_AUTHENTICATION_FAILED,True
fail_10530,pay_101631,Network Timeout,GATEWAY_TIMEOUT,True
fail_10531,pay_103830,Network Timeout,GATEWAY_TIMEOUT,True
fail_10532,pay_100827,Gateway Error,GATEWAY_INTERNAL_ERROR,True
fail_10533,pay_104564,OTP Failed,OTP_AUTHENTICATION_FAILED,True
fail_10534,pay_101383,Network Timeout,GATEWAY_TIMEOUT,True
fail_10535,pay_101556,Network Timeout,GATEWAY_TIMEOUT,True
fail_10536,pay_102977,Insufficient Funds,INSUFFICIENT_FUNDS,True
fail_10537,pay_101877,Network Timeout,GATEWAY_TIMEOUT,True
fail_10538,pay_100303,User Abandoned,BAD_REQUEST_ABANDONED,True
fail_10539,pay_101303,User Abandoned,BAD_REQUEST_ABANDONED,True
fail_10540,pay_104281,Insufficient Funds,INSUFFICIENT_FUNDS,True
fail_10541,pay_103029,Insufficient Funds,INSUFFICIENT_FUNDS,True
fail_10542,pay_104405,Network Timeout,GATEWAY_TIMEOUT,True
fail_10543,pay_102445,Insufficient Funds,INSUFFICIENT_FUNDS,True
fail_10544,pay_102060,Insufficient Funds,INSUFFICIENT_FUNDS,True
fail_10545,pay_104333,Network Timeout,GATEWAY_TIMEOUT,True
fail_10546,pay_100578,Network Timeout,GATEWAY_TIMEOUT,True
fail_10547,pay_100363,Network Timeout,GATEWAY_TIMEOUT,True
fail_10548,pay_100047,Network Timeout,GATEWAY_TIMEOUT,True
fail_10549,pay_102299,Insufficient Funds,INSUFFICIENT_FUNDS,True
fail_10550,pay_103819,Gateway Error,GATEWAY_INTERNAL_ERROR,True
fail_10551,pay_104807,Network Timeout,GATEWAY_TIMEOUT,True
fail_10552,pay_102041,Insufficient Funds,INSUFFICIENT_FUNDS,True
fail_10553,pay_102470,Network Timeout,GATEWAY_TIMEOUT,True
fail_10554,pay_100388,Insufficient Funds,INSUFFICIENT_FUNDS,True
fail_10555,pay_103794,Insufficient Funds,INSUFFICIENT_FUNDS,True
fail_10556,pay_104862,Gateway Error,GATEWAY_INTERNAL_ERROR,True
fail_10557,pay_100357,User Abandoned,BAD_REQUEST_ABANDONED,True
fail_10558,pay_100361,Insufficient Funds,INSUFFICIENT_FUNDS,True
fail_10559,pay_101388,Gateway Error,GATEWAY_INTERNAL_ERROR,True
fail_10560,pay_102451,Insufficient Funds,INSUFFICIENT_FUNDS,True
fail_10561,pay_103161,Insufficient Funds,INSUFFICIENT_FUNDS,True
fail_10562,pay_101605,Gateway Error,GATEWAY_INTERNAL_ERROR,True
fail_10563,pay_101691,Bank Declined,BANK_DECLINED_TRANSACTION,False
fail_10564,pay_103125,Insufficient Funds,INSUFFICIENT_FUNDS,True
fail_10565,pay_104716,Gateway Error,GATEWAY_INTERNAL_ERROR,True
fail_10566,pay_100564,Gateway Error,GATEWAY_INTERNAL_ERROR,True
fail_10567,pay_104468,Bank Declined,BANK_DECLINED_TRANSACTION,False
fail_10568,pay_104700,Insufficient Funds,INSUFFICIENT_FUNDS,True
fail_10569,pay_102497,OTP Failed,OTP_AUTHENTICATION_FAILED,True
fail_10570,pay_101911,OTP Failed,OTP_AUTHENTICATION_FAILED,True
fail_10571,pay_103505,Gateway Error,GATEWAY_INTERNAL_ERROR,True
fail_10572,pay_104573,Bank Declined,BANK_DECLINED_TRANSACTION,False
fail_10573,pay_100034,OTP Failed,OTP_AUTHENTICATION_FAILED,True
fail_10574,pay_101751,Bank Declined,BANK_DECLINED_TRANSACTION,False
fail_10575,pay_101374,Insufficient Funds,INSUFFICIENT_FUNDS,True
fail_10576,pay_102090,OTP Failed,OTP_AUTHENTICATION_FAILED,True
fail_10577,pay_101323,Network Timeout,GATEWAY_TIMEOUT,True
fail_10578,pay_101003,Gateway Error,GATEWAY_INTERNAL_ERROR,True
fail_10579,pay_104712,Insufficient Funds,INSUFFICIENT_FUNDS,True
fail_10580,pay_100374,OTP Failed,OTP_AUTHENTICATION_FAILED,True
fail_10581,pay_104727,Gateway Error,GATEWAY_INTERNAL_ERROR,True
fail_10582,pay_103473,User Abandoned,BAD_REQUEST_ABANDONED,True
fail_10583,pay_104011,Insufficient Funds,INSUFFICIENT_FUNDS,True
fail_10584,pay_102239,Network Timeout,GATEWAY_TIMEOUT,True
fail_10585,pay_102756,Insufficient Funds,INSUFFICIENT_FUNDS,True
fail_10586,pay_100903,OTP Failed,OTP_AUTHENTICATION_FAILED,True
fail_10587,pay_104989,Network Timeout,GATEWAY_TIMEOUT,True
fail_10588,pay_101814,Bank Declined,BANK_DECLINED_TRANSACTION,False
fail_10589,pay_103427,Network Timeout,GATEWAY_TIMEOUT,True
fail_10590,pay_103238,Gateway Error,GATEWAY_INTERNAL_ERROR,True
fail_10591,pay_103045,User Abandoned,BAD_REQUEST_ABANDONED,True
fail_10592,pay_103547,OTP Failed,OTP_AUTHENTICATION_FAILED,True
fail_10593,pay_100516,Network Timeout,GATEWAY_TIMEOUT,True
fail_10594,pay_103580,Network Timeout,GATEWAY_TIMEOUT,True
fail_10595,pay_103578,Insufficient Funds,INSUFFICIENT_FUNDS,True
fail_10596,pay_101140,Bank Declined,BANK_DECLINED_TRANSACTION,False
fail_10597,pay_101791,Bank Declined,BANK_DECLINED_TRANSACTION,False
fail_10598,pay_102700,Insufficient Funds,INSUFFICIENT_FUNDS,True
fail_10599,pay_104138,Insufficient Funds,INSUFFICIENT_FUNDS,True
fail_10600,pay_102650,Gateway Error,GATEWAY_INTERNAL_ERROR,True
fail_10601,pay_101370,Bank Declined,BANK_DECLINED_TRANSACTION,False
fail_10602,pay_101633,Bank Declined,BANK_DECLINED_TRANSACTION,False
fail_10603,pay_101712,Bank Declined,BANK_DECLINED_TRANSACTION,False
fail_10604,pay_104329,Bank Declined,BANK_DECLINED_TRANSACTION,False
fail_10605,pay_104864,Insufficient Funds,INSUFFICIENT_FUNDS,True
fail_10606,pay_100811,User Abandoned,BAD_REQUEST_ABANDONED,True
fail_10607,pay_101892,Bank Declined,BANK_DECLINED_TRANSACTION,False
fail_10608,pay_102303,Bank Declined,BANK_DECLINED_TRANSACTION,False
fail_10609,pay_101200,Network Timeout,GATEWAY_TIMEOUT,True
fail_10610,pay_102651,Insufficient Funds,INSUFFICIENT_FUNDS,True
fail_10611,pay_101715,Bank Declined,BANK_DECLINED_TRANSACTION,False
fail_10612,pay_102677,Bank Declined,BANK_DECLINED_TRANSACTION,False
fail_10613,pay_102000,Bank Declined,BANK_DECLINED_TRANSACTION,False
fail_10614,pay_100780,OTP Failed,OTP_AUTHENTICATION_FAILED,True
fail_10615,pay_102226,Network Timeout,GATEWAY_TIMEOUT,True
fail_10616,pay_103357,Bank Declined,BANK_DECLINED_TRANSACTION,False
fail_10617,pay_101823,Insufficient Funds,INSUFFICIENT_FUNDS,True
fail_10618,pay_104471,Gateway Error,GATEWAY_INTERNAL_ERROR,True
fail_10619,pay_103417,Bank Declined,BANK_DECLINED_TRANSACTION,False
fail_10620,pay_102385,Network Timeout,GATEWAY_TIMEOUT,True
fail_10621,pay_100557,OTP Failed,OTP_AUTHENTICATION_FAILED,True
fail_10622,pay_101244,Bank Declined,BANK_DECLINED_TRANSACTION,False
fail_10623,pay_102141,Gateway Error,GATEWAY_INTERNAL_ERROR,True
fail_10624,pay_101897,User Abandoned,BAD_REQUEST_ABANDONED,True
fail_10625,pay_100395,User Abandoned,BAD_REQUEST_ABANDONED,True
fail_10626,pay_102709,Insufficient Funds,INSUFFICIENT_FUNDS,True
fail_10627,pay_101407,User Abandoned,BAD_REQUEST_ABANDONED,True
fail_10628,pay_101942,Insufficient Funds,INSUFFICIENT_FUNDS,True
fail_10629,pay_101657,Bank Declined,BANK_DECLINED_TRANSACTION,False
fail_10630,pay_104921,Network Timeout,GATEWAY_TIMEOUT,True
fail_10631,pay_103904,User Abandoned,BAD_REQUEST_ABANDONED,True
fail_10632,pay_102389,Gateway Error,GATEWAY_INTERNAL_ERROR,True
fail_10633,pay_103159,Insufficient Funds,INSUFFICIENT_FUNDS,True
fail_10634,pay_100920,Bank Declined,BANK_DECLINED_TRANSACTION,False
fail_10635,pay_104816,Bank Declined,BANK_DECLINED_TRANSACTION,False
fail_10636,pay_104425,OTP Failed,OTP_AUTHENTICATION_FAILED,True
fail_10637,pay_104608,Bank Declined,BANK_DECLINED_TRANSACTION,False
fail_10638,pay_104753,OTP Failed,OTP_AUTHENTICATION_FAILED,True
fail_10639,pay_102755,Bank Declined,BANK_DECLINED_TRANSACTION,False
fail_10640,pay_102796,User Abandoned,BAD_REQUEST_ABANDONED,True
fail_10641,pay_102878,User Abandoned,BAD_REQUEST_ABANDONED,True
fail_10642,pay_102104,Network Timeout,GATEWAY_TIMEOUT,True
fail_10643,pay_103840,Gateway Error,GATEWAY_INTERNAL_ERROR,True
fail_10644,pay_104539,OTP Failed,OTP_AUTHENTICATION_FAILED,True
fail_10645,pay_104478,Gateway Error,GATEWAY_INTERNAL_ERROR,True
fail_10646,pay_104549,User Abandoned,BAD_REQUEST_ABANDONED,True
fail_10647,pay_101022,Network Timeout,GATEWAY_TIMEOUT,True
fail_10648,pay_104673,User Abandoned,BAD_REQUEST_ABANDONED,True
fail_10649,pay_100491,Bank Declined,BANK_DECLINED_TRANSACTION,False
fail_10650,pay_100503,User Abandoned,BAD_REQUEST_ABANDONED,True
fail_10651,pay_103339,Gateway Error,GATEWAY_INTERNAL_ERROR,True
fail_10652,pay_102817,Bank Declined,BANK_DECLINED_TRANSACTION,False
fail_10653,pay_103119,Network Timeout,GATEWAY_TIMEOUT,True
fail_10654,pay_103462,Insufficient Funds,INSUFFICIENT_FUNDS,True
fail_10655,pay_101213,Network Timeout,GATEWAY_TIMEOUT,True
fail_10656,pay_103469,Bank Declined,BANK_DECLINED_TRANSACTION,False
fail_10657,pay_101324,Bank Declined,BANK_DECLINED_TRANSACTION,False
fail_10658,pay_102557,User Abandoned,BAD_REQUEST_ABANDONED,True
fail_10659,pay_101733,Network Timeout,GATEWAY_TIMEOUT,True
fail_10660,pay_101279,Gateway Error,GATEWAY_INTERNAL_ERROR,True
fail_10661,pay_103455,Insufficient Funds,INSUFFICIENT_FUNDS,True
fail_10662,pay_104748,Bank Declined,BANK_DECLINED_TRANSACTION,False
fail_10663,pay_103872,User Abandoned,BAD_REQUEST_ABANDONED,True
fail_10664,pay_103880,Insufficient Funds,INSUFFICIENT_FUNDS,True
fail_10665,pay_100426,Gateway Error,GATEWAY_INTERNAL_ERROR,True
fail_10666,pay_102905,Bank Declined,BANK_DECLINED_TRANSACTION,False
fail_10667,pay_101520,Gateway Error,GATEWAY_INTERNAL_ERROR,True
fail_10668,pay_104943,Network Timeout,GATEWAY_TIMEOUT,True
fail_10669,pay_100828,Insufficient Funds,INSUFFICIENT_FUNDS,True
fail_10670,pay_101508,Gateway Error,GATEWAY_INTERNAL_ERROR,True
fail_10671,pay_102600,Gateway Error,GATEWAY_INTERNAL_ERROR,True
fail_10672,pay_102902,Network Timeout,GATEWAY_TIMEOUT,True
fail_10673,pay_101485,OTP Failed,OTP_AUTHENTICATION_FAILED,True
fail_10674,pay_102846,OTP Failed,OTP_AUTHENTICATION_FAILED,True
fail_10675,pay_104148,Insufficient Funds,INSUFFICIENT_FUNDS,True
fail_10676,pay_104693,Network Timeout,GATEWAY_TIMEOUT,True
fail_10677,pay_101588,Gateway Error,GATEWAY_INTERNAL_ERROR,True
fail_10678,pay_103263,Insufficient Funds,INSUFFICIENT_FUNDS,True
fail_10679,pay_101734,Gateway Error,GATEWAY_INTERNAL_ERROR,True
fail_10680,pay_104332,User Abandoned,BAD_REQUEST_ABANDONED,True
fail_10681,pay_101418,Insufficient Funds,INSUFFICIENT_FUNDS,True
fail_10682,pay_100667,User Abandoned,BAD_REQUEST_ABANDONED,True
fail_10683,pay_102331,Insufficient Funds,INSUFFICIENT_FUNDS,True
fail_10684,pay_103106,Network Timeout,GATEWAY_TIMEOUT,True
fail_10685,pay_102197,Network Timeout,GATEWAY_TIMEOUT,True
fail_10686,pay_102097,User Abandoned,BAD_REQUEST_ABANDONED,True
fail_10687,pay_102868,OTP Failed,OTP_AUTHENTICATION_FAILED,True
fail_10688,pay_104557,Network Timeout,GATEWAY_TIMEOUT,True
fail_10689,pay_102481,Insufficient Funds,INSUFFICIENT_FUNDS,True
fail_10690,pay_103731,Network Timeout,GATEWAY_TIMEOUT,True
fail_10691,pay_101246,User Abandoned,BAD_REQUEST_ABANDONED,True
fail_10692,pay_103961,Bank Declined,BANK_DECLINED_TRANSACTION,False
fail_10693,pay_104141,User Abandoned,BAD_REQUEST_ABANDONED,True
fail_10694,pay_104450,User Abandoned,BAD_REQUEST_ABANDONED,True
fail_10695,pay_101705,Insufficient Funds,INSUFFICIENT_FUNDS,True
fail_10696,pay_100005,Insufficient Funds,INSUFFICIENT_FUNDS,True
fail_10697,pay_103338,Gateway Error,GATEWAY_INTERNAL_ERROR,True
fail_10698,pay_100036,Insufficient Funds,INSUFFICIENT_FUNDS,True
fail_10699,pay_101291,Bank Declined,BANK_DECLINED_TRANSACTION,False
fail_10700,pay_103984,Gateway Error,GATEWAY_INTERNAL_ERROR,True
fail_10701,pay_103378,Insufficient Funds,INSUFFICIENT_FUNDS,True
fail_10702,pay_100609,User Abandoned,BAD_REQUEST_ABANDONED,True
fail_10703,pay_104311,User Abandoned,BAD_REQUEST_ABANDONED,True
fail_10704,pay_102152,Insufficient Funds,INSUFFICIENT_FUNDS,True
fail_10705,pay_101041,Insufficient Funds,INSUFFICIENT_FUNDS,True
fail_10706,pay_100231,Gateway Error,GATEWAY_INTERNAL_ERROR,True
fail_10707,pay_103577,Network Timeout,GATEWAY_TIMEOUT,True
fail_10708,pay_102993,Network Timeout,GATEWAY_TIMEOUT,True
fail_10709,pay_100150,Bank Declined,BANK_DECLINED_TRANSACTION,False
fail_10710,pay_101346,Bank Declined,BANK_DECLINED_TRANSACTION,False
fail_10711,pay_102671,Insufficient Funds,INSUFFICIENT_FUNDS,True
fail_10712,pay_104147,Bank Declined,BANK_DECLINED_TRANSACTION,False
fail_10713,pay_104970,Bank Declined,BANK_DECLINED_TRANSACTION,False
fail_10714,pay_101559,Bank Declined,BANK_DECLINED_TRANSACTION,False
fail_10715,pay_100124,Gateway Error,GATEWAY_INTERNAL_ERROR,True
fail_10716,pay_101400,Bank Declined,BANK_DECLINED_TRANSACTION,False
fail_10717,pay_100834,Network Timeout,GATEWAY_TIMEOUT,True
fail_10718,pay_104066,Bank Declined,BANK_DECLINED_TRANSACTION,False
fail_10719,pay_100642,OTP Failed,OTP_AUTHENTICATION_FAILED,True
fail_10720,pay_101126,Gateway Error,GATEWAY_INTERNAL_ERROR,True
fail_10721,pay_102149,OTP Failed,OTP_AUTHENTICATION_FAILED,True
fail_10722,pay_102376,Insufficient Funds,INSUFFICIENT_FUNDS,True
fail_10723,pay_104703,Gateway Error,GATEWAY_INTERNAL_ERROR,True
fail_10724,pay_101313,Network Timeout,GATEWAY_TIMEOUT,True
fail_10725,pay_100145,OTP Failed,OTP_AUTHENTICATION_FAILED,True
fail_10726,pay_101551,OTP Failed,OTP_AUTHENTICATION_FAILED,True
fail_10727,pay_101309,Insufficient Funds,INSUFFICIENT_FUNDS,True
fail_10728,pay_104183,Gateway Error,GATEWAY_INTERNAL_ERROR,True
fail_10729,pay_102511,User Abandoned,BAD_REQUEST_ABANDONED,True
fail_10730,pay_102639,Gateway Error,GATEWAY_INTERNAL_ERROR,True
fail_10731,pay_101149,Network Timeout,GATEWAY_TIMEOUT,True
fail_10732,pay_101464,Network Timeout,GATEWAY_TIMEOUT,True
fail_10733,pay_101855,Gateway Error,GATEWAY_INTERNAL_ERROR,True
fail_10734,pay_103965,OTP Failed,OTP_AUTHENTICATION_FAILED,True
fail_10735,pay_104318,OTP Failed,OTP_AUTHENTICATION_FAILED,True
fail_10736,pay_102672,Network Timeout,GATEWAY_TIMEOUT,True
fail_10737,pay_101895,Gateway Error,GATEWAY_INTERNAL_ERROR,True
fail_10738,pay_100559,Insufficient Funds,INSUFFICIENT_FUNDS,True
fail_10739,pay_100881,Insufficient Funds,INSUFFICIENT_FUNDS,True
fail_10740,pay_103331,User Abandoned,BAD_REQUEST_ABANDONED,True
fail_10741,pay_102654,Gateway Error,GATEWAY_INTERNAL_ERROR,True
fail_10742,pay_102318,Insufficient Funds,INSUFFICIENT_FUNDS,True
fail_10743,pay_104838,Bank Declined,BANK_DECLINED_TRANSACTION,False
fail_10744,pay_104896,Network Timeout,GATEWAY_TIMEOUT,True
fail_10745,pay_100779,Gateway Error,GATEWAY_INTERNAL_ERROR,True
fail_10746,pay_104326,Network Timeout,GATEWAY_TIMEOUT,True
fail_10747,pay_104474,OTP Failed,OTP_AUTHENTICATION_FAILED,True
fail_10748,pay_103777,OTP Failed,OTP_AUTHENTICATION_FAILED,True
fail_10749,pay_101157,User Abandoned,BAD_REQUEST_ABANDONED,True
fail_10750,pay_101006,Insufficient Funds,INSUFFICIENT_FUNDS,True
fail_10751,pay_103917,Bank Declined,BANK_DECLINED_TRANSACTION,False
fail_10752,pay_100296,Insufficient Funds,INSUFFICIENT_FUNDS,True
fail_10753,pay_103709,OTP Failed,OTP_AUTHENTICATION_FAILED,True
fail_10754,pay_101547,Bank Declined,BANK_DECLINED_TRANSACTION,False
fail_10755,pay_102918,Network Timeout,GATEWAY_TIMEOUT,True
fail_10756,pay_100855,Bank Declined,BANK_DECLINED_TRANSACTION,False
fail_10757,pay_104780,Bank Declined,BANK_DECLINED_TRANSACTION,False
fail_10758,pay_103935,Bank Declined,BANK_DECLINED_TRANSACTION,False
fail_10759,pay_103805,Insufficient Funds,INSUFFICIENT_FUNDS,True
fail_10760,pay_100649,Network Timeout,GATEWAY_TIMEOUT,True
fail_10761,pay_103333,Bank Declined,BANK_DECLINED_TRANSACTION,False
fail_10762,pay_101162,Bank Declined,BANK_DECLINED_TRANSACTION,False
fail_10763,pay_101862,Insufficient Funds,INSUFFICIENT_FUNDS,True
fail_10764,pay_103155,Gateway Error,GATEWAY_INTERNAL_ERROR,True
fail_10765,pay_104761,User Abandoned,BAD_REQUEST_ABANDONED,True
fail_10766,pay_102148,Bank Declined,BANK_DECLINED_TRANSACTION,False
fail_10767,pay_101656,Network Timeout,GATEWAY_TIMEOUT,True
fail_10768,pay_102620,Bank Declined,BANK_DECLINED_TRANSACTION,False
fail_10769,pay_100476,User Abandoned,BAD_REQUEST_ABANDONED,True
fail_10770,pay_104056,Network Timeout,GATEWAY_TIMEOUT,True
fail_10771,pay_103315,Bank Declined,BANK_DECLINED_TRANSACTION,False
fail_10772,pay_100774,Gateway Error,GATEWAY_INTERNAL_ERROR,True
fail_10773,pay_101883,Gateway Error,GATEWAY_INTERNAL_ERROR,True
fail_10774,pay_100864,Network Timeout,GATEWAY_TIMEOUT,True
fail_10775,pay_102035,Bank Declined,BANK_DECLINED_TRANSACTION,False
fail_10776,pay_104856,OTP Failed,OTP_AUTHENTICATION_FAILED,True
fail_10777,pay_101843,OTP Failed,OTP_AUTHENTICATION_FAILED,True
fail_10778,pay_100360,Network Timeout,GATEWAY_TIMEOUT,True
fail_10779,pay_103997,Gateway Error,GATEWAY_INTERNAL_ERROR,True
fail_10780,pay_103628,Insufficient Funds,INSUFFICIENT_FUNDS,True
fail_10781,pay_101598,Bank Declined,BANK_DECLINED_TRANSACTION,False
fail_10782,pay_100722,Insufficient Funds,INSUFFICIENT_FUNDS,True
fail_10783,pay_101143,Insufficient Funds,INSUFFICIENT_FUNDS,True
fail_10784,pay_104784,OTP Failed,OTP_AUTHENTICATION_FAILED,True
fail_10785,pay_104279,Insufficient Funds,INSUFFICIENT_FUNDS,True
fail_10786,pay_104918,Insufficient Funds,INSUFFICIENT_FUNDS,True
fail_10787,pay_102438,Network Timeout,GATEWAY_TIMEOUT,True
fail_10788,pay_101125,Gateway Error,GATEWAY_INTERNAL_ERROR,True
fail_10789,pay_100589,Network Timeout,GATEWAY_TIMEOUT,True
fail_10790,pay_102167,User Abandoned,BAD_REQUEST_ABANDONED,True
fail_10791,pay_101092,Bank Declined,BANK_DECLINED_TRANSACTION,False
fail_10792,pay_104001,Bank Declined,BANK_DECLINED_TRANSACTION,False
fail_10793,pay_104107,Insufficient Funds,INSUFFICIENT_FUNDS,True
fail_10794,pay_104640,Insufficient Funds,INSUFFICIENT_FUNDS,True
fail_10795,pay_104547,Insufficient Funds,INSUFFICIENT_FUNDS,True
fail_10796,pay_102825,OTP Failed,OTP_AUTHENTICATION_FAILED,True
fail_10797,pay_101023,OTP Failed,OTP_AUTHENTICATION_FAILED,True
fail_10798,pay_103571,Gateway Error,GATEWAY_INTERNAL_ERROR,True
fail_10799,pay_100092,Bank Declined,BANK_DECLINED_TRANSACTION,False
fail_10800,pay_103458,Network Timeout,GATEWAY_TIMEOUT,True
fail_10801,pay_101499,Bank Declined,BANK_DECLINED_TRANSACTION,False
fail_10802,pay_103230,Network Timeout,GATEWAY_TIMEOUT,True
fail_10803,pay_100512,OTP Failed,OTP_AUTHENTICATION_FAILED,True
fail_10804,pay_100458,Gateway Error,GATEWAY_INTERNAL_ERROR,True
fail_10805,pay_101124,User Abandoned,BAD_REQUEST_ABANDONED,True
fail_10806,pay_102456,Network Timeout,GATEWAY_TIMEOUT,True
fail_10807,pay_100962,Bank Declined,BANK_DECLINED_TRANSACTION,False
fail_10808,pay_102450,Insufficient Funds,INSUFFICIENT_FUNDS,True
fail_10809,pay_101960,Insufficient Funds,INSUFFICIENT_FUNDS,True
fail_10810,pay_100018,OTP Failed,OTP_AUTHENTICATION_FAILED,True
fail_10811,pay_101968,Bank Declined,BANK_DECLINED_TRANSACTION,False
fail_10812,pay_102207,OTP Failed,OTP_AUTHENTICATION_FAILED,True
fail_10813,pay_101658,OTP Failed,OTP_AUTHENTICATION_FAILED,True
fail_10814,pay_101085,Insufficient Funds,INSUFFICIENT_FUNDS,True
fail_10815,pay_100867,Network Timeout,GATEWAY_TIMEOUT,True
fail_10816,pay_104890,Network Timeout,GATEWAY_TIMEOUT,True
fail_10817,pay_104365,Network Timeout,GATEWAY_TIMEOUT,True
fail_10818,pay_104846,Gateway Error,GATEWAY_INTERNAL_ERROR,True
fail_10819,pay_102703,OTP Failed,OTP_AUTHENTICATION_FAILED,True
fail_10820,pay_102783,Network Timeout,GATEWAY_TIMEOUT,True
fail_10821,pay_101015,Insufficient Funds,INSUFFICIENT_FUNDS,True
fail_10822,pay_104942,Insufficient Funds,INSUFFICIENT_FUNDS,True
fail_10823,pay_100588,Network Timeout,GATEWAY_TIMEOUT,True
fail_10824,pay_103506,OTP Failed,OTP_AUTHENTICATION_FAILED,True
fail_10825,pay_100815,User Abandoned,BAD_REQUEST_ABANDONED,True
fail_10826,pay_103147,Gateway Error,GATEWAY_INTERNAL_ERROR,True
fail_10827,pay_104972,User Abandoned,BAD_REQUEST_ABANDONED,True
fail_10828,pay_103050,Insufficient Funds,INSUFFICIENT_FUNDS,True
fail_10829,pay_101079,Bank Declined,BANK_DECLINED_TRANSACTION,False
fail_10830,pay_101649,Gateway Error,GATEWAY_INTERNAL_ERROR,True
fail_10831,pay_104482,Insufficient Funds,INSUFFICIENT_FUNDS,True
fail_10832,pay_104695,Network Timeout,GATEWAY_TIMEOUT,True
fail_10833,pay_101096,User Abandoned,BAD_REQUEST_ABANDONED,True
fail_10834,pay_101864,OTP Failed,OTP_AUTHENTICATION_FAILED,True
fail_10835,pay_103229,Network Timeout,GATEWAY_TIMEOUT,True
fail_10836,pay_102862,Gateway Error,GATEWAY_INTERNAL_ERROR,True
fail_10837,pay_102789,Bank Declined,BANK_DECLINED_TRANSACTION,False
fail_10838,pay_101932,Gateway Error,GATEWAY_INTERNAL_ERROR,True
fail_10839,pay_103189,User Abandoned,BAD_REQUEST_ABANDONED,True
fail_10840,pay_104538,Insufficient Funds,INSUFFICIENT_FUNDS,True
fail_10841,pay_104072,Network Timeout,GATEWAY_TIMEOUT,True
fail_10842,pay_100610,OTP Failed,OTP_AUTHENTICATION_FAILED,True
fail_10843,pay_100581,Bank Declined,BANK_DECLINED_TRANSACTION,False
fail_10844,pay_100100,Network Timeout,GATEWAY_TIMEOUT,True
fail_10845,pay_100083,Insufficient Funds,INSUFFICIENT_FUNDS,True
fail_10846,pay_103739,Network Timeout,GATEWAY_TIMEOUT,True
fail_10847,pay_104674,Insufficient Funds,INSUFFICIENT_FUNDS,True
fail_10848,pay_103624,Insufficient Funds,INSUFFICIENT_FUNDS,True
fail_10849,pay_102245,Insufficient Funds,INSUFFICIENT_FUNDS,True
fail_10850,pay_100089,Insufficient Funds,INSUFFICIENT_FUNDS,True
fail_10851,pay_103126,Insufficient Funds,INSUFFICIENT_FUNDS,True
fail_10852,pay_102285,Bank Declined,BANK_DECLINED_TRANSACTION,False
fail_10853,pay_104660,Insufficient Funds,INSUFFICIENT_FUNDS,True
fail_10854,pay_103380,OTP Failed,OTP_AUTHENTICATION_FAILED,True
fail_10855,pay_100387,Network Timeout,GATEWAY_TIMEOUT,True
fail_10856,pay_100544,Network Timeout,GATEWAY_TIMEOUT,True
fail_10857,pay_104721,Network Timeout,GATEWAY_TIMEOUT,True
fail_10858,pay_102454,Network Timeout,GATEWAY_TIMEOUT,True
fail_10859,pay_102821,OTP Failed,OTP_AUTHENTICATION_FAILED,True
fail_10860,pay_100333,Insufficient Funds,INSUFFICIENT_FUNDS,True
fail_10861,pay_103629,Network Timeout,GATEWAY_TIMEOUT,True
fail_10862,pay_100481,Insufficient Funds,INSUFFICIENT_FUNDS,True
fail_10863,pay_103439,Bank Declined,BANK_DECLINED_TRANSACTION,False
fail_10864,pay_103066,Bank Declined,BANK_DECLINED_TRANSACTION,False
fail_10865,pay_101970,Bank Declined,BANK_DECLINED_TRANSACTION,False
fail_10866,pay_102405,Gateway Error,GATEWAY_INTERNAL_ERROR,True
fail_10867,pay_104861,Insufficient Funds,INSUFFICIENT_FUNDS,True
fail_10868,pay_100552,Bank Declined,BANK_DECLINED_TRANSACTION,False
fail_10869,pay_103522,Insufficient Funds,INSUFFICIENT_FUNDS,True
fail_10870,pay_100037,Insufficient Funds,INSUFFICIENT_FUNDS,True
fail_10871,pay_104734,Insufficient Funds,INSUFFICIENT_FUNDS,True
fail_10872,pay_104933,Gateway Error,GATEWAY_INTERNAL_ERROR,True
fail_10873,pay_101986,Network Timeout,GATEWAY_TIMEOUT,True
fail_10874,pay_102080,OTP Failed,OTP_AUTHENTICATION_FAILED,True
fail_10875,pay_103539,OTP Failed,OTP_AUTHENTICATION_FAILED,True
fail_10876,pay_101039,Bank Declined,BANK_DECLINED_TRANSACTION,False
fail_10877,pay_102609,Insufficient Funds,INSUFFICIENT_FUNDS,True
fail_10878,pay_104665,Network Timeout,GATEWAY_TIMEOUT,True
fail_10879,pay_102423,Bank Declined,BANK_DECLINED_TRANSACTION,False
fail_10880,pay_104622,Insufficient Funds,INSUFFICIENT_FUNDS,True
fail_10881,pay_100301,OTP Failed,OTP_AUTHENTICATION_FAILED,True
fail_10882,pay_101602,Gateway Error,GATEWAY_INTERNAL_ERROR,True
fail_10883,pay_100432,OTP Failed,OTP_AUTHENTICATION_FAILED,True
fail_10884,pay_100604,Bank Declined,BANK_DECLINED_TRANSACTION,False
fail_10885,pay_103520,Bank Declined,BANK_DECLINED_TRANSACTION,False
fail_10886,pay_100793,Gateway Error,GATEWAY_INTERNAL_ERROR,True
fail_10887,pay_104222,Gateway Error,GATEWAY_INTERNAL_ERROR,True
fail_10888,pay_101922,Gateway Error,GATEWAY_INTERNAL_ERROR,True
fail_10889,pay_100523,Network Timeout,GATEWAY_TIMEOUT,True
fail_10890,pay_104636,Insufficient Funds,INSUFFICIENT_FUNDS,True
fail_10891,pay_103889,Network Timeout,GATEWAY_TIMEOUT,True
fail_10892,pay_104242,Insufficient Funds,INSUFFICIENT_FUNDS,True
fail_10893,pay_104355,Network Timeout,GATEWAY_TIMEOUT,True
fail_10894,pay_101586,Bank Declined,BANK_DECLINED_TRANSACTION,False
fail_10895,pay_102325,User Abandoned,BAD_REQUEST_ABANDONED,True
fail_10896,pay_102371,Network Timeout,GATEWAY_TIMEOUT,True
fail_10897,pay_102333,Bank Declined,BANK_DECLINED_TRANSACTION,False
fail_10898,pay_100027,Network Timeout,GATEWAY_TIMEOUT,True
fail_10899,pay_101263,Network Timeout,GATEWAY_TIMEOUT,True
fail_10900,pay_102944,OTP Failed,OTP_AUTHENTICATION_FAILED,True
fail_10901,pay_102983,OTP Failed,OTP_AUTHENTICATION_FAILED,True
fail_10902,pay_103168,Network Timeout,GATEWAY_TIMEOUT,True
fail_10903,pay_101024,Bank Declined,BANK_DECLINED_TRANSACTION,False
fail_10904,pay_100148,Network Timeout,GATEWAY_TIMEOUT,True
fail_10905,pay_101230,Network Timeout,GATEWAY_TIMEOUT,True
fail_10906,pay_102287,Network Timeout,GATEWAY_TIMEOUT,True
fail_10907,pay_103363,User Abandoned,BAD_REQUEST_ABANDONED,True
fail_10908,pay_103081,Insufficient Funds,INSUFFICIENT_FUNDS,True
fail_10909,pay_100848,Network Timeout,GATEWAY_TIMEOUT,True
fail_10910,pay_102515,Insufficient Funds,INSUFFICIENT_FUNDS,True
fail_10911,pay_100866,Network Timeout,GATEWAY_TIMEOUT,True
fail_10912,pay_104997,Bank Declined,BANK_DECLINED_TRANSACTION,False
fail_10913,pay_102337,Insufficient Funds,INSUFFICIENT_FUNDS,True
fail_10914,pay_101963,Network Timeout,GATEWAY_TIMEOUT,True
fail_10915,pay_102872,User Abandoned,BAD_REQUEST_ABANDONED,True
fail_10916,pay_103454,Network Timeout,GATEWAY_TIMEOUT,True
fail_10917,pay_104373,Network Timeout,GATEWAY_TIMEOUT,True
fail_10918,pay_100740,Bank Declined,BANK_DECLINED_TRANSACTION,False
fail_10919,pay_101964,Bank Declined,BANK_DECLINED_TRANSACTION,False
fail_10920,pay_100513,Insufficient Funds,INSUFFICIENT_FUNDS,True
fail_10921,pay_101842,Bank Declined,BANK_DECLINED_TRANSACTION,False
fail_10922,pay_101534,Bank Declined,BANK_DECLINED_TRANSACTION,False
fail_10923,pay_102195,User Abandoned,BAD_REQUEST_ABANDONED,True
fail_10924,pay_104391,Network Timeout,GATEWAY_TIMEOUT,True
fail_10925,pay_104969,Insufficient Funds,INSUFFICIENT_FUNDS,True
fail_10926,pay_103077,User Abandoned,BAD_REQUEST_ABANDONED,True
fail_10927,pay_101425,Bank Declined,BANK_DECLINED_TRANSACTION,False
fail_10928,pay_103207,Gateway Error,GATEWAY_INTERNAL_ERROR,True
fail_10929,pay_103400,Insufficient Funds,INSUFFICIENT_FUNDS,True
fail_10930,pay_100165,Gateway Error,GATEWAY_INTERNAL_ERROR,True
fail_10931,pay_100884,OTP Failed,OTP_AUTHENTICATION_FAILED,True
fail_10932,pay_101573,Insufficient Funds,INSUFFICIENT_FUNDS,True
fail_10933,pay_102158,Network Timeout,GATEWAY_TIMEOUT,True
fail_10934,pay_103009,User Abandoned,BAD_REQUEST_ABANDONED,True
fail_10935,pay_103197,Network Timeout,GATEWAY_TIMEOUT,True
fail_10936,pay_103507,Insufficient Funds,INSUFFICIENT_FUNDS,True
fail_10937,pay_102683,Network Timeout,GATEWAY_TIMEOUT,True
fail_10938,pay_103867,Network Timeout,GATEWAY_TIMEOUT,True
fail_10939,pay_104053,Network Timeout,GATEWAY_TIMEOUT,True
fail_10940,pay_103245,User Abandoned,BAD_REQUEST_ABANDONED,True
fail_10941,pay_102160,Network Timeout,GATEWAY_TIMEOUT,True
fail_10942,pay_101218,Gateway Error,GATEWAY_INTERNAL_ERROR,True
fail_10943,pay_102747,Bank Declined,BANK_DECLINED_TRANSACTION,False
fail_10944,pay_100226,Gateway Error,GATEWAY_INTERNAL_ERROR,True
fail_10945,pay_100836,Gateway Error,GATEWAY_INTERNAL_ERROR,True
fail_10946,pay_103832,Insufficient Funds,INSUFFICIENT_FUNDS,True
fail_10947,pay_100335,OTP Failed,OTP_AUTHENTICATION_FAILED,True
fail_10948,pay_101000,Insufficient Funds,INSUFFICIENT_FUNDS,True
fail_10949,pay_102934,Bank Declined,BANK_DECLINED_TRANSACTION,False
fail_10950,pay_103768,Insufficient Funds,INSUFFICIENT_FUNDS,True
fail_10951,pay_100290,Gateway Error,GATEWAY_INTERNAL_ERROR,True
fail_10952,pay_101333,User Abandoned,BAD_REQUEST_ABANDONED,True
fail_10953,pay_103712,Bank Declined,BANK_DECLINED_TRANSACTION,False
fail_10954,pay_104205,User Abandoned,BAD_REQUEST_ABANDONED,True
fail_10955,pay_104752,OTP Failed,OTP_AUTHENTICATION_FAILED,True
fail_10956,pay_104287,OTP Failed,OTP_AUTHENTICATION_FAILED,True
fail_10957,pay_102531,Gateway Error,GATEWAY_INTERNAL_ERROR,True
fail_10958,pay_104809,Network Timeout,GATEWAY_TIMEOUT,True
fail_10959,pay_103802,Bank Declined,BANK_DECLINED_TRANSACTION,False
fail_10960,pay_102544,Insufficient Funds,INSUFFICIENT_FUNDS,True
fail_10961,pay_101748,OTP Failed,OTP_AUTHENTICATION_FAILED,True
fail_10962,pay_102092,Gateway Error,GATEWAY_INTERNAL_ERROR,True
fail_10963,pay_100102,Insufficient Funds,INSUFFICIENT_FUNDS,True
fail_10964,pay_100091,OTP Failed,OTP_AUTHENTICATION_FAILED,True
fail_10965,pay_100653,OTP Failed,OTP_AUTHENTICATION_FAILED,True
fail_10966,pay_100471,User Abandoned,BAD_REQUEST_ABANDONED,True
fail_10967,pay_100427,Gateway Error,GATEWAY_INTERNAL_ERROR,True
fail_10968,pay_100550,Network Timeout,GATEWAY_TIMEOUT,True
fail_10969,pay_104308,Gateway Error,GATEWAY_INTERNAL_ERROR,True
fail_10970,pay_103299,User Abandoned,BAD_REQUEST_ABANDONED,True
fail_10971,pay_101198,Bank Declined,BANK_DECLINED_TRANSACTION,False
fail_10972,pay_103817,Insufficient Funds,INSUFFICIENT_FUNDS,True
fail_10973,pay_104975,User Abandoned,BAD_REQUEST_ABANDONED,True
fail_10974,pay_103036,User Abandoned,BAD_REQUEST_ABANDONED,True
fail_10975,pay_103056,Bank Declined,BANK_DECLINED_TRANSACTION,False
fail_10976,pay_102570,Bank Declined,BANK_DECLINED_TRANSACTION,False
fail_10977,pay_100595,Bank Declined,BANK_DECLINED_TRANSACTION,False
fail_10978,pay_101259,Insufficient Funds,INSUFFICIENT_FUNDS,True
fail_10979,pay_101086,Bank Declined,BANK_DECLINED_TRANSACTION,False
fail_10980,pay_100851,Gateway Error,GATEWAY_INTERNAL_ERROR,True
fail_10981,pay_102295,Bank Declined,BANK_DECLINED_TRANSACTION,False
fail_10982,pay_104974,Insufficient Funds,INSUFFICIENT_FUNDS,True
fail_10983,pay_102534,Gateway Error,GATEWAY_INTERNAL_ERROR,True
fail_10984,pay_100859,Network Timeout,GATEWAY_TIMEOUT,True
fail_10985,pay_102982,Gateway Error,GATEWAY_INTERNAL_ERROR,True
fail_10986,pay_102496,Bank Declined,BANK_DECLINED_TRANSACTION,False
fail_10987,pay_104004,Insufficient Funds,INSUFFICIENT_FUNDS,True
fail_10988,pay_100590,Bank Declined,BANK_DECLINED_TRANSACTION,False
fail_10989,pay_100685,Insufficient Funds,INSUFFICIENT_FUNDS,True
fail_10990,pay_101283,Network Timeout,GATEWAY_TIMEOUT,True
fail_10991,pay_102566,Bank Declined,BANK_DECLINED_TRANSACTION,False
fail_10992,pay_102901,Insufficient Funds,INSUFFICIENT_FUNDS,True
fail_10993,pay_104524,Gateway Error,GATEWAY_INTERNAL_ERROR,True
fail_10994,pay_101011,User Abandoned,BAD_REQUEST_ABANDONED,True
fail_10995,pay_103570,User Abandoned,BAD_REQUEST_ABANDONED,True
fail_10996,pay_104307,User Abandoned,BAD_REQUEST_ABANDONED,True
fail_10997,pay_101577,OTP Failed,OTP_AUTHENTICATION_FAILED,True
fail_10998,pay_104466,Network Timeout,GATEWAY_TIMEOUT,True
fail_10999,pay_100715,Network Timeout,GATEWAY_TIMEOUT,True
fail_11000,pay_103480,Network Timeout,GATEWAY_TIMEOUT,True
fail_11001,pay_104270,User Abandoned,BAD_REQUEST_ABANDONED,True
fail_11002,pay_102556,OTP Failed,OTP_AUTHENTICATION_FAILED,True
fail_11003,pay_104908,Insufficient Funds,INSUFFICIENT_FUNDS,True
fail_11004,pay_103751,Network Timeout,GATEWAY_TIMEOUT,True
fail_11005,pay_103384,User Abandoned,BAD_REQUEST_ABANDONED,True
fail_11006,pay_101735,Bank Declined,BANK_DECLINED_TRANSACTION,False
fail_11007,pay_102004,OTP Failed,OTP_AUTHENTICATION_FAILED,True
fail_11008,pay_102205,Gateway Error,GATEWAY_INTERNAL_ERROR,True
fail_11009,pay_100483,Insufficient Funds,INSUFFICIENT_FUNDS,True
fail_11010,pay_100104,OTP Failed,OTP_AUTHENTICATION_FAILED,True
fail_11011,pay_103392,Gateway Error,GATEWAY_INTERNAL_ERROR,True
fail_11012,pay_103563,Network Timeout,GATEWAY_TIMEOUT,True
fail_11013,pay_102898,Network Timeout,GATEWAY_TIMEOUT,True
fail_11014,pay_102256,OTP Failed,OTP_AUTHENTICATION_FAILED,True
fail_11015,pay_101683,Gateway Error,GATEWAY_INTERNAL_ERROR,True
fail_11016,pay_103295,Gateway Error,GATEWAY_INTERNAL_ERROR,True
fail_11017,pay_102831,OTP Failed,OTP_AUTHENTICATION_FAILED,True
fail_11018,pay_100070,Insufficient Funds,INSUFFICIENT_FUNDS,True
fail_11019,pay_104711,User Abandoned,BAD_REQUEST_ABANDONED,True
fail_11020,pay_103482,User Abandoned,BAD_REQUEST_ABANDONED,True
fail_11021,pay_100744,Network Timeout,GATEWAY_TIMEOUT,True
fail_11022,pay_103395,Bank Declined,BANK_DECLINED_TRANSACTION,False
fail_11023,pay_100691,Network Timeout,GATEWAY_TIMEOUT,True
fail_11024,pay_100134,OTP Failed,OTP_AUTHENTICATION_FAILED,True
fail_11025,pay_102701,Insufficient Funds,INSUFFICIENT_FUNDS,True
fail_11026,pay_102546,Insufficient Funds,INSUFFICIENT_FUNDS,True
fail_11027,pay_101979,Insufficient Funds,INSUFFICIENT_FUNDS,True
fail_11028,pay_101132,Insufficient Funds,INSUFFICIENT_FUNDS,True
fail_11029,pay_101616,Network Timeout,GATEWAY_TIMEOUT,True
fail_11030,pay_104098,Gateway Error,GATEWAY_INTERNAL_ERROR,True
fail_11031,pay_101985,Network Timeout,GATEWAY_TIMEOUT,True
fail_11032,pay_104515,Insufficient Funds,INSUFFICIENT_FUNDS,True
fail_11033,pay_101253,Insufficient Funds,INSUFFICIENT_FUNDS,True
fail_11034,pay_100260,Gateway Error,GATEWAY_INTERNAL_ERROR,True
fail_11035,pay_102800,Insufficient Funds,INSUFFICIENT_FUNDS,True
fail_11036,pay_103153,Gateway Error,GATEWAY_INTERNAL_ERROR,True
fail_11037,pay_100558,OTP Failed,OTP_AUTHENTICATION_FAILED,True
fail_11038,pay_100638,Network Timeout,GATEWAY_TIMEOUT,True
fail_11039,pay_104803,Insufficient Funds,INSUFFICIENT_FUNDS,True
fail_11040,pay_101413,Bank Declined,BANK_DECLINED_TRANSACTION,False
fail_11041,pay_102670,Insufficient Funds,INSUFFICIENT_FUNDS,True
fail_11042,pay_103129,Insufficient Funds,INSUFFICIENT_FUNDS,True
fail_11043,pay_102808,Insufficient Funds,INSUFFICIENT_FUNDS,True
fail_11044,pay_102235,Insufficient Funds,INSUFFICIENT_FUNDS,True
fail_11045,pay_102724,User Abandoned,BAD_REQUEST_ABANDONED,True
fail_11046,pay_104907,Bank Declined,BANK_DECLINED_TRANSACTION,False
fail_11047,pay_101460,Network Timeout,GATEWAY_TIMEOUT,True
fail_11048,pay_103914,Insufficient Funds,INSUFFICIENT_FUNDS,True
fail_11049,pay_100212,Network Timeout,GATEWAY_TIMEOUT,True
fail_11050,pay_104124,Gateway Error,GATEWAY_INTERNAL_ERROR,True
fail_11051,pay_103421,Network Timeout,GATEWAY_TIMEOUT,True
fail_11052,pay_102008,Bank Declined,BANK_DECLINED_TRANSACTION,False
fail_11053,pay_101429,Network Timeout,GATEWAY_TIMEOUT,True
fail_11054,pay_104083,Network Timeout,GATEWAY_TIMEOUT,True
fail_11055,pay_103054,Insufficient Funds,INSUFFICIENT_FUNDS,True
fail_11056,pay_102283,OTP Failed,OTP_AUTHENTICATION_FAILED,True
fail_11057,pay_100989,Network Timeout,GATEWAY_TIMEOUT,True
fail_11058,pay_103381,Gateway Error,GATEWAY_INTERNAL_ERROR,True
fail_11059,pay_100105,Bank Declined,BANK_DECLINED_TRANSACTION,False
fail_11060,pay_100248,Network Timeout,GATEWAY_TIMEOUT,True
fail_11061,pay_103322,Network Timeout,GATEWAY_TIMEOUT,True
fail_11062,pay_102647,Insufficient Funds,INSUFFICIENT_FUNDS,True
fail_11063,pay_104612,Network Timeout,GATEWAY_TIMEOUT,True
fail_11064,pay_100724,Bank Declined,BANK_DECLINED_TRANSACTION,False
fail_11065,pay_100015,Insufficient Funds,INSUFFICIENT_FUNDS,True
fail_11066,pay_100954,Insufficient Funds,INSUFFICIENT_FUNDS,True
fail_11067,pay_103966,Bank Declined,BANK_DECLINED_TRANSACTION,False
fail_11068,pay_100475,OTP Failed,OTP_AUTHENTICATION_FAILED,True
fail_11069,pay_104361,Gateway Error,GATEWAY_INTERNAL_ERROR,True
fail_11070,pay_100612,Insufficient Funds,INSUFFICIENT_FUNDS,True
fail_11071,pay_100917,Network Timeout,GATEWAY_TIMEOUT,True
fail_11072,pay_100159,Gateway Error,GATEWAY_INTERNAL_ERROR,True
fail_11073,pay_101415,Bank Declined,BANK_DECLINED_TRANSACTION,False
fail_11074,pay_103325,Insufficient Funds,INSUFFICIENT_FUNDS,True
fail_11075,pay_101725,Network Timeout,GATEWAY_TIMEOUT,True
fail_11076,pay_104952,Insufficient Funds,INSUFFICIENT_FUNDS,True
fail_11077,pay_104071,Bank Declined,BANK_DECLINED_TRANSACTION,False
fail_11078,pay_100277,Network Timeout,GATEWAY_TIMEOUT,True
fail_11079,pay_100689,Bank Declined,BANK_DECLINED_TRANSACTION,False
fail_11080,pay_103073,Insufficient Funds,INSUFFICIENT_FUNDS,True
fail_11081,pay_101211,Network Timeout,GATEWAY_TIMEOUT,True
fail_11082,pay_104224,OTP Failed,OTP_AUTHENTICATION_FAILED,True
fail_11083,pay_102987,Network Timeout,GATEWAY_TIMEOUT,True
fail_11084,pay_100024,Gateway Error,GATEWAY_INTERNAL_ERROR,True
fail_11085,pay_100805,User Abandoned,BAD_REQUEST_ABANDONED,True
fail_11086,pay_103564,Gateway Error,GATEWAY_INTERNAL_ERROR,True
fail_11087,pay_103349,Insufficient Funds,INSUFFICIENT_FUNDS,True
fail_11088,pay_101497,Insufficient Funds,INSUFFICIENT_FUNDS,True
fail_11089,pay_100111,Insufficient Funds,INSUFFICIENT_FUNDS,True
fail_11090,pay_100106,Bank Declined,BANK_DECLINED_TRANSACTION,False
fail_11091,pay_102602,Insufficient Funds,INSUFFICIENT_FUNDS,True
fail_11092,pay_100765,User Abandoned,BAD_REQUEST_ABANDONED,True
fail_11093,pay_103428,Bank Declined,BANK_DECLINED_TRANSACTION,False
fail_11094,pay_102857,Gateway Error,GATEWAY_INTERNAL_ERROR,True
fail_11095,pay_100597,Bank Declined,BANK_DECLINED_TRANSACTION,False
fail_11096,pay_101312,Gateway Error,GATEWAY_INTERNAL_ERROR,True
fail_11097,pay_101440,Network Timeout,GATEWAY_TIMEOUT,True
fail_11098,pay_103479,Gateway Error,GATEWAY_INTERNAL_ERROR,True
fail_11099,pay_100601,User Abandoned,BAD_REQUEST_ABANDONED,True
fail_11100,pay_100209,OTP Failed,OTP_AUTHENTICATION_FAILED,True
fail_11101,pay_101730,Bank Declined,BANK_DECLINED_TRANSACTION,False
fail_11102,pay_100049,OTP Failed,OTP_AUTHENTICATION_FAILED,True
fail_11103,pay_102448,Network Timeout,GATEWAY_TIMEOUT,True
fail_11104,pay_103000,Gateway Error,GATEWAY_INTERNAL_ERROR,True
fail_11105,pay_102095,Bank Declined,BANK_DECLINED_TRANSACTION,False
fail_11106,pay_100814,Bank Declined,BANK_DECLINED_TRANSACTION,False
fail_11107,pay_104914,Insufficient Funds,INSUFFICIENT_FUNDS,True
fail_11108,pay_101468,Gateway Error,GATEWAY_INTERNAL_ERROR,True
fail_11109,pay_101913,Gateway Error,GATEWAY_INTERNAL_ERROR,True
fail_11110,pay_101241,Bank Declined,BANK_DECLINED_TRANSACTION,False
fail_11111,pay_100401,Bank Declined,BANK_DECLINED_TRANSACTION,False
fail_11112,pay_103865,OTP Failed,OTP_AUTHENTICATION_FAILED,True
fail_11113,pay_100835,OTP Failed,OTP_AUTHENTICATION_FAILED,True
fail_11114,pay_101610,Network Timeout,GATEWAY_TIMEOUT,True
fail_11115,pay_103223,Gateway Error,GATEWAY_INTERNAL_ERROR,True
fail_11116,pay_103222,Network Timeout,GATEWAY_TIMEOUT,True
fail_11117,pay_101338,Gateway Error,GATEWAY_INTERNAL_ERROR,True
fail_11118,pay_102661,Bank Declined,BANK_DECLINED_TRANSACTION,False
fail_11119,pay_102319,OTP Failed,OTP_AUTHENTICATION_FAILED,True
fail_11120,pay_103543,Gateway Error,GATEWAY_INTERNAL_ERROR,True
fail_11121,pay_102211,Gateway Error,GATEWAY_INTERNAL_ERROR,True
fail_11122,pay_100733,Gateway Error,GATEWAY_INTERNAL_ERROR,True
fail_11123,pay_103386,OTP Failed,OTP_AUTHENTICATION_FAILED,True
fail_11124,pay_100001,User Abandoned,BAD_REQUEST_ABANDONED,True
fail_11125,pay_104275,OTP Failed,OTP_AUTHENTICATION_FAILED,True
fail_11126,pay_101277,Insufficient Funds,INSUFFICIENT_FUNDS,True
fail_11127,pay_102446,Insufficient Funds,INSUFFICIENT_FUNDS,True
fail_11128,pay_101557,Network Timeout,GATEWAY_TIMEOUT,True
fail_11129,pay_102574,Gateway Error,GATEWAY_INTERNAL_ERROR,True
fail_11130,pay_104973,Insufficient Funds,INSUFFICIENT_FUNDS,True
fail_11131,pay_101824,Network Timeout,GATEWAY_TIMEOUT,True
fail_11132,pay_101869,Bank Declined,BANK_DECLINED_TRANSACTION,False
fail_11133,pay_101690,Network Timeout,GATEWAY_TIMEOUT,True
fail_11134,pay_101057,Insufficient Funds,INSUFFICIENT_FUNDS,True
fail_11135,pay_100369,Insufficient Funds,INSUFFICIENT_FUNDS,True
fail_11136,pay_100863,Network Timeout,GATEWAY_TIMEOUT,True
fail_11137,pay_104503,User Abandoned,BAD_REQUEST_ABANDONED,True
fail_11138,pay_103225,Insufficient Funds,INSUFFICIENT_FUNDS,True
fail_11139,pay_103846,Insufficient Funds,INSUFFICIENT_FUNDS,True
fail_11140,pay_100172,OTP Failed,OTP_AUTHENTICATION_FAILED,True
fail_11141,pay_104428,User Abandoned,BAD_REQUEST_ABANDONED,True
fail_11142,pay_103626,Network Timeout,GATEWAY_TIMEOUT,True
fail_11143,pay_102921,Insufficient Funds,INSUFFICIENT_FUNDS,True
fail_11144,pay_101060,User Abandoned,BAD_REQUEST_ABANDONED,True
fail_11145,pay_103156,Network Timeout,GATEWAY_TIMEOUT,True
fail_11146,pay_102994,Gateway Error,GATEWAY_INTERNAL_ERROR,True
fail_11147,pay_100644,Gateway Error,GATEWAY_INTERNAL_ERROR,True
fail_11148,pay_104305,Insufficient Funds,INSUFFICIENT_FUNDS,True
fail_11149,pay_103431,Network Timeout,GATEWAY_TIMEOUT,True
fail_11150,pay_100910,Network Timeout,GATEWAY_TIMEOUT,True
fail_11151,pay_104297,Gateway Error,GATEWAY_INTERNAL_ERROR,True
fail_11152,pay_104082,Bank Declined,BANK_DECLINED_TRANSACTION,False
fail_11153,pay_103677,Network Timeout,GATEWAY_TIMEOUT,True
fail_11154,pay_103202,Network Timeout,GATEWAY_TIMEOUT,True
fail_11155,pay_102120,Bank Declined,BANK_DECLINED_TRANSACTION,False
fail_11156,pay_101774,Bank Declined,BANK_DECLINED_TRANSACTION,False
fail_11157,pay_100319,Network Timeout,GATEWAY_TIMEOUT,True
fail_11158,pay_101147,Insufficient Funds,INSUFFICIENT_FUNDS,True
fail_11159,pay_104708,Bank Declined,BANK_DECLINED_TRANSACTION,False
fail_11160,pay_100088,Insufficient Funds,INSUFFICIENT_FUNDS,True
fail_11161,pay_102936,Insufficient Funds,INSUFFICIENT_FUNDS,True
fail_11162,pay_103246,Gateway Error,GATEWAY_INTERNAL_ERROR,True
fail_11163,pay_104348,Network Timeout,GATEWAY_TIMEOUT,True
fail_11164,pay_104285,Insufficient Funds,INSUFFICIENT_FUNDS,True
fail_11165,pay_100656,Gateway Error,GATEWAY_INTERNAL_ERROR,True
fail_11166,pay_100422,Gateway Error,GATEWAY_INTERNAL_ERROR,True
fail_11167,pay_104746,Network Timeout,GATEWAY_TIMEOUT,True
fail_11168,pay_102106,Bank Declined,BANK_DECLINED_TRANSACTION,False
fail_11169,pay_103186,Network Timeout,GATEWAY_TIMEOUT,True
fail_11170,pay_104845,Bank Declined,BANK_DECLINED_TRANSACTION,False
fail_11171,pay_100488,Bank Declined,BANK_DECLINED_TRANSACTION,False
fail_11172,pay_100127,Bank Declined,BANK_DECLINED_TRANSACTION,False
fail_11173,pay_103581,Insufficient Funds,INSUFFICIENT_FUNDS,True
fail_11174,pay_102173,Network Timeout,GATEWAY_TIMEOUT,True
fail_11175,pay_104052,Bank Declined,BANK_DECLINED_TRANSACTION,False
fail_11176,pay_101821,Bank Declined,BANK_DECLINED_TRANSACTION,False
fail_11177,pay_104277,OTP Failed,OTP_AUTHENTICATION_FAILED,True
fail_11178,pay_100206,User Abandoned,BAD_REQUEST_ABANDONED,True
fail_11179,pay_102842,OTP Failed,OTP_AUTHENTICATION_FAILED,True
fail_11180,pay_104575,Network Timeout,GATEWAY_TIMEOUT,True
fail_11181,pay_104288,Gateway Error,GATEWAY_INTERNAL_ERROR,True
fail_11182,pay_100713,OTP Failed,OTP_AUTHENTICATION_FAILED,True
fail_11183,pay_104635,Network Timeout,GATEWAY_TIMEOUT,True
fail_11184,pay_104422,Insufficient Funds,INSUFFICIENT_FUNDS,True
fail_11185,pay_104079,Bank Declined,BANK_DECLINED_TRANSACTION,False
fail_11186,pay_103144,Gateway Error,GATEWAY_INTERNAL_ERROR,True
fail_11187,pay_104732,Network Timeout,GATEWAY_TIMEOUT,True
fail_11188,pay_101670,Insufficient Funds,INSUFFICIENT_FUNDS,True
fail_11189,pay_102280,Gateway Error,GATEWAY_INTERNAL_ERROR,True
fail_11190,pay_103111,Insufficient Funds,INSUFFICIENT_FUNDS,True
fail_11191,pay_102942,Network Timeout,GATEWAY_TIMEOUT,True
fail_11192,pay_104840,Bank Declined,BANK_DECLINED_TRANSACTION,False
fail_11193,pay_103905,Insufficient Funds,INSUFFICIENT_FUNDS,True
fail_11194,pay_101133,Bank Declined,BANK_DECLINED_TRANSACTION,False
fail_11195,pay_101274,Insufficient Funds,INSUFFICIENT_FUNDS,True
fail_11196,pay_102175,Network Timeout,GATEWAY_TIMEOUT,True
fail_11197,pay_100741,User Abandoned,BAD_REQUEST_ABANDONED,True
fail_11198,pay_104771,Network Timeout,GATEWAY_TIMEOUT,True
fail_11199,pay_104628,Bank Declined,BANK_DECLINED_TRANSACTION,False
fail_11200,pay_102782,User Abandoned,BAD_REQUEST_ABANDONED,True
fail_11201,pay_101203,Bank Declined,BANK_DECLINED_TRANSACTION,False
fail_11202,pay_100013,Bank Declined,BANK_DECLINED_TRANSACTION,False
fail_11203,pay_103047,Insufficient Funds,INSUFFICIENT_FUNDS,True
fail_11204,pay_103633,Network Timeout,GATEWAY_TIMEOUT,True
fail_11205,pay_103132,OTP Failed,OTP_AUTHENTICATION_FAILED,True
fail_11206,pay_103345,Gateway Error,GATEWAY_INTERNAL_ERROR,True
fail_11207,pay_101867,Gateway Error,GATEWAY_INTERNAL_ERROR,True
fail_11208,pay_100050,Insufficient Funds,INSUFFICIENT_FUNDS,True
fail_11209,pay_102364,OTP Failed,OTP_AUTHENTICATION_FAILED,True
fail_11210,pay_103699,Insufficient Funds,INSUFFICIENT_FUNDS,True
fail_11211,pay_101300,Network Timeout,GATEWAY_TIMEOUT,True
fail_11212,pay_104042,OTP Failed,OTP_AUTHENTICATION_FAILED,True
fail_11213,pay_103783,User Abandoned,BAD_REQUEST_ABANDONED,True
fail_11214,pay_104238,OTP Failed,OTP_AUTHENTICATION_FAILED,True
fail_11215,pay_101673,Network Timeout,GATEWAY_TIMEOUT,True
fail_11216,pay_100233,Bank Declined,BANK_DECLINED_TRANSACTION,False
fail_11217,pay_102604,Insufficient Funds,INSUFFICIENT_FUNDS,True
fail_11218,pay_102421,Bank Declined,BANK_DECLINED_TRANSACTION,False
fail_11219,pay_100041,Network Timeout,GATEWAY_TIMEOUT,True
fail_11220,pay_100246,Network Timeout,GATEWAY_TIMEOUT,True
fail_11221,pay_104859,Insufficient Funds,INSUFFICIENT_FUNDS,True
fail_11222,pay_104336,Network Timeout,GATEWAY_TIMEOUT,True
fail_11223,pay_104898,Bank Declined,BANK_DECLINED_TRANSACTION,False
fail_11224,pay_104064,OTP Failed,OTP_AUTHENTICATION_FAILED,True
fail_11225,pay_104603,Bank Declined,BANK_DECLINED_TRANSACTION,False
fail_11226,pay_101072,Gateway Error,GATEWAY_INTERNAL_ERROR,True
fail_11227,pay_104263,Bank Declined,BANK_DECLINED_TRANSACTION,False
fail_11228,pay_103707,Network Timeout,GATEWAY_TIMEOUT,True
fail_11229,pay_104783,Insufficient Funds,INSUFFICIENT_FUNDS,True
fail_11230,pay_104879,Insufficient Funds,INSUFFICIENT_FUNDS,True
fail_11231,pay_102605,Bank Declined,BANK_DECLINED_TRANSACTION,False
fail_11232,pay_101097,Bank Declined,BANK_DECLINED_TRANSACTION,False
fail_11233,pay_103568,Network Timeout,GATEWAY_TIMEOUT,True
fail_11234,pay_102428,Bank Declined,BANK_DECLINED_TRANSACTION,False
fail_11235,pay_104545,OTP Failed,OTP_AUTHENTICATION_FAILED,True
fail_11236,pay_103281,Insufficient Funds,INSUFFICIENT_FUNDS,True
fail_11237,pay_103990,OTP Failed,OTP_AUTHENTICATION_FAILED,True
fail_11238,pay_102513,Gateway Error,GATEWAY_INTERNAL_ERROR,True
fail_11239,pay_101994,User Abandoned,BAD_REQUEST_ABANDONED,True
fail_11240,pay_103991,OTP Failed,OTP_AUTHENTICATION_FAILED,True
fail_11241,pay_101789,User Abandoned,BAD_REQUEST_ABANDONED,True
fail_11242,pay_100492,Insufficient Funds,INSUFFICIENT_FUNDS,True
fail_11243,pay_104805,User Abandoned,BAD_REQUEST_ABANDONED,True
fail_11244,pay_102502,Network Timeout,GATEWAY_TIMEOUT,True
fail_11245,pay_101064,Insufficient Funds,INSUFFICIENT_FUNDS,True
fail_11246,pay_103584,Network Timeout,GATEWAY_TIMEOUT,True
fail_11247,pay_102347,User Abandoned,BAD_REQUEST_ABANDONED,True
fail_11248,pay_104314,OTP Failed,OTP_AUTHENTICATION_FAILED,True
fail_11249,pay_101377,Network Timeout,GATEWAY_TIMEOUT,True
fail_11250,pay_103095,Gateway Error,GATEWAY_INTERNAL_ERROR,True
fail_11251,pay_101666,Bank Declined,BANK_DECLINED_TRANSACTION,False
fail_11252,pay_102361,Gateway Error,GATEWAY_INTERNAL_ERROR,True
fail_11253,pay_104533,User Abandoned,BAD_REQUEST_ABANDONED,True
fail_11254,pay_103614,Gateway Error,GATEWAY_INTERNAL_ERROR,True
fail_11255,pay_102098,User Abandoned,BAD_REQUEST_ABANDONED,True
fail_11256,pay_103052,Gateway Error,GATEWAY_INTERNAL_ERROR,True
fail_11257,pay_102048,OTP Failed,OTP_AUTHENTICATION_FAILED,True
fail_11258,pay_104844,Gateway Error,GATEWAY_INTERNAL_ERROR,True
fail_11259,pay_101983,Gateway Error,GATEWAY_INTERNAL_ERROR,True
fail_11260,pay_103722,Insufficient Funds,INSUFFICIENT_FUNDS,True
fail_11261,pay_104558,User Abandoned,BAD_REQUEST_ABANDONED,True
fail_11262,pay_102351,Bank Declined,BANK_DECLINED_TRANSACTION,False
fail_11263,pay_103456,Bank Declined,BANK_DECLINED_TRANSACTION,False
fail_11264,pay_101233,Insufficient Funds,INSUFFICIENT_FUNDS,True
fail_11265,pay_102043,Network Timeout,GATEWAY_TIMEOUT,True
fail_11266,pay_103465,Gateway Error,GATEWAY_INTERNAL_ERROR,True
fail_11267,pay_103365,Gateway Error,GATEWAY_INTERNAL_ERROR,True
fail_11268,pay_100894,Bank Declined,BANK_DECLINED_TRANSACTION,False
fail_11269,pay_103767,Insufficient Funds,INSUFFICIENT_FUNDS,True
fail_11270,pay_103166,Insufficient Funds,INSUFFICIENT_FUNDS,True
fail_11271,pay_102293,Insufficient Funds,INSUFFICIENT_FUNDS,True
fail_11272,pay_100462,OTP Failed,OTP_AUTHENTICATION_FAILED,True
fail_11273,pay_104469,OTP Failed,OTP_AUTHENTICATION_FAILED,True
fail_11274,pay_100359,Gateway Error,GATEWAY_INTERNAL_ERROR,True
fail_11275,pay_103075,User Abandoned,BAD_REQUEST_ABANDONED,True
fail_11276,pay_104777,User Abandoned,BAD_REQUEST_ABANDONED,True
fail_11277,pay_102986,Network Timeout,GATEWAY_TIMEOUT,True
fail_11278,pay_103027,OTP Failed,OTP_AUTHENTICATION_FAILED,True
fail_11279,pay_104201,Bank Declined,BANK_DECLINED_TRANSACTION,False
fail_11280,pay_101898,User Abandoned,BAD_REQUEST_ABANDONED,True
fail_11281,pay_103251,User Abandoned,BAD_REQUEST_ABANDONED,True
fail_11282,pay_100377,Gateway Error,GATEWAY_INTERNAL_ERROR,True
fail_11283,pay_100390,Bank Declined,BANK_DECLINED_TRANSACTION,False
fail_11284,pay_104996,Insufficient Funds,INSUFFICIENT_FUNDS,True
fail_11285,pay_102324,OTP Failed,OTP_AUTHENTICATION_FAILED,True
fail_11286,pay_103182,Insufficient Funds,INSUFFICIENT_FUNDS,True
fail_11287,pay_102042,Insufficient Funds,INSUFFICIENT_FUNDS,True
fail_11288,pay_104814,Gateway Error,GATEWAY_INTERNAL_ERROR,True
fail_11289,pay_103471,Insufficient Funds,INSUFFICIENT_FUNDS,True
fail_11290,pay_102402,OTP Failed,OTP_AUTHENTICATION_FAILED,True
fail_11291,pay_100511,Network Timeout,GATEWAY_TIMEOUT,True
fail_11292,pay_104646,Network Timeout,GATEWAY_TIMEOUT,True
fail_11293,pay_102124,Bank Declined,BANK_DECLINED_TRANSACTION,False
fail_11294,pay_100877,User Abandoned,BAD_REQUEST_ABANDONED,True
fail_11295,pay_103019,Insufficient Funds,INSUFFICIENT_FUNDS,True
fail_11296,pay_102171,Bank Declined,BANK_DECLINED_TRANSACTION,False
fail_11297,pay_100061,Network Timeout,GATEWAY_TIMEOUT,True
fail_11298,pay_103361,User Abandoned,BAD_REQUEST_ABANDONED,True
fail_11299,pay_103493,User Abandoned,BAD_REQUEST_ABANDONED,True
fail_11300,pay_101512,Gateway Error,GATEWAY_INTERNAL_ERROR,True
fail_11301,pay_101741,OTP Failed,OTP_AUTHENTICATION_FAILED,True
fail_11302,pay_101138,Network Timeout,GATEWAY_TIMEOUT,True
fail_11303,pay_100058,OTP Failed,OTP_AUTHENTICATION_FAILED,True
fail_11304,pay_102637,Bank Declined,BANK_DECLINED_TRANSACTION,False
fail_11305,pay_101844,OTP Failed,OTP_AUTHENTICATION_FAILED,True
fail_11306,pay_103625,Gateway Error,GATEWAY_INTERNAL_ERROR,True
fail_11307,pay_101035,Network Timeout,GATEWAY_TIMEOUT,True
fail_11308,pay_101393,Network Timeout,GATEWAY_TIMEOUT,True
fail_11309,pay_101721,Insufficient Funds,INSUFFICIENT_FUNDS,True
fail_11310,pay_101965,Network Timeout,GATEWAY_TIMEOUT,True
fail_11311,pay_102114,OTP Failed,OTP_AUTHENTICATION_FAILED,True
fail_11312,pay_104192,Insufficient Funds,INSUFFICIENT_FUNDS,True
fail_11313,pay_103262,Bank Declined,BANK_DECLINED_TRANSACTION,False
fail_11314,pay_104338,Gateway Error,GATEWAY_INTERNAL_ERROR,True
fail_11315,pay_103848,Bank Declined,BANK_DECLINED_TRANSACTION,False
fail_11316,pay_103194,Insufficient Funds,INSUFFICIENT_FUNDS,True
fail_11317,pay_101280,Bank Declined,BANK_DECLINED_TRANSACTION,False
fail_11318,pay_103929,Bank Declined,BANK_DECLINED_TRANSACTION,False
fail_11319,pay_101860,OTP Failed,OTP_AUTHENTICATION_FAILED,True
fail_11320,pay_101281,Bank Declined,BANK_DECLINED_TRANSACTION,False
fail_11321,pay_101448,Gateway Error,GATEWAY_INTERNAL_ERROR,True
fail_11322,pay_104306,Insufficient Funds,INSUFFICIENT_FUNDS,True
fail_11323,pay_100602,Network Timeout,GATEWAY_TIMEOUT,True
fail_11324,pay_100431,Gateway Error,GATEWAY_INTERNAL_ERROR,True
fail_11325,pay_102057,Gateway Error,GATEWAY_INTERNAL_ERROR,True
fail_11326,pay_101601,Insufficient Funds,INSUFFICIENT_FUNDS,True
fail_11327,pay_103266,Bank Declined,BANK_DECLINED_TRANSACTION,False
fail_11328,pay_100804,Network Timeout,GATEWAY_TIMEOUT,True
fail_11329,pay_100738,Gateway Error,GATEWAY_INTERNAL_ERROR,True
fail_11330,pay_100470,OTP Failed,OTP_AUTHENTICATION_FAILED,True
fail_11331,pay_104068,Network Timeout,GATEWAY_TIMEOUT,True
fail_11332,pay_102343,Gateway Error,GATEWAY_INTERNAL_ERROR,True
fail_11333,pay_103228,User Abandoned,BAD_REQUEST_ABANDONED,True
fail_11334,pay_103649,Insufficient Funds,INSUFFICIENT_FUNDS,True
fail_11335,pay_104444,OTP Failed,OTP_AUTHENTICATION_FAILED,True
fail_11336,pay_100756,Gateway Error,GATEWAY_INTERNAL_ERROR,True
fail_11337,pay_104090,Insufficient Funds,INSUFFICIENT_FUNDS,True
fail_11338,pay_100214,Gateway Error,GATEWAY_INTERNAL_ERROR,True
fail_11339,pay_100630,Insufficient Funds,INSUFFICIENT_FUNDS,True
fail_11340,pay_101001,OTP Failed,OTP_AUTHENTICATION_FAILED,True
fail_11341,pay_100376,Gateway Error,GATEWAY_INTERNAL_ERROR,True
fail_11342,pay_103387,Insufficient Funds,INSUFFICIENT_FUNDS,True
fail_11343,pay_103013,OTP Failed,OTP_AUTHENTICATION_FAILED,True
fail_11344,pay_100556,Network Timeout,GATEWAY_TIMEOUT,True
fail_11345,pay_101590,Insufficient Funds,INSUFFICIENT_FUNDS,True
fail_11346,pay_104668,Bank Declined,BANK_DECLINED_TRANSACTION,False
fail_11347,pay_100012,Insufficient Funds,INSUFFICIENT_FUNDS,True
fail_11348,pay_101859,User Abandoned,BAD_REQUEST_ABANDONED,True
fail_11349,pay_104704,Gateway Error,GATEWAY_INTERNAL_ERROR,True
fail_11350,pay_103540,User Abandoned,BAD_REQUEST_ABANDONED,True
fail_11351,pay_102056,User Abandoned,BAD_REQUEST_ABANDONED,True
fail_11352,pay_100661,Insufficient Funds,INSUFFICIENT_FUNDS,True
fail_11353,pay_102399,Insufficient Funds,INSUFFICIENT_FUNDS,True
fail_11354,pay_103472,User Abandoned,BAD_REQUEST_ABANDONED,True
fail_11355,pay_100885,Insufficient Funds,INSUFFICIENT_FUNDS,True
fail_11356,pay_101348,Insufficient Funds,INSUFFICIENT_FUNDS,True
fail_11357,pay_101572,Gateway Error,GATEWAY_INTERNAL_ERROR,True
fail_11358,pay_103957,Bank Declined,BANK_DECLINED_TRANSACTION,False
fail_11359,pay_104931,Bank Declined,BANK_DECLINED_TRANSACTION,False
fail_11360,pay_102964,Insufficient Funds,INSUFFICIENT_FUNDS,True
fail_11361,pay_103850,Network Timeout,GATEWAY_TIMEOUT,True
fail_11362,pay_101231,Insufficient Funds,INSUFFICIENT_FUNDS,True
fail_11363,pay_101008,Bank Declined,BANK_DECLINED_TRANSACTION,False
fail_11364,pay_104278,User Abandoned,BAD_REQUEST_ABANDONED,True
fail_11365,pay_103679,Network Timeout,GATEWAY_TIMEOUT,True
fail_11366,pay_101713,Insufficient Funds,INSUFFICIENT_FUNDS,True
fail_11367,pay_103945,Network Timeout,GATEWAY_TIMEOUT,True
fail_11368,pay_102086,Insufficient Funds,INSUFFICIENT_FUNDS,True
fail_11369,pay_101217,Gateway Error,GATEWAY_INTERNAL_ERROR,True
fail_11370,pay_103030,User Abandoned,BAD_REQUEST_ABANDONED,True
fail_11371,pay_103998,Insufficient Funds,INSUFFICIENT_FUNDS,True
fail_11372,pay_101723,User Abandoned,BAD_REQUEST_ABANDONED,True
fail_11373,pay_101032,Network Timeout,GATEWAY_TIMEOUT,True
fail_11374,pay_102572,Network Timeout,GATEWAY_TIMEOUT,True
fail_11375,pay_104132,Gateway Error,GATEWAY_INTERNAL_ERROR,True
fail_11376,pay_100736,OTP Failed,OTP_AUTHENTICATION_FAILED,True
fail_11377,pay_102708,Network Timeout,GATEWAY_TIMEOUT,True
fail_11378,pay_100316,Gateway Error,GATEWAY_INTERNAL_ERROR,True
fail_11379,pay_103279,Insufficient Funds,INSUFFICIENT_FUNDS,True
fail_11380,pay_100759,Network Timeout,GATEWAY_TIMEOUT,True
fail_11381,pay_103933,OTP Failed,OTP_AUTHENTICATION_FAILED,True
fail_11382,pay_102690,OTP Failed,OTP_AUTHENTICATION_FAILED,True
fail_11383,pay_104599,Insufficient Funds,INSUFFICIENT_FUNDS,True
fail_11384,pay_100730,Gateway Error,GATEWAY_INTERNAL_ERROR,True
fail_11385,pay_103244,Insufficient Funds,INSUFFICIENT_FUNDS,True
fail_11386,pay_104593,User Abandoned,BAD_REQUEST_ABANDONED,True
fail_11387,pay_103353,Network Timeout,GATEWAY_TIMEOUT,True
fail_11388,pay_103952,Insufficient Funds,INSUFFICIENT_FUNDS,True
fail_11389,pay_104685,Bank Declined,BANK_DECLINED_TRANSACTION,False
fail_11390,pay_102267,Insufficient Funds,INSUFFICIENT_FUNDS,True
fail_11391,pay_103046,Network Timeout,GATEWAY_TIMEOUT,True
fail_11392,pay_100712,Bank Declined,BANK_DECLINED_TRANSACTION,False
fail_11393,pay_101784,Gateway Error,GATEWAY_INTERNAL_ERROR,True
fail_11394,pay_104940,Gateway Error,GATEWAY_INTERNAL_ERROR,True
fail_11395,pay_100317,Bank Declined,BANK_DECLINED_TRANSACTION,False
fail_11396,pay_101878,OTP Failed,OTP_AUTHENTICATION_FAILED,True
fail_11397,pay_102017,Insufficient Funds,INSUFFICIENT_FUNDS,True
fail_11398,pay_104140,Gateway Error,GATEWAY_INTERNAL_ERROR,True
fail_11399,pay_104120,Network Timeout,GATEWAY_TIMEOUT,True
fail_11400,pay_100675,OTP Failed,OTP_AUTHENTICATION_FAILED,True
fail_11401,pay_104851,Bank Declined,BANK_DECLINED_TRANSACTION,False
fail_11402,pay_101669,Bank Declined,BANK_DECLINED_TRANSACTION,False
fail_11403,pay_103714,Insufficient Funds,INSUFFICIENT_FUNDS,True
fail_11404,pay_101597,Insufficient Funds,INSUFFICIENT_FUNDS,True
fail_11405,pay_102066,Gateway Error,GATEWAY_INTERNAL_ERROR,True
fail_11406,pay_103835,Bank Declined,BANK_DECLINED_TRANSACTION,False
fail_11407,pay_101136,Network Timeout,GATEWAY_TIMEOUT,True
fail_11408,pay_102858,Gateway Error,GATEWAY_INTERNAL_ERROR,True
fail_11409,pay_102854,Insufficient Funds,INSUFFICIENT_FUNDS,True
fail_11410,pay_104689,OTP Failed,OTP_AUTHENTICATION_FAILED,True
fail_11411,pay_104537,Bank Declined,BANK_DECLINED_TRANSACTION,False
fail_11412,pay_100680,Bank Declined,BANK_DECLINED_TRANSACTION,False
fail_11413,pay_104945,Network Timeout,GATEWAY_TIMEOUT,True
fail_11414,pay_101118,Insufficient Funds,INSUFFICIENT_FUNDS,True
fail_11415,pay_100460,Gateway Error,GATEWAY_INTERNAL_ERROR,True
fail_11416,pay_102597,User Abandoned,BAD_REQUEST_ABANDONED,True
fail_11417,pay_103938,OTP Failed,OTP_AUTHENTICATION_FAILED,True
fail_11418,pay_100792,Gateway Error,GATEWAY_INTERNAL_ERROR,True
fail_11419,pay_100173,Insufficient Funds,INSUFFICIENT_FUNDS,True
fail_11420,pay_102792,Network Timeout,GATEWAY_TIMEOUT,True
fail_11421,pay_103399,Insufficient Funds,INSUFFICIENT_FUNDS,True
fail_11422,pay_100696,Insufficient Funds,INSUFFICIENT_FUNDS,True
fail_11423,pay_102937,Network Timeout,GATEWAY_TIMEOUT,True
fail_11424,pay_103730,Insufficient Funds,INSUFFICIENT_FUNDS,True
fail_11425,pay_101640,Gateway Error,GATEWAY_INTERNAL_ERROR,True
fail_11426,pay_104420,Gateway Error,GATEWAY_INTERNAL_ERROR,True
fail_11427,pay_100224,Gateway Error,GATEWAY_INTERNAL_ERROR,True
fail_11428,pay_103640,Network Timeout,GATEWAY_TIMEOUT,True
fail_11429,pay_100726,Insufficient Funds,INSUFFICIENT_FUNDS,True
fail_11430,pay_104385,Network Timeout,GATEWAY_TIMEOUT,True
fail_11431,pay_101207,OTP Failed,OTP_AUTHENTICATION_FAILED,True
fail_11432,pay_104903,Gateway Error,GATEWAY_INTERNAL_ERROR,True
fail_11433,pay_101902,Gateway Error,GATEWAY_INTERNAL_ERROR,True
fail_11434,pay_100394,User Abandoned,BAD_REQUEST_ABANDONED,True
fail_11435,pay_102063,Network Timeout,GATEWAY_TIMEOUT,True
fail_11436,pay_102968,Network Timeout,GATEWAY_TIMEOUT,True
fail_11437,pay_100235,Bank Declined,BANK_DECLINED_TRANSACTION,False
fail_11438,pay_102984,User Abandoned,BAD_REQUEST_ABANDONED,True
fail_11439,pay_102018,Gateway Error,GATEWAY_INTERNAL_ERROR,True
fail_11440,pay_101749,Bank Declined,BANK_DECLINED_TRANSACTION,False
fail_11441,pay_103092,Network Timeout,GATEWAY_TIMEOUT,True
fail_11442,pay_104863,OTP Failed,OTP_AUTHENTICATION_FAILED,True
fail_11443,pay_104413,OTP Failed,OTP_AUTHENTICATION_FAILED,True
fail_11444,pay_102130,User Abandoned,BAD_REQUEST_ABANDONED,True
fail_11445,pay_100773,User Abandoned,BAD_REQUEST_ABANDONED,True
fail_11446,pay_101674,Insufficient Funds,INSUFFICIENT_FUNDS,True
fail_11447,pay_101331,Network Timeout,GATEWAY_TIMEOUT,True
fail_11448,pay_100014,Network Timeout,GATEWAY_TIMEOUT,True
fail_11449,pay_102980,User Abandoned,BAD_REQUEST_ABANDONED,True
fail_11450,pay_100176,OTP Failed,OTP_AUTHENTICATION_FAILED,True
fail_11451,pay_100211,OTP Failed,OTP_AUTHENTICATION_FAILED,True
fail_11452,pay_104177,OTP Failed,OTP_AUTHENTICATION_FAILED,True
fail_11453,pay_100429,Network Timeout,GATEWAY_TIMEOUT,True
fail_11454,pay_103906,Gateway Error,GATEWAY_INTERNAL_ERROR,True
fail_11455,pay_102940,Network Timeout,GATEWAY_TIMEOUT,True
fail_11456,pay_104164,Bank Declined,BANK_DECLINED_TRANSACTION,False
fail_11457,pay_102352,Insufficient Funds,INSUFFICIENT_FUNDS,True
fail_11458,pay_102294,Insufficient Funds,INSUFFICIENT_FUNDS,True
fail_11459,pay_102054,User Abandoned,BAD_REQUEST_ABANDONED,True
fail_11460,pay_104286,Insufficient Funds,INSUFFICIENT_FUNDS,True
fail_11461,pay_101196,Insufficient Funds,INSUFFICIENT_FUNDS,True
fail_11462,pay_104213,Insufficient Funds,INSUFFICIENT_FUNDS,True
fail_11463,pay_101275,Gateway Error,GATEWAY_INTERNAL_ERROR,True
fail_11464,pay_103150,Insufficient Funds,INSUFFICIENT_FUNDS,True
fail_11465,pay_103553,Bank Declined,BANK_DECLINED_TRANSACTION,False
fail_11466,pay_104418,Bank Declined,BANK_DECLINED_TRANSACTION,False
fail_11467,pay_103445,Insufficient Funds,INSUFFICIENT_FUNDS,True
fail_11468,pay_103869,Bank Declined,BANK_DECLINED_TRANSACTION,False
fail_11469,pay_103855,Insufficient Funds,INSUFFICIENT_FUNDS,True
fail_11470,pay_101076,Insufficient Funds,INSUFFICIENT_FUNDS,True
fail_11471,pay_101521,User Abandoned,BAD_REQUEST_ABANDONED,True
fail_11472,pay_104574,Insufficient Funds,INSUFFICIENT_FUNDS,True
fail_11473,pay_104518,Gateway Error,GATEWAY_INTERNAL_ERROR,True
fail_11474,pay_102244,Gateway Error,GATEWAY_INTERNAL_ERROR,True
fail_11475,pay_102407,OTP Failed,OTP_AUTHENTICATION_FAILED,True
fail_11476,pay_103134,Bank Declined,BANK_DECLINED_TRANSACTION,False
fail_11477,pay_104211,Gateway Error,GATEWAY_INTERNAL_ERROR,True
fail_11478,pay_101893,Network Timeout,GATEWAY_TIMEOUT,True
fail_11479,pay_103489,Network Timeout,GATEWAY_TIMEOUT,True
fail_11480,pay_100891,Insufficient Funds,INSUFFICIENT_FUNDS,True
fail_11481,pay_101316,Insufficient Funds,INSUFFICIENT_FUNDS,True
fail_11482,pay_100905,Network Timeout,GATEWAY_TIMEOUT,True
fail_11483,pay_103680,User Abandoned,BAD_REQUEST_ABANDONED,True
fail_11484,pay_101044,Gateway Error,GATEWAY_INTERNAL_ERROR,True
fail_11485,pay_100540,Network Timeout,GATEWAY_TIMEOUT,True
fail_11486,pay_104554,User Abandoned,BAD_REQUEST_ABANDONED,True
fail_11487,pay_103930,Gateway Error,GATEWAY_INTERNAL_ERROR,True
fail_11488,pay_104583,OTP Failed,OTP_AUTHENTICATION_FAILED,True
fail_11489,pay_103049,Insufficient Funds,INSUFFICIENT_FUNDS,True
fail_11490,pay_102798,Network Timeout,GATEWAY_TIMEOUT,True
fail_11491,pay_101599,Gateway Error,GATEWAY_INTERNAL_ERROR,True
fail_11492,pay_102819,Bank Declined,BANK_DECLINED_TRANSACTION,False
fail_11493,pay_104694,OTP Failed,OTP_AUTHENTICATION_FAILED,True
fail_11494,pay_103064,Network Timeout,GATEWAY_TIMEOUT,True
fail_11495,pay_104156,OTP Failed,OTP_AUTHENTICATION_FAILED,True
fail_11496,pay_101538,Network Timeout,GATEWAY_TIMEOUT,True
fail_11497,pay_101040,Bank Declined,BANK_DECLINED_TRANSACTION,False
fail_11498,pay_102706,Bank Declined,BANK_DECLINED_TRANSACTION,False
fail_11499,pay_102773,Network Timeout,GATEWAY_TIMEOUT,True
fail_11500,pay_101063,Bank Declined,BANK_DECLINED_TRANSACTION,False
fail_11501,pay_104453,Network Timeout,GATEWAY_TIMEOUT,True
fail_11502,pay_100109,Network Timeout,GATEWAY_TIMEOUT,True
fail_11503,pay_103067,Insufficient Funds,INSUFFICIENT_FUNDS,True
fail_11504,pay_103004,Network Timeout,GATEWAY_TIMEOUT,True
fail_11505,pay_102154,Insufficient Funds,INSUFFICIENT_FUNDS,True
fail_11506,pay_102841,Gateway Error,GATEWAY_INTERNAL_ERROR,True
fail_11507,pay_104566,Bank Declined,BANK_DECLINED_TRANSACTION,False
fail_11508,pay_103556,OTP Failed,OTP_AUTHENTICATION_FAILED,True
fail_11509,pay_104532,Bank Declined,BANK_DECLINED_TRANSACTION,False
fail_11510,pay_100222,Insufficient Funds,INSUFFICIENT_FUNDS,True
fail_11511,pay_104567,OTP Failed,OTP_AUTHENTICATION_FAILED,True
fail_11512,pay_101193,Bank Declined,BANK_DECLINED_TRANSACTION,False
fail_11513,pay_103932,OTP Failed,OTP_AUTHENTICATION_FAILED,True
fail_11514,pay_101594,Bank Declined,BANK_DECLINED_TRANSACTION,False
fail_11515,pay_100981,OTP Failed,OTP_AUTHENTICATION_FAILED,True
fail_11516,pay_102119,Bank Declined,BANK_DECLINED_TRANSACTION,False
fail_11517,pay_103104,Network Timeout,GATEWAY_TIMEOUT,True
fail_11518,pay_101347,User Abandoned,BAD_REQUEST_ABANDONED,True
fail_11519,pay_102140,Bank Declined,BANK_DECLINED_TRANSACTION,False
fail_11520,pay_100042,User Abandoned,BAD_REQUEST_ABANDONED,True
fail_11521,pay_100085,Bank Declined,BANK_DECLINED_TRANSACTION,False
fail_11522,pay_102210,Insufficient Funds,INSUFFICIENT_FUNDS,True
fail_11523,pay_100931,Gateway Error,GATEWAY_INTERNAL_ERROR,True
fail_11524,pay_101302,Bank Declined,BANK_DECLINED_TRANSACTION,False
fail_11525,pay_102180,User Abandoned,BAD_REQUEST_ABANDONED,True
fail_11526,pay_100203,Gateway Error,GATEWAY_INTERNAL_ERROR,True
fail_11527,pay_101732,Gateway Error,GATEWAY_INTERNAL_ERROR,True
fail_11528,pay_103220,Network Timeout,GATEWAY_TIMEOUT,True
fail_11529,pay_102500,Bank Declined,BANK_DECLINED_TRANSACTION,False
fail_11530,pay_102374,Insufficient Funds,INSUFFICIENT_FUNDS,True
fail_11531,pay_101471,OTP Failed,OTP_AUTHENTICATION_FAILED,True
fail_11532,pay_104521,Insufficient Funds,INSUFFICIENT_FUNDS,True
fail_11533,pay_100865,Insufficient Funds,INSUFFICIENT_FUNDS,True
fail_11534,pay_104682,Bank Declined,BANK_DECLINED_TRANSACTION,False
fail_11535,pay_100007,Bank Declined,BANK_DECLINED_TRANSACTION,False
fail_11536,pay_104869,Insufficient Funds,INSUFFICIENT_FUNDS,True
fail_11537,pay_100874,Bank Declined,BANK_DECLINED_TRANSACTION,False
fail_11538,pay_100174,Bank Declined,BANK_DECLINED_TRANSACTION,False
fail_11539,pay_102074,OTP Failed,OTP_AUTHENTICATION_FAILED,True
fail_11540,pay_100183,User Abandoned,BAD_REQUEST_ABANDONED,True
fail_11541,pay_104492,Bank Declined,BANK_DECLINED_TRANSACTION,False
fail_11542,pay_104744,Network Timeout,GATEWAY_TIMEOUT,True
fail_11543,pay_103876,Gateway Error,GATEWAY_INTERNAL_ERROR,True
fail_11544,pay_100665,Gateway Error,GATEWAY_INTERNAL_ERROR,True
fail_11545,pay_100421,Bank Declined,BANK_DECLINED_TRANSACTION,False
fail_11546,pay_104590,Bank Declined,BANK_DECLINED_TRANSACTION,False
fail_11547,pay_104759,OTP Failed,OTP_AUTHENTICATION_FAILED,True
fail_11548,pay_103607,Insufficient Funds,INSUFFICIENT_FUNDS,True
fail_11549,pay_101613,Network Timeout,GATEWAY_TIMEOUT,True
fail_11550,pay_103975,Network Timeout,GATEWAY_TIMEOUT,True
fail_11551,pay_104500,OTP Failed,OTP_AUTHENTICATION_FAILED,True
fail_11552,pay_102516,OTP Failed,OTP_AUTHENTICATION_FAILED,True
fail_11553,pay_104855,Gateway Error,GATEWAY_INTERNAL_ERROR,True
fail_11554,pay_104804,Network Timeout,GATEWAY_TIMEOUT,True
fail_11555,pay_104570,OTP Failed,OTP_AUTHENTICATION_FAILED,True
fail_11556,pay_104886,OTP Failed,OTP_AUTHENTICATION_FAILED,True
fail_11557,pay_100940,Gateway Error,GATEWAY_INTERNAL_ERROR,True
fail_11558,pay_101182,Gateway Error,GATEWAY_INTERNAL_ERROR,True
fail_11559,pay_103267,Bank Declined,BANK_DECLINED_TRANSACTION,False
fail_11560,pay_102717,Bank Declined,BANK_DECLINED_TRANSACTION,False
fail_11561,pay_104028,Bank Declined,BANK_DECLINED_TRANSACTION,False
fail_11562,pay_104671,Gateway Error,GATEWAY_INTERNAL_ERROR,True
fail_11563,pay_100586,Network Timeout,GATEWAY_TIMEOUT,True
fail_11564,pay_104012,User Abandoned,BAD_REQUEST_ABANDONED,True
fail_11565,pay_101148,Bank Declined,BANK_DECLINED_TRANSACTION,False
fail_11566,pay_103587,Bank Declined,BANK_DECLINED_TRANSACTION,False
fail_11567,pay_103572,Gateway Error,GATEWAY_INTERNAL_ERROR,True
fail_11568,pay_104019,Insufficient Funds,INSUFFICIENT_FUNDS,True
fail_11569,pay_101061,Bank Declined,BANK_DECLINED_TRANSACTION,False
fail_11570,pay_101546,User Abandoned,BAD_REQUEST_ABANDONED,True
fail_11571,pay_103796,Bank Declined,BANK_DECLINED_TRANSACTION,False
fail_11572,pay_100074,Network Timeout,GATEWAY_TIMEOUT,True
fail_11573,pay_100614,Insufficient Funds,INSUFFICIENT_FUNDS,True
fail_11574,pay_102255,Gateway Error,GATEWAY_INTERNAL_ERROR,True
fail_11575,pay_103575,Gateway Error,GATEWAY_INTERNAL_ERROR,True
fail_11576,pay_100787,Insufficient Funds,INSUFFICIENT_FUNDS,True
fail_11577,pay_100635,OTP Failed,OTP_AUTHENTICATION_FAILED,True
fail_11578,pay_102135,Network Timeout,GATEWAY_TIMEOUT,True
fail_11579,pay_104731,Gateway Error,GATEWAY_INTERNAL_ERROR,True
fail_11580,pay_104036,Network Timeout,GATEWAY_TIMEOUT,True
fail_11581,pay_104214,Bank Declined,BANK_DECLINED_TRANSACTION,False
fail_11582,pay_101779,Bank Declined,BANK_DECLINED_TRANSACTION,False
fail_11583,pay_100812,Network Timeout,GATEWAY_TIMEOUT,True
fail_11584,pay_100190,Insufficient Funds,INSUFFICIENT_FUNDS,True
fail_11585,pay_102266,OTP Failed,OTP_AUTHENTICATION_FAILED,True
fail_11586,pay_101509,Gateway Error,GATEWAY_INTERNAL_ERROR,True
fail_11587,pay_100059,User Abandoned,BAD_REQUEST_ABANDONED,True
fail_11588,pay_104442,Network Timeout,GATEWAY_TIMEOUT,True
fail_11589,pay_100097,Insufficient Funds,INSUFFICIENT_FUNDS,True
fail_11590,pay_103611,Insufficient Funds,INSUFFICIENT_FUNDS,True
fail_11591,pay_101695,OTP Failed,OTP_AUTHENTICATION_FAILED,True
fail_11592,pay_103718,Insufficient Funds,INSUFFICIENT_FUNDS,True
fail_11593,pay_101702,Bank Declined,BANK_DECLINED_TRANSACTION,False
fail_11594,pay_104821,Insufficient Funds,INSUFFICIENT_FUNDS,True
fail_11595,pay_101972,Insufficient Funds,INSUFFICIENT_FUNDS,True
fail_11596,pay_103828,Insufficient Funds,INSUFFICIENT_FUNDS,True
fail_11597,pay_103191,Insufficient Funds,INSUFFICIENT_FUNDS,True
fail_11598,pay_102284,Insufficient Funds,INSUFFICIENT_FUNDS,True
fail_11599,pay_100826,Gateway Error,GATEWAY_INTERNAL_ERROR,True
fail_11600,pay_100549,User Abandoned,BAD_REQUEST_ABANDONED,True
fail_11601,pay_102631,Gateway Error,GATEWAY_INTERNAL_ERROR,True
fail_11602,pay_104165,Network Timeout,GATEWAY_TIMEOUT,True
fail_11603,pay_102467,Network Timeout,GATEWAY_TIMEOUT,True
fail_11604,pay_101326,Bank Declined,BANK_DECLINED_TRANSACTION,False
fail_11605,pay_100710,Gateway Error,GATEWAY_INTERNAL_ERROR,True
fail_11606,pay_104923,Network Timeout,GATEWAY_TIMEOUT,True
fail_11607,pay_104998,Network Timeout,GATEWAY_TIMEOUT,True
fail_11608,pay_103766,Insufficient Funds,INSUFFICIENT_FUNDS,True
fail_11609,pay_104200,User Abandoned,BAD_REQUEST_ABANDONED,True
fail_11610,pay_102033,Bank Declined,BANK_DECLINED_TRANSACTION,False
fail_11611,pay_103518,Bank Declined,BANK_DECLINED_TRANSACTION,False
fail_11612,pay_103389,Gateway Error,GATEWAY_INTERNAL_ERROR,True
fail_11613,pay_100048,Network Timeout,GATEWAY_TIMEOUT,True
fail_11614,pay_100415,OTP Failed,OTP_AUTHENTICATION_FAILED,True
fail_11615,pay_101667,OTP Failed,OTP_AUTHENTICATION_FAILED,True
fail_11616,pay_103205,Bank Declined,BANK_DECLINED_TRANSACTION,False
fail_11617,pay_100256,Gateway Error,GATEWAY_INTERNAL_ERROR,True
fail_11618,pay_101297,Insufficient Funds,INSUFFICIENT_FUNDS,True
fail_11619,pay_102437,Network Timeout,GATEWAY_TIMEOUT,True
fail_11620,pay_103232,User Abandoned,BAD_REQUEST_ABANDONED,True
fail_11621,pay_101273,Insufficient Funds,INSUFFICIENT_FUNDS,True
fail_11622,pay_101328,Bank Declined,BANK_DECLINED_TRANSACTION,False
fail_11623,pay_104169,Bank Declined,BANK_DECLINED_TRANSACTION,False
fail_11624,pay_103812,Network Timeout,GATEWAY_TIMEOUT,True
fail_11625,pay_101070,Gateway Error,GATEWAY_INTERNAL_ERROR,True
fail_11626,pay_103609,Gateway Error,GATEWAY_INTERNAL_ERROR,True
fail_11627,pay_101423,Gateway Error,GATEWAY_INTERNAL_ERROR,True
fail_11628,pay_102111,OTP Failed,OTP_AUTHENTICATION_FAILED,True
fail_11629,pay_103983,User Abandoned,BAD_REQUEST_ABANDONED,True
fail_11630,pay_102816,Network Timeout,GATEWAY_TIMEOUT,True
fail_11631,pay_101812,Gateway Error,GATEWAY_INTERNAL_ERROR,True
fail_11632,pay_102931,Gateway Error,GATEWAY_INTERNAL_ERROR,True
fail_11633,pay_102279,User Abandoned,BAD_REQUEST_ABANDONED,True
fail_11634,pay_103374,Bank Declined,BANK_DECLINED_TRANSACTION,False
fail_11635,pay_100311,Insufficient Funds,INSUFFICIENT_FUNDS,True
fail_11636,pay_102658,Bank Declined,BANK_DECLINED_TRANSACTION,False
fail_11637,pay_103001,Network Timeout,GATEWAY_TIMEOUT,True
fail_11638,pay_104878,User Abandoned,BAD_REQUEST_ABANDONED,True
fail_11639,pay_101305,Network Timeout,GATEWAY_TIMEOUT,True
fail_11640,pay_101426,Network Timeout,GATEWAY_TIMEOUT,True
fail_11641,pay_100735,OTP Failed,OTP_AUTHENTICATION_FAILED,True
fail_11642,pay_100282,OTP Failed,OTP_AUTHENTICATION_FAILED,True
fail_11643,pay_103192,Insufficient Funds,INSUFFICIENT_FUNDS,True
fail_11644,pay_100640,Gateway Error,GATEWAY_INTERNAL_ERROR,True
fail_11645,pay_103982,Bank Declined,BANK_DECLINED_TRANSACTION,False
fail_11646,pay_101612,Bank Declined,BANK_DECLINED_TRANSACTION,False
fail_11647,pay_101131,Bank Declined,BANK_DECLINED_TRANSACTION,False
fail_11648,pay_100079,Network Timeout,GATEWAY_TIMEOUT,True
fail_11649,pay_104358,User Abandoned,BAD_REQUEST_ABANDONED,True
fail_11650,pay_100858,Network Timeout,GATEWAY_TIMEOUT,True
fail_11651,pay_102615,OTP Failed,OTP_AUTHENTICATION_FAILED,True
fail_11652,pay_104304,Network Timeout,GATEWAY_TIMEOUT,True
fail_11653,pay_103654,OTP Failed,OTP_AUTHENTICATION_FAILED,True
fail_11654,pay_100121,Insufficient Funds,INSUFFICIENT_FUNDS,True
fail_11655,pay_101048,Network Timeout,GATEWAY_TIMEOUT,True
fail_11656,pay_102721,OTP Failed,OTP_AUTHENTICATION_FAILED,True
fail_11657,pay_103738,Network Timeout,GATEWAY_TIMEOUT,True
fail_11658,pay_102101,Network Timeout,GATEWAY_TIMEOUT,True
fail_11659,pay_103158,Insufficient Funds,INSUFFICIENT_FUNDS,True
fail_11660,pay_102083,Insufficient Funds,INSUFFICIENT_FUNDS,True
fail_11661,pay_102562,Bank Declined,BANK_DECLINED_TRANSACTION,False
fail_11662,pay_100310,Network Timeout,GATEWAY_TIMEOUT,True
fail_11663,pay_100818,OTP Failed,OTP_AUTHENTICATION_FAILED,True
fail_11664,pay_100821,Network Timeout,GATEWAY_TIMEOUT,True
fail_11665,pay_104729,Insufficient Funds,INSUFFICIENT_FUNDS,True
fail_11666,pay_100107,OTP Failed,OTP_AUTHENTICATION_FAILED,True
fail_11667,pay_104488,User Abandoned,BAD_REQUEST_ABANDONED,True
fail_11668,pay_100161,Network Timeout,GATEWAY_TIMEOUT,True
fail_11669,pay_104875,Gateway Error,GATEWAY_INTERNAL_ERROR,True
fail_11670,pay_102876,Network Timeout,GATEWAY_TIMEOUT,True
fail_11671,pay_102241,Bank Declined,BANK_DECLINED_TRANSACTION,False
fail_11672,pay_100478,Bank Declined,BANK_DECLINED_TRANSACTION,False
fail_11673,pay_101647,Network Timeout,GATEWAY_TIMEOUT,True
fail_11674,pay_100236,Bank Declined,BANK_DECLINED_TRANSACTION,False
fail_11675,pay_102087,Network Timeout,GATEWAY_TIMEOUT,True
fail_11676,pay_104399,OTP Failed,OTP_AUTHENTICATION_FAILED,True
fail_11677,pay_100445,Insufficient Funds,INSUFFICIENT_FUNDS,True
fail_11678,pay_102999,OTP Failed,OTP_AUTHENTICATION_FAILED,True
fail_11679,pay_103928,Gateway Error,GATEWAY_INTERNAL_ERROR,True
fail_11680,pay_100155,Gateway Error,GATEWAY_INTERNAL_ERROR,True
fail_11681,pay_100371,Network Timeout,GATEWAY_TIMEOUT,True
fail_11682,pay_102770,Insufficient Funds,INSUFFICIENT_FUNDS,True
fail_11683,pay_101958,Network Timeout,GATEWAY_TIMEOUT,True
fail_11684,pay_100254,Network Timeout,GATEWAY_TIMEOUT,True
fail_11685,pay_102896,Insufficient Funds,INSUFFICIENT_FUNDS,True
fail_11686,pay_102049,User Abandoned,BAD_REQUEST_ABANDONED,True
fail_11687,pay_103833,Network Timeout,GATEWAY_TIMEOUT,True
fail_11688,pay_102021,Network Timeout,GATEWAY_TIMEOUT,True
fail_11689,pay_103408,Bank Declined,BANK_DECLINED_TRANSACTION,False
fail_11690,pay_100315,Insufficient Funds,INSUFFICIENT_FUNDS,True
fail_11691,pay_101596,OTP Failed,OTP_AUTHENTICATION_FAILED,True
fail_11692,pay_104320,Insufficient Funds,INSUFFICIENT_FUNDS,True
fail_11693,pay_102583,Gateway Error,GATEWAY_INTERNAL_ERROR,True
fail_11694,pay_103437,Insufficient Funds,INSUFFICIENT_FUNDS,True
fail_11695,pay_102022,User Abandoned,BAD_REQUEST_ABANDONED,True
fail_11696,pay_100729,Bank Declined,BANK_DECLINED_TRANSACTION,False
fail_11697,pay_101980,Bank Declined,BANK_DECLINED_TRANSACTION,False
fail_11698,pay_102194,Network Timeout,GATEWAY_TIMEOUT,True
fail_11699,pay_101692,Gateway Error,GATEWAY_INTERNAL_ERROR,True
fail_11700,pay_104901,Network Timeout,GATEWAY_TIMEOUT,True
fail_11701,pay_101276,Network Timeout,GATEWAY_TIMEOUT,True
fail_11702,pay_103962,OTP Failed,OTP_AUTHENTICATION_FAILED,True
fail_11703,pay_102618,Network Timeout,GATEWAY_TIMEOUT,True
fail_11704,pay_100841,Network Timeout,GATEWAY_TIMEOUT,True
fail_11705,pay_104301,Network Timeout,GATEWAY_TIMEOUT,True
fail_11706,pay_102395,Network Timeout,GATEWAY_TIMEOUT,True
fail_11707,pay_103793,Network Timeout,GATEWAY_TIMEOUT,True
fail_11708,pay_102085,Bank Declined,BANK_DECLINED_TRANSACTION,False
fail_11709,pay_104463,Network Timeout,GATEWAY_TIMEOUT,True
fail_11710,pay_104436,Bank Declined,BANK_DECLINED_TRANSACTION,False
fail_11711,pay_100002,Network Timeout,GATEWAY_TIMEOUT,True
fail_11712,pay_100122,User Abandoned,BAD_REQUEST_ABANDONED,True
fail_11713,pay_102550,Gateway Error,GATEWAY_INTERNAL_ERROR,True
fail_11714,pay_101223,User Abandoned,BAD_REQUEST_ABANDONED,True
fail_11715,pay_104459,OTP Failed,OTP_AUTHENTICATION_FAILED,True
fail_11716,pay_102379,Bank Declined,BANK_DECLINED_TRANSACTION,False
fail_11717,pay_104678,Network Timeout,GATEWAY_TIMEOUT,True
fail_11718,pay_101397,Insufficient Funds,INSUFFICIENT_FUNDS,True
fail_11719,pay_102929,Bank Declined,BANK_DECLINED_TRANSACTION,False
fail_11720,pay_104180,User Abandoned,BAD_REQUEST_ABANDONED,True
fail_11721,pay_101437,Network Timeout,GATEWAY_TIMEOUT,True
fail_11722,pay_103272,Gateway Error,GATEWAY_INTERNAL_ERROR,True
fail_11723,pay_101722,Insufficient Funds,INSUFFICIENT_FUNDS,True
fail_11724,pay_100651,Insufficient Funds,INSUFFICIENT_FUNDS,True
fail_11725,pay_102257,Insufficient Funds,INSUFFICIENT_FUNDS,True
fail_11726,pay_100985,OTP Failed,OTP_AUTHENTICATION_FAILED,True
fail_11727,pay_101811,Network Timeout,GATEWAY_TIMEOUT,True
fail_11728,pay_102323,Network Timeout,GATEWAY_TIMEOUT,True
fail_11729,pay_102904,Bank Declined,BANK_DECLINED_TRANSACTION,False
fail_11730,pay_100770,Network Timeout,GATEWAY_TIMEOUT,True
fail_11731,pay_100501,Network Timeout,GATEWAY_TIMEOUT,True
fail_11732,pay_102753,Bank Declined,BANK_DECLINED_TRANSACTION,False
fail_11733,pay_102480,Gateway Error,GATEWAY_INTERNAL_ERROR,True
fail_11734,pay_104041,Insufficient Funds,INSUFFICIENT_FUNDS,True
fail_11735,pay_101088,User Abandoned,BAD_REQUEST_ABANDONED,True
fail_11736,pay_101204,User Abandoned,BAD_REQUEST_ABANDONED,True
fail_11737,pay_104007,Gateway Error,GATEWAY_INTERNAL_ERROR,True
fail_11738,pay_101886,Gateway Error,GATEWAY_INTERNAL_ERROR,True
fail_11739,pay_103588,Insufficient Funds,INSUFFICIENT_FUNDS,True
fail_11740,pay_100823,Bank Declined,BANK_DECLINED_TRANSACTION,False
fail_11741,pay_100243,OTP Failed,OTP_AUTHENTICATION_FAILED,True
fail_11742,pay_101254,Bank Declined,BANK_DECLINED_TRANSACTION,False
fail_11743,pay_101220,Network Timeout,GATEWAY_TIMEOUT,True
fail_11744,pay_100933,User Abandoned,BAD_REQUEST_ABANDONED,True
fail_11745,pay_101129,Network Timeout,GATEWAY_TIMEOUT,True
fail_11746,pay_104990,User Abandoned,BAD_REQUEST_ABANDONED,True
fail_11747,pay_102360,Bank Declined,BANK_DECLINED_TRANSACTION,False
fail_11748,pay_104559,Insufficient Funds,INSUFFICIENT_FUNDS,True
fail_11749,pay_102985,Gateway Error,GATEWAY_INTERNAL_ERROR,True
fail_11750,pay_100983,Bank Declined,BANK_DECLINED_TRANSACTION,False
fail_11751,pay_102014,Network Timeout,GATEWAY_TIMEOUT,True
fail_11752,pay_102071,Network Timeout,GATEWAY_TIMEOUT,True
fail_11753,pay_103674,Bank Declined,BANK_DECLINED_TRANSACTION,False
fail_11754,pay_102447,Gateway Error,GATEWAY_INTERNAL_ERROR,True
fail_11755,pay_103576,Bank Declined,BANK_DECLINED_TRANSACTION,False
fail_11756,pay_101716,Insufficient Funds,INSUFFICIENT_FUNDS,True
fail_11757,pay_102183,Network Timeout,GATEWAY_TIMEOUT,True
fail_11758,pay_101714,Gateway Error,GATEWAY_INTERNAL_ERROR,True
fail_11759,pay_103861,Insufficient Funds,INSUFFICIENT_FUNDS,True
fail_11760,pay_103976,Gateway Error,GATEWAY_INTERNAL_ERROR,True
fail_11761,pay_100025,Insufficient Funds,INSUFFICIENT_FUNDS,True
fail_11762,pay_103117,Network Timeout,GATEWAY_TIMEOUT,True
fail_11763,pay_104994,Network Timeout,GATEWAY_TIMEOUT,True
fail_11764,pay_103146,Insufficient Funds,INSUFFICIENT_FUNDS,True
fail_11765,pay_100599,Bank Declined,BANK_DECLINED_TRANSACTION,False
fail_11766,pay_100568,OTP Failed,OTP_AUTHENTICATION_FAILED,True
fail_11767,pay_103265,Network Timeout,GATEWAY_TIMEOUT,True
fail_11768,pay_103646,Insufficient Funds,INSUFFICIENT_FUNDS,True
fail_11769,pay_103695,Bank Declined,BANK_DECLINED_TRANSACTION,False
fail_11770,pay_104905,Gateway Error,GATEWAY_INTERNAL_ERROR,True
fail_11771,pay_101067,Network Timeout,GATEWAY_TIMEOUT,True
fail_11772,pay_103501,Bank Declined,BANK_DECLINED_TRANSACTION,False
fail_11773,pay_102436,Insufficient Funds,INSUFFICIENT_FUNDS,True
fail_11774,pay_100615,Insufficient Funds,INSUFFICIENT_FUNDS,True
fail_11775,pay_103323,Bank Declined,BANK_DECLINED_TRANSACTION,False
fail_11776,pay_101993,Network Timeout,GATEWAY_TIMEOUT,True
fail_11777,pay_103729,Network Timeout,GATEWAY_TIMEOUT,True
fail_11778,pay_103720,Bank Declined,BANK_DECLINED_TRANSACTION,False
fail_11779,pay_103549,Insufficient Funds,INSUFFICIENT_FUNDS,True
fail_11780,pay_103407,Insufficient Funds,INSUFFICIENT_FUNDS,True
fail_11781,pay_101336,Bank Declined,BANK_DECLINED_TRANSACTION,False
fail_11782,pay_102688,Network Timeout,GATEWAY_TIMEOUT,True
fail_11783,pay_103924,Insufficient Funds,INSUFFICIENT_FUNDS,True
fail_11784,pay_102991,Insufficient Funds,INSUFFICIENT_FUNDS,True
fail_11785,pay_102969,Bank Declined,BANK_DECLINED_TRANSACTION,False
fail_11786,pay_101127,Bank Declined,BANK_DECLINED_TRANSACTION,False
fail_11787,pay_101984,Network Timeout,GATEWAY_TIMEOUT,True
fail_11788,pay_100781,Bank Declined,BANK_DECLINED_TRANSACTION,False
fail_11789,pay_101234,Bank Declined,BANK_DECLINED_TRANSACTION,False
fail_11790,pay_103756,Bank Declined,BANK_DECLINED_TRANSACTION,False
fail_11791,pay_103763,Insufficient Funds,INSUFFICIENT_FUNDS,True
fail_11792,pay_100098,Network Timeout,GATEWAY_TIMEOUT,True
fail_11793,pay_100919,Insufficient Funds,INSUFFICIENT_FUNDS,True
fail_11794,pay_103300,Insufficient Funds,INSUFFICIENT_FUNDS,True
fail_11795,pay_100672,User Abandoned,BAD_REQUEST_ABANDONED,True
fail_11796,pay_101584,Network Timeout,GATEWAY_TIMEOUT,True
fail_11797,pay_101466,Gateway Error,GATEWAY_INTERNAL_ERROR,True
fail_11798,pay_103491,Insufficient Funds,INSUFFICIENT_FUNDS,True
fail_11799,pay_101416,OTP Failed,OTP_AUTHENTICATION_FAILED,True
fail_11800,pay_100340,Insufficient Funds,INSUFFICIENT_FUNDS,True
fail_11801,pay_100957,Bank Declined,BANK_DECLINED_TRANSACTION,False
fail_11802,pay_100129,Network Timeout,GATEWAY_TIMEOUT,True
fail_11803,pay_100742,Network Timeout,GATEWAY_TIMEOUT,True
fail_11804,pay_101369,User Abandoned,BAD_REQUEST_ABANDONED,True
fail_11805,pay_100474,Gateway Error,GATEWAY_INTERNAL_ERROR,True
fail_11806,pay_102757,Gateway Error,GATEWAY_INTERNAL_ERROR,True
fail_11807,pay_100457,Gateway Error,GATEWAY_INTERNAL_ERROR,True
fail_11808,pay_101195,Bank Declined,BANK_DECLINED_TRANSACTION,False
fail_11809,pay_102184,User Abandoned,BAD_REQUEST_ABANDONED,True
fail_11810,pay_102567,Insufficient Funds,INSUFFICIENT_FUNDS,True
fail_11811,pay_104618,Network Timeout,GATEWAY_TIMEOUT,True
fail_11812,pay_100657,Insufficient Funds,INSUFFICIENT_FUNDS,True
fail_11813,pay_102230,Gateway Error,GATEWAY_INTERNAL_ERROR,True
fail_11814,pay_104062,Insufficient Funds,INSUFFICIENT_FUNDS,True
fail_11815,pay_102009,Gateway Error,GATEWAY_INTERNAL_ERROR,True
fail_11816,pay_102157,Insufficient Funds,INSUFFICIENT_FUNDS,True
fail_11817,pay_104085,OTP Failed,OTP_AUTHENTICATION_FAILED,True
fail_11818,pay_101110,Network Timeout,GATEWAY_TIMEOUT,True
fail_11819,pay_103316,Insufficient Funds,INSUFFICIENT_FUNDS,True
fail_11820,pay_104857,Insufficient Funds,INSUFFICIENT_FUNDS,True
fail_11821,pay_103864,User Abandoned,BAD_REQUEST_ABANDONED,True
fail_11822,pay_100039,Insufficient Funds,INSUFFICIENT_FUNDS,True
fail_11823,pay_102995,Insufficient Funds,INSUFFICIENT_FUNDS,True
fail_11824,pay_101171,Gateway Error,GATEWAY_INTERNAL_ERROR,True
fail_11825,pay_103545,OTP Failed,OTP_AUTHENTICATION_FAILED,True
fail_11826,pay_100191,OTP Failed,OTP_AUTHENTICATION_FAILED,True
fail_11827,pay_100879,Network Timeout,GATEWAY_TIMEOUT,True
fail_11828,pay_100084,User Abandoned,BAD_REQUEST_ABANDONED,True
fail_11829,pay_103184,OTP Failed,OTP_AUTHENTICATION_FAILED,True
fail_11830,pay_103008,OTP Failed,OTP_AUTHENTICATION_FAILED,True
fail_11831,pay_101170,Bank Declined,BANK_DECLINED_TRANSACTION,False
fail_11832,pay_104541,Bank Declined,BANK_DECLINED_TRANSACTION,False
fail_11833,pay_103170,Insufficient Funds,INSUFFICIENT_FUNDS,True
fail_11834,pay_100244,OTP Failed,OTP_AUTHENTICATION_FAILED,True
fail_11835,pay_101752,Gateway Error,GATEWAY_INTERNAL_ERROR,True
fail_11836,pay_103116,Gateway Error,GATEWAY_INTERNAL_ERROR,True
fail_11837,pay_100598,Gateway Error,GATEWAY_INTERNAL_ERROR,True
fail_11838,pay_100239,Bank Declined,BANK_DECLINED_TRANSACTION,False
fail_11839,pay_104495,OTP Failed,OTP_AUTHENTICATION_FAILED,True
fail_11840,pay_101754,OTP Failed,OTP_AUTHENTICATION_FAILED,True
fail_11841,pay_103818,Bank Declined,BANK_DECLINED_TRANSACTION,False
fail_11842,pay_102720,Insufficient Funds,INSUFFICIENT_FUNDS,True
fail_11843,pay_103025,Insufficient Funds,INSUFFICIENT_FUNDS,True
fail_11844,pay_103691,OTP Failed,OTP_AUTHENTICATION_FAILED,True
fail_11845,pay_102828,Bank Declined,BANK_DECLINED_TRANSACTION,False
fail_11846,pay_102178,Network Timeout,GATEWAY_TIMEOUT,True
fail_11847,pay_100995,OTP Failed,OTP_AUTHENTICATION_FAILED,True
fail_11848,pay_102897,Network Timeout,GATEWAY_TIMEOUT,True
fail_11849,pay_102127,Insufficient Funds,INSUFFICIENT_FUNDS,True
fail_11850,pay_102358,OTP Failed,OTP_AUTHENTICATION_FAILED,True
fail_11851,pay_102906,Bank Declined,BANK_DECLINED_TRANSACTION,False
fail_11852,pay_104909,Network Timeout,GATEWAY_TIMEOUT,True
fail_11853,pay_103603,Insufficient Funds,INSUFFICIENT_FUNDS,True
fail_11854,pay_103120,User Abandoned,BAD_REQUEST_ABANDONED,True
fail_11855,pay_100824,Bank Declined,BANK_DECLINED_TRANSACTION,False
fail_11856,pay_101210,OTP Failed,OTP_AUTHENTICATION_FAILED,True
fail_11857,pay_101981,Insufficient Funds,INSUFFICIENT_FUNDS,True
fail_11858,pay_100674,Bank Declined,BANK_DECLINED_TRANSACTION,False
fail_11859,pay_101637,OTP Failed,OTP_AUTHENTICATION_FAILED,True
fail_11860,pay_100342,Gateway Error,GATEWAY_INTERNAL_ERROR,True
fail_11861,pay_103599,Bank Declined,BANK_DECLINED_TRANSACTION,False
fail_11862,pay_101289,Bank Declined,BANK_DECLINED_TRANSACTION,False
fail_11863,pay_104902,Network Timeout,GATEWAY_TIMEOUT,True
fail_11864,pay_103874,Bank Declined,BANK_DECLINED_TRANSACTION,False
fail_11865,pay_103366,User Abandoned,BAD_REQUEST_ABANDONED,True
fail_11866,pay_102916,User Abandoned,BAD_REQUEST_ABANDONED,True
fail_11867,pay_101199,OTP Failed,OTP_AUTHENTICATION_FAILED,True
fail_11868,pay_101539,Network Timeout,GATEWAY_TIMEOUT,True
fail_11869,pay_101396,Network Timeout,GATEWAY_TIMEOUT,True
fail_11870,pay_103639,Gateway Error,GATEWAY_INTERNAL_ERROR,True
fail_11871,pay_101660,Bank Declined,BANK_DECLINED_TRANSACTION,False
fail_11872,pay_102507,Gateway Error,GATEWAY_INTERNAL_ERROR,True
fail_11873,pay_102225,Insufficient Funds,INSUFFICIENT_FUNDS,True
fail_11874,pay_102824,Insufficient Funds,INSUFFICIENT_FUNDS,True
fail_11875,pay_102416,Gateway Error,GATEWAY_INTERNAL_ERROR,True
fail_11876,pay_101553,Network Timeout,GATEWAY_TIMEOUT,True
fail_11877,pay_103343,OTP Failed,OTP_AUTHENTICATION_FAILED,True
fail_11878,pay_103969,Insufficient Funds,INSUFFICIENT_FUNDS,True
fail_11879,pay_102725,Bank Declined,BANK_DECLINED_TRANSACTION,False
fail_11880,pay_104620,Insufficient Funds,INSUFFICIENT_FUNDS,True
fail_11881,pay_102903,Gateway Error,GATEWAY_INTERNAL_ERROR,True
fail_11882,pay_101884,Insufficient Funds,INSUFFICIENT_FUNDS,True
fail_11883,pay_103608,OTP Failed,OTP_AUTHENTICATION_FAILED,True
fail_11884,pay_102392,Bank Declined,BANK_DECLINED_TRANSACTION,False
fail_11885,pay_104594,Gateway Error,GATEWAY_INTERNAL_ERROR,True
fail_11886,pay_101845,Gateway Error,GATEWAY_INTERNAL_ERROR,True
fail_11887,pay_102628,Bank Declined,BANK_DECLINED_TRANSACTION,False
fail_11888,pay_102926,Network Timeout,GATEWAY_TIMEOUT,True
fail_11889,pay_100986,OTP Failed,OTP_AUTHENTICATION_FAILED,True
fail_11890,pay_100899,Network Timeout,GATEWAY_TIMEOUT,True
fail_11891,pay_100600,OTP Failed,OTP_AUTHENTICATION_FAILED,True
fail_11892,pay_100701,User Abandoned,BAD_REQUEST_ABANDONED,True
fail_11893,pay_103416,Network Timeout,GATEWAY_TIMEOUT,True
fail_11894,pay_104638,Gateway Error,GATEWAY_INTERNAL_ERROR,True
fail_11895,pay_103921,Gateway Error,GATEWAY_INTERNAL_ERROR,True
fail_11896,pay_103176,Network Timeout,GATEWAY_TIMEOUT,True
fail_11897,pay_100952,User Abandoned,BAD_REQUEST_ABANDONED,True
fail_11898,pay_100322,Gateway Error,GATEWAY_INTERNAL_ERROR,True
fail_11899,pay_100671,Network Timeout,GATEWAY_TIMEOUT,True
fail_11900,pay_104037,Gateway Error,GATEWAY_INTERNAL_ERROR,True
fail_11901,pay_103330,Network Timeout,GATEWAY_TIMEOUT,True
fail_11902,pay_102026,Insufficient Funds,INSUFFICIENT_FUNDS,True
fail_11903,pay_101828,OTP Failed,OTP_AUTHENTICATION_FAILED,True
fail_11904,pay_103919,Bank Declined,BANK_DECLINED_TRANSACTION,False
fail_11905,pay_101134,Gateway Error,GATEWAY_INTERNAL_ERROR,True
fail_11906,pay_103123,OTP Failed,OTP_AUTHENTICATION_FAILED,True
fail_11907,pay_104227,Bank Declined,BANK_DECLINED_TRANSACTION,False
fail_11908,pay_100766,Gateway Error,GATEWAY_INTERNAL_ERROR,True
fail_11909,pay_104454,OTP Failed,OTP_AUTHENTICATION_FAILED,True
fail_11910,pay_100268,Network Timeout,GATEWAY_TIMEOUT,True
fail_11911,pay_104543,Bank Declined,BANK_DECLINED_TRANSACTION,False
fail_11912,pay_102863,Network Timeout,GATEWAY_TIMEOUT,True
fail_11913,pay_104800,Insufficient Funds,INSUFFICIENT_FUNDS,True
fail_11914,pay_100895,Bank Declined,BANK_DECLINED_TRANSACTION,False
fail_11915,pay_102970,Network Timeout,GATEWAY_TIMEOUT,True
fail_11916,pay_100955,User Abandoned,BAD_REQUEST_ABANDONED,True
fail_11917,pay_101661,User Abandoned,BAD_REQUEST_ABANDONED,True
fail_11918,pay_101304,Bank Declined,BANK_DECLINED_TRANSACTION,False
fail_11919,pay_102493,Bank Declined,BANK_DECLINED_TRANSACTION,False
fail_11920,pay_104585,User Abandoned,BAD_REQUEST_ABANDONED,True
fail_11921,pay_103863,OTP Failed,OTP_AUTHENTICATION_FAILED,True
fail_11922,pay_102143,Insufficient Funds,INSUFFICIENT_FUNDS,True
fail_11923,pay_103601,OTP Failed,OTP_AUTHENTICATION_FAILED,True
fail_11924,pay_102123,Network Timeout,GATEWAY_TIMEOUT,True
fail_11925,pay_103424,User Abandoned,BAD_REQUEST_ABANDONED,True
fail_11926,pay_103612,Gateway Error,GATEWAY_INTERNAL_ERROR,True
fail_11927,pay_101757,Bank Declined,BANK_DECLINED_TRANSACTION,False
fail_11928,pay_104979,Gateway Error,GATEWAY_INTERNAL_ERROR,True
fail_11929,pay_103894,Bank Declined,BANK_DECLINED_TRANSACTION,False
fail_11930,pay_104350,Gateway Error,GATEWAY_INTERNAL_ERROR,True
fail_11931,pay_101951,Insufficient Funds,INSUFFICIENT_FUNDS,True
fail_11932,pay_103224,Network Timeout,GATEWAY_TIMEOUT,True
fail_11933,pay_101180,Bank Declined,BANK_DECLINED_TRANSACTION,False
fail_11934,pay_102691,OTP Failed,OTP_AUTHENTICATION_FAILED,True
fail_11935,pay_100192,OTP Failed,OTP_AUTHENTICATION_FAILED,True
fail_11936,pay_103809,User Abandoned,BAD_REQUEST_ABANDONED,True
fail_11937,pay_104588,Network Timeout,GATEWAY_TIMEOUT,True
fail_11938,pay_104209,Insufficient Funds,INSUFFICIENT_FUNDS,True
fail_11939,pay_103435,Network Timeout,GATEWAY_TIMEOUT,True
fail_11940,pay_103169,OTP Failed,OTP_AUTHENTICATION_FAILED,True
fail_11941,pay_102182,OTP Failed,OTP_AUTHENTICATION_FAILED,True
fail_11942,pay_104913,Bank Declined,BANK_DECLINED_TRANSACTION,False
fail_11943,pay_100849,Insufficient Funds,INSUFFICIENT_FUNDS,True
fail_11944,pay_100489,Bank Declined,BANK_DECLINED_TRANSACTION,False
fail_11945,pay_103448,OTP Failed,OTP_AUTHENTICATION_FAILED,True
fail_11946,pay_104232,Bank Declined,BANK_DECLINED_TRANSACTION,False
fail_11947,pay_102212,Network Timeout,GATEWAY_TIMEOUT,True
fail_11948,pay_100624,Bank Declined,BANK_DECLINED_TRANSACTION,False
fail_11949,pay_104258,Network Timeout,GATEWAY_TIMEOUT,True
fail_11950,pay_101524,Gateway Error,GATEWAY_INTERNAL_ERROR,True
fail_11951,pay_101872,Insufficient Funds,INSUFFICIENT_FUNDS,True
fail_11952,pay_101567,OTP Failed,OTP_AUTHENTICATION_FAILED,True
fail_11953,pay_103875,Gateway Error,GATEWAY_INTERNAL_ERROR,True
fail_11954,pay_100493,User Abandoned,BAD_REQUEST_ABANDONED,True
fail_11955,pay_100136,Network Timeout,GATEWAY_TIMEOUT,True
fail_11956,pay_103346,Network Timeout,GATEWAY_TIMEOUT,True
fail_11957,pay_104309,Bank Declined,BANK_DECLINED_TRANSACTION,False
fail_11958,pay_104755,Network Timeout,GATEWAY_TIMEOUT,True
fail_11959,pay_103647,User Abandoned,BAD_REQUEST_ABANDONED,True
fail_11960,pay_101763,Network Timeout,GATEWAY_TIMEOUT,True
fail_11961,pay_102413,Gateway Error,GATEWAY_INTERNAL_ERROR,True
fail_11962,pay_100966,Bank Declined,BANK_DECLINED_TRANSACTION,False
fail_11963,pay_104077,Insufficient Funds,INSUFFICIENT_FUNDS,True
fail_11964,pay_103302,Insufficient Funds,INSUFFICIENT_FUNDS,True
fail_11965,pay_101579,Network Timeout,GATEWAY_TIMEOUT,True
fail_11966,pay_101047,Bank Declined,BANK_DECLINED_TRANSACTION,False
fail_11967,pay_103422,OTP Failed,OTP_AUTHENTICATION_FAILED,True
fail_11968,pay_100719,Network Timeout,GATEWAY_TIMEOUT,True
fail_11969,pay_102023,User Abandoned,BAD_REQUEST_ABANDONED,True
fail_11970,pay_103837,Gateway Error,GATEWAY_INTERNAL_ERROR,True
fail_11971,pay_100393,OTP Failed,OTP_AUTHENTICATION_FAILED,True
fail_11972,pay_104264,User Abandoned,BAD_REQUEST_ABANDONED,True
fail_11973,pay_103006,Gateway Error,GATEWAY_INTERNAL_ERROR,True
fail_11974,pay_100530,Bank Declined,BANK_DECLINED_TRANSACTION,False
fail_11975,pay_101187,Gateway Error,GATEWAY_INTERNAL_ERROR,True
fail_11976,pay_104540,Insufficient Funds,INSUFFICIENT_FUNDS,True
fail_11977,pay_104617,OTP Failed,OTP_AUTHENTICATION_FAILED,True
fail_11978,pay_103018,OTP Failed,OTP_AUTHENTICATION_FAILED,True
fail_11979,pay_102444,Bank Declined,BANK_DECLINED_TRANSACTION,False
fail_11980,pay_102972,OTP Failed,OTP_AUTHENTICATION_FAILED,True
fail_11981,pay_104389,Network Timeout,GATEWAY_TIMEOUT,True
fail_11982,pay_101504,Insufficient Funds,INSUFFICIENT_FUNDS,True
fail_11983,pay_103414,Gateway Error,GATEWAY_INTERNAL_ERROR,True
fail_11984,pay_102613,Gateway Error,GATEWAY_INTERNAL_ERROR,True
fail_11985,pay_100664,User Abandoned,BAD_REQUEST_ABANDONED,True
fail_11986,pay_100454,Network Timeout,GATEWAY_TIMEOUT,True
fail_11987,pay_104801,Insufficient Funds,INSUFFICIENT_FUNDS,True
fail_11988,pay_100467,Insufficient Funds,INSUFFICIENT_FUNDS,True
fail_11989,pay_101653,Gateway Error,GATEWAY_INTERNAL_ERROR,True
fail_11990,pay_101349,Insufficient Funds,INSUFFICIENT_FUNDS,True
fail_11991,pay_104789,Gateway Error,GATEWAY_INTERNAL_ERROR,True
fail_11992,pay_101643,Bank Declined,BANK_DECLINED_TRANSACTION,False
fail_11993,pay_102675,Insufficient Funds,INSUFFICIENT_FUNDS,True
fail_11994,pay_100519,OTP Failed,OTP_AUTHENTICATION_FAILED,True
fail_11995,pay_103824,User Abandoned,BAD_REQUEST_ABANDONED,True
fail_11996,pay_101607,User Abandoned,BAD_REQUEST_ABANDONED,True
fail_11997,pay_100687,Insufficient Funds,INSUFFICIENT_FUNDS,True
fail_11998,pay_104059,User Abandoned,BAD_REQUEST_ABANDONED,True
fail_11999,pay_104935,Bank Declined,BANK_DECLINED_TRANSACTION,False
fail_12000,pay_103954,Bank Declined,BANK_DECLINED_TRANSACTION,False
fail_12001,pay_102965,Bank Declined,BANK_DECLINED_TRANSACTION,False
fail_12002,pay_104781,Insufficient Funds,INSUFFICIENT_FUNDS,True
fail_12003,pay_104927,Bank Declined,BANK_DECLINED_TRANSACTION,False
fail_12004,pay_100914,Insufficient Funds,INSUFFICIENT_FUNDS,True
fail_12005,pay_104937,Gateway Error,GATEWAY_INTERNAL_ERROR,True
fail_12006,pay_100547,Bank Declined,BANK_DECLINED_TRANSACTION,False
fail_12007,pay_104456,Gateway Error,GATEWAY_INTERNAL_ERROR,True
fail_12008,pay_100269,Insufficient Funds,INSUFFICIENT_FUNDS,True
fail_12009,pay_101395,Network Timeout,GATEWAY_TIMEOUT,True
fail_12010,pay_104546,Network Timeout,GATEWAY_TIMEOUT,True
fail_12011,pay_101317,Bank Declined,BANK_DECLINED_TRANSACTION,False
fail_12012,pay_100697,Insufficient Funds,INSUFFICIENT_FUNDS,True
fail_12013,pay_101545,Network Timeout,GATEWAY_TIMEOUT,True
fail_12014,pay_103968,OTP Failed,OTP_AUTHENTICATION_FAILED,True
fail_12015,pay_100980,User Abandoned,BAD_REQUEST_ABANDONED,True
fail_12016,pay_102064,OTP Failed,OTP_AUTHENTICATION_FAILED,True
fail_12017,pay_102559,User Abandoned,BAD_REQUEST_ABANDONED,True
fail_12018,pay_103666,OTP Failed,OTP_AUTHENTICATION_FAILED,True
fail_12019,pay_101422,Insufficient Funds,INSUFFICIENT_FUNDS,True
fail_12020,pay_102946,Insufficient Funds,INSUFFICIENT_FUNDS,True
fail_12021,pay_101832,OTP Failed,OTP_AUTHENTICATION_FAILED,True
fail_12022,pay_102234,Bank Declined,BANK_DECLINED_TRANSACTION,False
fail_12023,pay_104462,Bank Declined,BANK_DECLINED_TRANSACTION,False
fail_12024,pay_100785,Bank Declined,BANK_DECLINED_TRANSACTION,False
fail_12025,pay_100965,Bank Declined,BANK_DECLINED_TRANSACTION,False
fail_12026,pay_104507,Network Timeout,GATEWAY_TIMEOUT,True
fail_12027,pay_100259,User Abandoned,BAD_REQUEST_ABANDONED,True
fail_12028,pay_102344,Insufficient Funds,INSUFFICIENT_FUNDS,True
fail_12029,pay_104411,Insufficient Funds,INSUFFICIENT_FUNDS,True
fail_12030,pay_104873,Bank Declined,BANK_DECLINED_TRANSACTION,False
fail_12031,pay_103672,OTP Failed,OTP_AUTHENTICATION_FAILED,True
fail_12032,pay_101155,Network Timeout,GATEWAY_TIMEOUT,True
fail_12033,pay_100984,Insufficient Funds,INSUFFICIENT_FUNDS,True
fail_12034,pay_104584,Bank Declined,BANK_DECLINED_TRANSACTION,False
fail_12035,pay_101117,Insufficient Funds,INSUFFICIENT_FUNDS,True
fail_12036,pay_104865,OTP Failed,OTP_AUTHENTICATION_FAILED,True
fail_12037,pay_102189,OTP Failed,OTP_AUTHENTICATION_FAILED,True
fail_12038,pay_102463,Gateway Error,GATEWAY_INTERNAL_ERROR,True
fail_12039,pay_104899,OTP Failed,OTP_AUTHENTICATION_FAILED,True
fail_12040,pay_101414,Gateway Error,GATEWAY_INTERNAL_ERROR,True
fail_12041,pay_102547,Network Timeout,GATEWAY_TIMEOUT,True
fail_12042,pay_101627,Gateway Error,GATEWAY_INTERNAL_ERROR,True
fail_12043,pay_104434,Network Timeout,GATEWAY_TIMEOUT,True
fail_12044,pay_101857,Network Timeout,GATEWAY_TIMEOUT,True
fail_12045,pay_101790,Bank Declined,BANK_DECLINED_TRANSACTION,False
fail_12046,pay_100241,Network Timeout,GATEWAY_TIMEOUT,True
fail_12047,pay_104375,Network Timeout,GATEWAY_TIMEOUT,True
fail_12048,pay_102036,Bank Declined,BANK_DECLINED_TRANSACTION,False
fail_12049,pay_104897,User Abandoned,BAD_REQUEST_ABANDONED,True
fail_12050,pay_101160,Network Timeout,GATEWAY_TIMEOUT,True
fail_12051,pay_103377,Insufficient Funds,INSUFFICIENT_FUNDS,True
fail_12052,pay_103721,User Abandoned,BAD_REQUEST_ABANDONED,True
fail_12053,pay_102752,Insufficient Funds,INSUFFICIENT_FUNDS,True
fail_12054,pay_102122,Gateway Error,GATEWAY_INTERNAL_ERROR,True
fail_12055,pay_103801,Network Timeout,GATEWAY_TIMEOUT,True
fail_12056,pay_103750,User Abandoned,BAD_REQUEST_ABANDONED,True
fail_12057,pay_103074,Network Timeout,GATEWAY_TIMEOUT,True
fail_12058,pay_102728,Insufficient Funds,INSUFFICIENT_FUNDS,True
fail_12059,pay_100423,Insufficient Funds,INSUFFICIENT_FUNDS,True
fail_12060,pay_100265,User Abandoned,BAD_REQUEST_ABANDONED,True
fail_12061,pay_100676,User Abandoned,BAD_REQUEST_ABANDONED,True
fail_12062,pay_101759,Gateway Error,GATEWAY_INTERNAL_ERROR,True
fail_12063,pay_103136,OTP Failed,OTP_AUTHENTICATION_FAILED,True
fail_12064,pay_104661,OTP Failed,OTP_AUTHENTICATION_FAILED,True
fail_12065,pay_103541,Insufficient Funds,INSUFFICIENT_FUNDS,True
fail_12066,pay_102718,Insufficient Funds,INSUFFICIENT_FUNDS,True
fail_12067,pay_102678,Bank Declined,BANK_DECLINED_TRANSACTION,False
fail_12068,pay_100227,Gateway Error,GATEWAY_INTERNAL_ERROR,True
fail_12069,pay_100596,User Abandoned,BAD_REQUEST_ABANDONED,True
fail_12070,pay_102625,Network Timeout,GATEWAY_TIMEOUT,True
fail_12071,pay_103226,Insufficient Funds,INSUFFICIENT_FUNDS,True
fail_12072,pay_103511,OTP Failed,OTP_AUTHENTICATION_FAILED,True
fail_12073,pay_104364,Bank Declined,BANK_DECLINED_TRANSACTION,False
fail_12074,pay_100929,Network Timeout,GATEWAY_TIMEOUT,True
fail_12075,pay_101626,Insufficient Funds,INSUFFICIENT_FUNDS,True
fail_12076,pay_102560,Gateway Error,GATEWAY_INTERNAL_ERROR,True
fail_12077,pay_100534,Bank Declined,BANK_DECLINED_TRANSACTION,False
fail_12078,pay_102529,Network Timeout,GATEWAY_TIMEOUT,True
fail_12079,pay_101764,Gateway Error,GATEWAY_INTERNAL_ERROR,True
fail_12080,pay_103762,Bank Declined,BANK_DECLINED_TRANSACTION,False
fail_12081,pay_102246,Network Timeout,GATEWAY_TIMEOUT,True
fail_12082,pay_103882,Network Timeout,GATEWAY_TIMEOUT,True
fail_12083,pay_101343,Bank Declined,BANK_DECLINED_TRANSACTION,False
fail_12084,pay_100128,Network Timeout,GATEWAY_TIMEOUT,True
fail_12085,pay_101896,Network Timeout,GATEWAY_TIMEOUT,True
fail_12086,pay_104756,Gateway Error,GATEWAY_INTERNAL_ERROR,True
fail_12087,pay_102736,Insufficient Funds,INSUFFICIENT_FUNDS,True
fail_12088,pay_104657,Gateway Error,GATEWAY_INTERNAL_ERROR,True
fail_12089,pay_104976,Bank Declined,BANK_DECLINED_TRANSACTION,False
fail_12090,pay_101630,Network Timeout,GATEWAY_TIMEOUT,True
fail_12091,pay_100977,Bank Declined,BANK_DECLINED_TRANSACTION,False
fail_12092,pay_100707,Network Timeout,GATEWAY_TIMEOUT,True
fail_12093,pay_100921,Network Timeout,GATEWAY_TIMEOUT,True
fail_12094,pay_104720,OTP Failed,OTP_AUTHENTICATION_FAILED,True
fail_12095,pay_101454,User Abandoned,BAD_REQUEST_ABANDONED,True
fail_12096,pay_103234,Gateway Error,GATEWAY_INTERNAL_ERROR,True
fail_12097,pay_104185,Network Timeout,GATEWAY_TIMEOUT,True
fail_12098,pay_103925,Bank Declined,BANK_DECLINED_TRANSACTION,False
fail_12099,pay_100287,Gateway Error,GATEWAY_INTERNAL_ERROR,True
fail_12100,pay_104891,OTP Failed,OTP_AUTHENTICATION_FAILED,True
fail_12101,pay_101758,Bank Declined,BANK_DECLINED_TRANSACTION,False
fail_12102,pay_103235,Network Timeout,GATEWAY_TIMEOUT,True
fail_12103,pay_100569,User Abandoned,BAD_REQUEST_ABANDONED,True
fail_12104,pay_102198,Network Timeout,GATEWAY_TIMEOUT,True
fail_12105,pay_104766,Insufficient Funds,INSUFFICIENT_FUNDS,True
fail_12106,pay_101727,User Abandoned,BAD_REQUEST_ABANDONED,True
fail_12107,pay_103683,Insufficient Funds,INSUFFICIENT_FUNDS,True
fail_12108,pay_102302,Network Timeout,GATEWAY_TIMEOUT,True
fail_12109,pay_101543,Network Timeout,GATEWAY_TIMEOUT,True
fail_12110,pay_103593,Bank Declined,BANK_DECLINED_TRANSACTION,False
fail_12111,pay_100115,Insufficient Funds,INSUFFICIENT_FUNDS,True
fail_12112,pay_102891,Network Timeout,GATEWAY_TIMEOUT,True
fail_12113,pay_102856,Network Timeout,GATEWAY_TIMEOUT,True
fail_12114,pay_103143,Bank Declined,BANK_DECLINED_TRANSACTION,False
fail_12115,pay_102579,Gateway Error,GATEWAY_INTERNAL_ERROR,True
fail_12116,pay_102646,Gateway Error,GATEWAY_INTERNAL_ERROR,True
fail_12117,pay_104677,OTP Failed,OTP_AUTHENTICATION_FAILED,True
fail_12118,pay_103890,Bank Declined,BANK_DECLINED_TRANSACTION,False
fail_12119,pay_102797,OTP Failed,OTP_AUTHENTICATION_FAILED,True
fail_12120,pay_100436,Gateway Error,GATEWAY_INTERNAL_ERROR,True
fail_12121,pay_101671,Bank Declined,BANK_DECLINED_TRANSACTION,False
fail_12122,pay_101188,Bank Declined,BANK_DECLINED_TRANSACTION,False
fail_12123,pay_102401,Bank Declined,BANK_DECLINED_TRANSACTION,False
fail_12124,pay_104351,Insufficient Funds,INSUFFICIENT_FUNDS,True
fail_12125,pay_100979,Gateway Error,GATEWAY_INTERNAL_ERROR,True
fail_12126,pay_101028,Gateway Error,GATEWAY_INTERNAL_ERROR,True
fail_12127,pay_100130,Insufficient Funds,INSUFFICIENT_FUNDS,True
fail_12128,pay_102655,Gateway Error,GATEWAY_INTERNAL_ERROR,True
fail_12129,pay_100125,User Abandoned,BAD_REQUEST_ABANDONED,True
fail_12130,pay_100705,Gateway Error,GATEWAY_INTERNAL_ERROR,True
fail_12131,pay_103258,Gateway Error,GATEWAY_INTERNAL_ERROR,True
fail_12132,pay_102687,User Abandoned,BAD_REQUEST_ABANDONED,True
fail_12133,pay_104194,Insufficient Funds,INSUFFICIENT_FUNDS,True
fail_12134,pay_100078,Network Timeout,GATEWAY_TIMEOUT,True
fail_12135,pay_102435,Insufficient Funds,INSUFFICIENT_FUNDS,True
fail_12136,pay_104383,Bank Declined,BANK_DECLINED_TRANSACTION,False
fail_12137,pay_103447,Bank Declined,BANK_DECLINED_TRANSACTION,False
fail_12138,pay_103032,Network Timeout,GATEWAY_TIMEOUT,True
fail_12139,pay_104162,Network Timeout,GATEWAY_TIMEOUT,True
fail_12140,pay_102882,Insufficient Funds,INSUFFICIENT_FUNDS,True
fail_12141,pay_102633,Insufficient Funds,INSUFFICIENT_FUNDS,True
fail_12142,pay_102603,OTP Failed,OTP_AUTHENTICATION_FAILED,True
fail_12143,pay_101433,Insufficient Funds,INSUFFICIENT_FUNDS,True
fail_12144,pay_104529,Gateway Error,GATEWAY_INTERNAL_ERROR,True
fail_12145,pay_102061,Insufficient Funds,INSUFFICIENT_FUNDS,True
fail_12146,pay_103214,Bank Declined,BANK_DECLINED_TRANSACTION,False
fail_12147,pay_101411,Gateway Error,GATEWAY_INTERNAL_ERROR,True
fail_12148,pay_102425,Gateway Error,GATEWAY_INTERNAL_ERROR,True
fail_12149,pay_104786,Insufficient Funds,INSUFFICIENT_FUNDS,True
fail_12150,pay_103759,Gateway Error,GATEWAY_INTERNAL_ERROR,True
fail_12151,pay_101386,Gateway Error,GATEWAY_INTERNAL_ERROR,True
fail_12152,pay_104614,User Abandoned,BAD_REQUEST_ABANDONED,True
fail_12153,pay_103842,Bank Declined,BANK_DECLINED_TRANSACTION,False
fail_12154,pay_103610,User Abandoned,BAD_REQUEST_ABANDONED,True
fail_12155,pay_100133,Insufficient Funds,INSUFFICIENT_FUNDS,True
fail_12156,pay_101974,Gateway Error,GATEWAY_INTERNAL_ERROR,True
fail_12157,pay_104370,Network Timeout,GATEWAY_TIMEOUT,True
fail_12158,pay_101002,Gateway Error,GATEWAY_INTERNAL_ERROR,True
fail_12159,pay_103660,User Abandoned,BAD_REQUEST_ABANDONED,True
fail_12160,pay_100157,Gateway Error,GATEWAY_INTERNAL_ERROR,True
fail_12161,pay_103175,User Abandoned,BAD_REQUEST_ABANDONED,True
fail_12162,pay_101564,OTP Failed,OTP_AUTHENTICATION_FAILED,True
fail_12163,pay_104553,Network Timeout,GATEWAY_TIMEOUT,True
fail_12164,pay_101128,Bank Declined,BANK_DECLINED_TRANSACTION,False
fail_12165,pay_101083,Gateway Error,GATEWAY_INTERNAL_ERROR,True
fail_12166,pay_104813,Insufficient Funds,INSUFFICIENT_FUNDS,True
fail_12167,pay_102030,Gateway Error,GATEWAY_INTERNAL_ERROR,True
fail_12168,pay_104676,Network Timeout,GATEWAY_TIMEOUT,True
fail_12169,pay_100112,Insufficient Funds,INSUFFICIENT_FUNDS,True
fail_12170,pay_101257,User Abandoned,BAD_REQUEST_ABANDONED,True
fail_12171,pay_104799,Network Timeout,GATEWAY_TIMEOUT,True
fail_12172,pay_100455,OTP Failed,OTP_AUTHENTICATION_FAILED,True
fail_12173,pay_100754,Bank Declined,BANK_DECLINED_TRANSACTION,False
fail_12174,pay_100329,Gateway Error,GATEWAY_INTERNAL_ERROR,True
fail_12175,pay_104922,Bank Declined,BANK_DECLINED_TRANSACTION,False
fail_12176,pay_101364,OTP Failed,OTP_AUTHENTICATION_FAILED,True
fail_12177,pay_101937,Network Timeout,GATEWAY_TIMEOUT,True
fail_12178,pay_100033,Insufficient Funds,INSUFFICIENT_FUNDS,True
fail_12179,pay_102585,Bank Declined,BANK_DECLINED_TRANSACTION,False
fail_12180,pay_103597,Bank Declined,BANK_DECLINED_TRANSACTION,False
fail_12181,pay_103785,OTP Failed,OTP_AUTHENTICATION_FAILED,True
fail_12182,pay_100307,Insufficient Funds,INSUFFICIENT_FUNDS,True
fail_12183,pay_100131,OTP Failed,OTP_AUTHENTICATION_FAILED,True
fail_12184,pay_101663,Bank Declined,BANK_DECLINED_TRANSACTION,False
fail_12185,pay_101624,User Abandoned,BAD_REQUEST_ABANDONED,True
fail_12186,pay_104196,Gateway Error,GATEWAY_INTERNAL_ERROR,True
fail_12187,pay_101221,Insufficient Funds,INSUFFICIENT_FUNDS,True
fail_12188,pay_100654,Bank Declined,BANK_DECLINED_TRANSACTION,False
fail_12189,pay_102334,Bank Declined,BANK_DECLINED_TRANSACTION,False
fail_12190,pay_100761,Gateway Error,GATEWAY_INTERNAL_ERROR,True
fail_12191,pay_101839,User Abandoned,BAD_REQUEST_ABANDONED,True
fail_12192,pay_101996,Insufficient Funds,INSUFFICIENT_FUNDS,True
fail_12193,pay_104993,Network Timeout,GATEWAY_TIMEOUT,True
fail_12194,pay_102251,Gateway Error,GATEWAY_INTERNAL_ERROR,True
fail_12195,pay_103145,Network Timeout,GATEWAY_TIMEOUT,True
fail_12196,pay_101496,Bank Declined,BANK_DECLINED_TRANSACTION,False
fail_12197,pay_104352,Bank Declined,BANK_DECLINED_TRANSACTION,False
fail_12198,pay_104448,Gateway Error,GATEWAY_INTERNAL_ERROR,True
fail_12199,pay_102403,OTP Failed,OTP_AUTHENTICATION_FAILED,True
fail_12200,pay_103065,Bank Declined,BANK_DECLINED_TRANSACTION,False
fail_12201,pay_103913,Insufficient Funds,INSUFFICIENT_FUNDS,True
fail_12202,pay_101322,OTP Failed,OTP_AUTHENTICATION_FAILED,True
fail_12203,pay_103827,Bank Declined,BANK_DECLINED_TRANSACTION,False
fail_12204,pay_100991,Gateway Error,GATEWAY_INTERNAL_ERROR,True
fail_12205,pay_104707,Bank Declined,BANK_DECLINED_TRANSACTION,False
fail_12206,pay_101576,Bank Declined,BANK_DECLINED_TRANSACTION,False
fail_12207,pay_100878,OTP Failed,OTP_AUTHENTICATION_FAILED,True
fail_12208,pay_103822,Insufficient Funds,INSUFFICIENT_FUNDS,True
fail_12209,pay_104128,Insufficient Funds,INSUFFICIENT_FUNDS,True
fail_12210,pay_103476,Network Timeout,GATEWAY_TIMEOUT,True
fail_12211,pay_103757,Network Timeout,GATEWAY_TIMEOUT,True
fail_12212,pay_100982,Gateway Error,GATEWAY_INTERNAL_ERROR,True
fail_12213,pay_104095,User Abandoned,BAD_REQUEST_ABANDONED,True
fail_12214,pay_100228,Insufficient Funds,INSUFFICIENT_FUNDS,True
fail_12215,pay_100330,Network Timeout,GATEWAY_TIMEOUT,True
fail_12216,pay_100056,Gateway Error,GATEWAY_INTERNAL_ERROR,True
fail_12217,pay_102118,Gateway Error,GATEWAY_INTERNAL_ERROR,True
fail_12218,pay_102833,Bank Declined,BANK_DECLINED_TRANSACTION,False
fail_12219,pay_103631,OTP Failed,OTP_AUTHENTICATION_FAILED,True
fail_12220,pay_102342,Network Timeout,GATEWAY_TIMEOUT,True
fail_12221,pay_100028,OTP Failed,OTP_AUTHENTICATION_FAILED,True
fail_12222,pay_100294,Network Timeout,GATEWAY_TIMEOUT,True
fail_12223,pay_102774,Bank Declined,BANK_DECLINED_TRANSACTION,False
fail_12224,pay_100806,OTP Failed,OTP_AUTHENTICATION_FAILED,True
fail_12225,pay_103940,Bank Declined,BANK_DECLINED_TRANSACTION,False
fail_12226,pay_102153,Gateway Error,GATEWAY_INTERNAL_ERROR,True
fail_12227,pay_100788,User Abandoned,BAD_REQUEST_ABANDONED,True
fail_12228,pay_102136,User Abandoned,BAD_REQUEST_ABANDONED,True
fail_12229,pay_104702,Insufficient Funds,INSUFFICIENT_FUNDS,True
fail_12230,pay_103860,Network Timeout,GATEWAY_TIMEOUT,True
fail_12231,pay_102835,Insufficient Funds,INSUFFICIENT_FUNDS,True
fail_12232,pay_104486,Gateway Error,GATEWAY_INTERNAL_ERROR,True
fail_12233,pay_100916,Gateway Error,GATEWAY_INTERNAL_ERROR,True
fail_12234,pay_100304,OTP Failed,OTP_AUTHENTICATION_FAILED,True
fail_12235,pay_101847,Network Timeout,GATEWAY_TIMEOUT,True
fail_12236,pay_100288,Gateway Error,GATEWAY_INTERNAL_ERROR,True
fail_12237,pay_103978,Network Timeout,GATEWAY_TIMEOUT,True
fail_12238,pay_104022,Bank Declined,BANK_DECLINED_TRANSACTION,False
fail_12239,pay_102117,User Abandoned,BAD_REQUEST_ABANDONED,True
fail_12240,pay_104030,Bank Declined,BANK_DECLINED_TRANSACTION,False
fail_12241,pay_103340,OTP Failed,OTP_AUTHENTICATION_FAILED,True
fail_12242,pay_100926,Bank Declined,BANK_DECLINED_TRANSACTION,False
fail_12243,pay_102820,Insufficient Funds,INSUFFICIENT_FUNDS,True
fail_12244,pay_101379,User Abandoned,BAD_REQUEST_ABANDONED,True
fail_12245,pay_102923,OTP Failed,OTP_AUTHENTICATION_FAILED,True
fail_12246,pay_103636,Insufficient Funds,INSUFFICIENT_FUNDS,True
fail_12247,pay_101258,Network Timeout,GATEWAY_TIMEOUT,True
fail_12248,pay_100538,Bank Declined,BANK_DECLINED_TRANSACTION,False
fail_12249,pay_100876,Gateway Error,GATEWAY_INTERNAL_ERROR,True
fail_12250,pay_104820,OTP Failed,OTP_AUTHENTICATION_FAILED,True
fail_12251,pay_104887,Gateway Error,GATEWAY_INTERNAL_ERROR,True
fail_12252,pay_101139,User Abandoned,BAD_REQUEST_ABANDONED,True
fail_12253,pay_102138,Gateway Error,GATEWAY_INTERNAL_ERROR,True
fail_12254,pay_103110,Insufficient Funds,INSUFFICIENT_FUNDS,True
fail_12255,pay_102335,Insufficient Funds,INSUFFICIENT_FUNDS,True
fail_12256,pay_103298,Bank Declined,BANK_DECLINED_TRANSACTION,False
fail_12257,pay_103678,Network Timeout,GATEWAY_TIMEOUT,True
fail_12258,pay_103466,Bank Declined,BANK_DECLINED_TRANSACTION,False
fail_12259,pay_102350,Network Timeout,GATEWAY_TIMEOUT,True
fail_12260,pay_104522,Gateway Error,GATEWAY_INTERNAL_ERROR,True
fail_12261,pay_104911,Insufficient Funds,INSUFFICIENT_FUNDS,True
fail_12262,pay_100930,Gateway Error,GATEWAY_INTERNAL_ERROR,True
fail_12263,pay_103344,Network Timeout,GATEWAY_TIMEOUT,True
fail_12264,pay_104827,Insufficient Funds,INSUFFICIENT_FUNDS,True
fail_12265,pay_102895,Insufficient Funds,INSUFFICIENT_FUNDS,True
fail_12266,pay_104479,Insufficient Funds,INSUFFICIENT_FUNDS,True
fail_12267,pay_102665,Gateway Error,GATEWAY_INTERNAL_ERROR,True
fail_12268,pay_101921,Insufficient Funds,INSUFFICIENT_FUNDS,True
fail_12269,pay_100560,User Abandoned,BAD_REQUEST_ABANDONED,True
fail_12270,pay_104096,Gateway Error,GATEWAY_INTERNAL_ERROR,True
fail_12271,pay_101635,Network Timeout,GATEWAY_TIMEOUT,True
fail_12272,pay_100605,Bank Declined,BANK_DECLINED_TRANSACTION,False
fail_12273,pay_100647,Gateway Error,GATEWAY_INTERNAL_ERROR,True
fail_12274,pay_101900,Network Timeout,GATEWAY_TIMEOUT,True
fail_12275,pay_102793,Bank Declined,BANK_DECLINED_TRANSACTION,False
fail_12276,pay_102765,OTP Failed,OTP_AUTHENTICATION_FAILED,True
fail_12277,pay_104818,Insufficient Funds,INSUFFICIENT_FUNDS,True
fail_12278,pay_101340,Gateway Error,GATEWAY_INTERNAL_ERROR,True
fail_12279,pay_102309,OTP Failed,OTP_AUTHENTICATION_FAILED,True
fail_12280,pay_101724,Insufficient Funds,INSUFFICIENT_FUNDS,True
fail_12281,pay_104501,Bank Declined,BANK_DECLINED_TRANSACTION,False
fail_12282,pay_101334,Gateway Error,GATEWAY_INTERNAL_ERROR,True
fail_12283,pay_101552,User Abandoned,BAD_REQUEST_ABANDONED,True
fail_12284,pay_100350,Gateway Error,GATEWAY_INTERNAL_ERROR,True
fail_12285,pay_104223,Gateway Error,GATEWAY_INTERNAL_ERROR,True
fail_12286,pay_101668,Network Timeout,GATEWAY_TIMEOUT,True
fail_12287,pay_100655,Bank Declined,BANK_DECLINED_TRANSACTION,False
fail_12288,pay_102606,Network Timeout,GATEWAY_TIMEOUT,True
fail_12289,pay_103016,Network Timeout,GATEWAY_TIMEOUT,True
fail_12290,pay_103896,User Abandoned,BAD_REQUEST_ABANDONED,True
fail_12291,pay_100746,Network Timeout,GATEWAY_TIMEOUT,True
fail_12292,pay_103776,Network Timeout,GATEWAY_TIMEOUT,True
fail_12293,pay_102592,Network Timeout,GATEWAY_TIMEOUT,True
fail_12294,pay_101957,Bank Declined,BANK_DECLINED_TRANSACTION,False
fail_12295,pay_104271,Insufficient Funds,INSUFFICIENT_FUNDS,True
fail_12296,pay_103495,Network Timeout,GATEWAY_TIMEOUT,True
fail_12297,pay_103477,Network Timeout,GATEWAY_TIMEOUT,True
fail_12298,pay_102047,Insufficient Funds,INSUFFICIENT_FUNDS,True
fail_12299,pay_101163,Network Timeout,GATEWAY_TIMEOUT,True
fail_12300,pay_101146,Network Timeout,GATEWAY_TIMEOUT,True
fail_12301,pay_102948,Bank Declined,BANK_DECLINED_TRANSACTION,False
fail_12302,pay_101990,Network Timeout,GATEWAY_TIMEOUT,True
fail_12303,pay_102538,Gateway Error,GATEWAY_INTERNAL_ERROR,True
fail_12304,pay_100506,Network Timeout,GATEWAY_TIMEOUT,True
fail_12305,pay_101901,Network Timeout,GATEWAY_TIMEOUT,True
fail_12306,pay_104151,Network Timeout,GATEWAY_TIMEOUT,True
fail_12307,pay_101298,OTP Failed,OTP_AUTHENTICATION_FAILED,True
fail_12308,pay_100487,Network Timeout,GATEWAY_TIMEOUT,True
fail_12309,pay_104057,Network Timeout,GATEWAY_TIMEOUT,True
fail_12310,pay_102410,Bank Declined,BANK_DECLINED_TRANSACTION,False
fail_12311,pay_101500,Insufficient Funds,INSUFFICIENT_FUNDS,True
fail_12312,pay_101919,User Abandoned,BAD_REQUEST_ABANDONED,True
fail_12313,pay_100994,Insufficient Funds,INSUFFICIENT_FUNDS,True
fail_12314,pay_101391,Gateway Error,GATEWAY_INTERNAL_ERROR,True
fail_12315,pay_103043,Gateway Error,GATEWAY_INTERNAL_ERROR,True
fail_12316,pay_101956,Bank Declined,BANK_DECLINED_TRANSACTION,False
fail_12317,pay_103737,Insufficient Funds,INSUFFICIENT_FUNDS,True
fail_12318,pay_103645,Insufficient Funds,INSUFFICIENT_FUNDS,True
fail_12319,pay_103538,Gateway Error,GATEWAY_INTERNAL_ERROR,True
fail_12320,pay_104835,OTP Failed,OTP_AUTHENTICATION_FAILED,True
fail_12321,pay_103772,Insufficient Funds,INSUFFICIENT_FUNDS,True
fail_12322,pay_103359,Insufficient Funds,INSUFFICIENT_FUNDS,True
fail_12323,pay_104919,Network Timeout,GATEWAY_TIMEOUT,True
fail_12324,pay_103727,Network Timeout,GATEWAY_TIMEOUT,True
fail_12325,pay_104218,Network Timeout,GATEWAY_TIMEOUT,True
fail_12326,pay_104812,User Abandoned,BAD_REQUEST_ABANDONED,True
fail_12327,pay_100010,Bank Declined,BANK_DECLINED_TRANSACTION,False
fail_12328,pay_104369,OTP Failed,OTP_AUTHENTICATION_FAILED,True
fail_12329,pay_103264,Network Timeout,GATEWAY_TIMEOUT,True
fail_12330,pay_100996,User Abandoned,BAD_REQUEST_ABANDONED,True
fail_12331,pay_102608,Bank Declined,BANK_DECLINED_TRANSACTION,False
fail_12332,pay_102517,Bank Declined,BANK_DECLINED_TRANSACTION,False
fail_12333,pay_101194,Insufficient Funds,INSUFFICIENT_FUNDS,True
fail_12334,pay_102028,Gateway Error,GATEWAY_INTERNAL_ERROR,True
fail_12335,pay_101664,Network Timeout,GATEWAY_TIMEOUT,True
fail_12336,pay_102488,OTP Failed,OTP_AUTHENTICATION_FAILED,True
fail_12337,pay_101073,Gateway Error,GATEWAY_INTERNAL_ERROR,True
fail_12338,pay_103468,Gateway Error,GATEWAY_INTERNAL_ERROR,True
fail_12339,pay_104548,Gateway Error,GATEWAY_INTERNAL_ERROR,True
fail_12340,pay_101310,User Abandoned,BAD_REQUEST_ABANDONED,True
fail_12341,pay_103936,OTP Failed,OTP_AUTHENTICATION_FAILED,True
fail_12342,pay_101858,Insufficient Funds,INSUFFICIENT_FUNDS,True
fail_12343,pay_100577,OTP Failed,OTP_AUTHENTICATION_FAILED,True
fail_12344,pay_100678,Bank Declined,BANK_DECLINED_TRANSACTION,False
fail_12345,pay_103336,Gateway Error,GATEWAY_INTERNAL_ERROR,True
fail_12346,pay_103391,Network Timeout,GATEWAY_TIMEOUT,True
fail_12347,pay_100711,Bank Declined,BANK_DECLINED_TRANSACTION,False
fail_12348,pay_100892,Network Timeout,GATEWAY_TIMEOUT,True
fail_12349,pay_102731,Gateway Error,GATEWAY_INTERNAL_ERROR,True
fail_12350,pay_104991,OTP Failed,OTP_AUTHENTICATION_FAILED,True
fail_12351,pay_101799,Insufficient Funds,INSUFFICIENT_FUNDS,True
fail_12352,pay_103866,OTP Failed,OTP_AUTHENTICATION_FAILED,True
fail_12353,pay_102776,OTP Failed,OTP_AUTHENTICATION_FAILED,True
fail_12354,pay_103551,Gateway Error,GATEWAY_INTERNAL_ERROR,True
fail_12355,pay_104511,OTP Failed,OTP_AUTHENTICATION_FAILED,True
fail_12356,pay_104031,Insufficient Funds,INSUFFICIENT_FUNDS,True
fail_12357,pay_102431,Gateway Error,GATEWAY_INTERNAL_ERROR,True
fail_12358,pay_104613,Insufficient Funds,INSUFFICIENT_FUNDS,True
fail_12359,pay_104739,Insufficient Funds,INSUFFICIENT_FUNDS,True
fail_12360,pay_102476,OTP Failed,OTP_AUTHENTICATION_FAILED,True
fail_12361,pay_100448,Gateway Error,GATEWAY_INTERNAL_ERROR,True
fail_12362,pay_103956,Insufficient Funds,INSUFFICIENT_FUNDS,True
fail_12363,pay_101848,Insufficient Funds,INSUFFICIENT_FUNDS,True
fail_12364,pay_100295,Insufficient Funds,INSUFFICIENT_FUNDS,True
fail_12365,pay_100700,User Abandoned,BAD_REQUEST_ABANDONED,True
fail_12366,pay_102713,Insufficient Funds,INSUFFICIENT_FUNDS,True
fail_12367,pay_101685,User Abandoned,BAD_REQUEST_ABANDONED,True
fail_12368,pay_101009,Gateway Error,GATEWAY_INTERNAL_ERROR,True
fail_12369,pay_103999,Bank Declined,BANK_DECLINED_TRANSACTION,False
fail_12370,pay_104947,Bank Declined,BANK_DECLINED_TRANSACTION,False
fail_12371,pay_102949,Gateway Error,GATEWAY_INTERNAL_ERROR,True
fail_12372,pay_102132,Bank Declined,BANK_DECLINED_TRANSACTION,False
fail_12373,pay_104310,OTP Failed,OTP_AUTHENTICATION_FAILED,True
fail_12374,pay_101014,Gateway Error,GATEWAY_INTERNAL_ERROR,True
fail_12375,pay_104221,OTP Failed,OTP_AUTHENTICATION_FAILED,True
fail_12376,pay_100365,Gateway Error,GATEWAY_INTERNAL_ERROR,True
fail_12377,pay_103808,Network Timeout,GATEWAY_TIMEOUT,True
fail_12378,pay_103243,OTP Failed,OTP_AUTHENTICATION_FAILED,True
fail_12379,pay_103900,Network Timeout,GATEWAY_TIMEOUT,True
fail_12380,pay_100716,Insufficient Funds,INSUFFICIENT_FUNDS,True
fail_12381,pay_101915,Network Timeout,GATEWAY_TIMEOUT,True
fail_12382,pay_101164,Network Timeout,GATEWAY_TIMEOUT,True
fail_12383,pay_104684,Bank Declined,BANK_DECLINED_TRANSACTION,False
fail_12384,pay_101719,Bank Declined,BANK_DECLINED_TRANSACTION,False
fail_12385,pay_102263,Gateway Error,GATEWAY_INTERNAL_ERROR,True
fail_12386,pay_103420,Network Timeout,GATEWAY_TIMEOUT,True
fail_12387,pay_100548,OTP Failed,OTP_AUTHENTICATION_FAILED,True
fail_12388,pay_101459,Network Timeout,GATEWAY_TIMEOUT,True
fail_12389,pay_102875,Gateway Error,GATEWAY_INTERNAL_ERROR,True
fail_12390,pay_103653,OTP Failed,OTP_AUTHENTICATION_FAILED,True
fail_12391,pay_100802,User Abandoned,BAD_REQUEST_ABANDONED,True
fail_12392,pay_101582,User Abandoned,BAD_REQUEST_ABANDONED,True
fail_12393,pay_104063,Network Timeout,GATEWAY_TIMEOUT,True
fail_12394,pay_100343,Insufficient Funds,INSUFFICIENT_FUNDS,True
fail_12395,pay_101206,Network Timeout,GATEWAY_TIMEOUT,True
fail_12396,pay_101295,OTP Failed,OTP_AUTHENTICATION_FAILED,True
fail_12397,pay_103656,OTP Failed,OTP_AUTHENTICATION_FAILED,True
fail_12398,pay_101679,Bank Declined,BANK_DECLINED_TRANSACTION,False
fail_12399,pay_100607,Insufficient Funds,INSUFFICIENT_FUNDS,True
fail_12400,pay_102810,Gateway Error,GATEWAY_INTERNAL_ERROR,True
fail_12401,pay_100016,Bank Declined,BANK_DECLINED_TRANSACTION,False
fail_12402,pay_103310,Network Timeout,GATEWAY_TIMEOUT,True
fail_12403,pay_103664,Network Timeout,GATEWAY_TIMEOUT,True
fail_12404,pay_101441,OTP Failed,OTP_AUTHENTICATION_FAILED,True
fail_12405,pay_100999,Insufficient Funds,INSUFFICIENT_FUNDS,True
fail_12406,pay_102958,Insufficient Funds,INSUFFICIENT_FUNDS,True
fail_12407,pay_104108,OTP Failed,OTP_AUTHENTICATION_FAILED,True
fail_12408,pay_104395,Bank Declined,BANK_DECLINED_TRANSACTION,False
fail_12409,pay_102742,User Abandoned,BAD_REQUEST_ABANDONED,True
fail_12410,pay_103994,User Abandoned,BAD_REQUEST_ABANDONED,True
fail_12411,pay_102312,OTP Failed,OTP_AUTHENTICATION_FAILED,True
fail_12412,pay_103939,Insufficient Funds,INSUFFICIENT_FUNDS,True
fail_12413,pay_100896,Bank Declined,BANK_DECLINED_TRANSACTION,False
fail_12414,pay_103902,Insufficient Funds,INSUFFICIENT_FUNDS,True
fail_12415,pay_102065,Bank Declined,BANK_DECLINED_TRANSACTION,False
fail_12416,pay_104394,Bank Declined,BANK_DECLINED_TRANSACTION,False
fail_12417,pay_100939,Insufficient Funds,INSUFFICIENT_FUNDS,True
fail_12418,pay_100444,Network Timeout,GATEWAY_TIMEOUT,True
fail_12419,pay_102951,Gateway Error,GATEWAY_INTERNAL_ERROR,True
fail_12420,pay_101489,User Abandoned,BAD_REQUEST_ABANDONED,True
fail_12421,pay_101050,Bank Declined,BANK_DECLINED_TRANSACTION,False
fail_12422,pay_101240,Network Timeout,GATEWAY_TIMEOUT,True
fail_12423,pay_104535,Insufficient Funds,INSUFFICIENT_FUNDS,True
fail_12424,pay_102900,Network Timeout,GATEWAY_TIMEOUT,True
fail_12425,pay_101617,Bank Declined,BANK_DECLINED_TRANSACTION,False
fail_12426,pay_104168,Network Timeout,GATEWAY_TIMEOUT,True
fail_12427,pay_101216,Insufficient Funds,INSUFFICIENT_FUNDS,True
fail_12428,pay_104172,Bank Declined,BANK_DECLINED_TRANSACTION,False
fail_12429,pay_100419,User Abandoned,BAD_REQUEST_ABANDONED,True
fail_12430,pay_102714,OTP Failed,OTP_AUTHENTICATION_FAILED,True
fail_12431,pay_102250,Bank Declined,BANK_DECLINED_TRANSACTION,False
fail_12432,pay_100114,OTP Failed,OTP_AUTHENTICATION_FAILED,True
fail_12433,pay_103011,Network Timeout,GATEWAY_TIMEOUT,True
fail_12434,pay_103761,Insufficient Funds,INSUFFICIENT_FUNDS,True
fail_12435,pay_102684,Bank Declined,BANK_DECLINED_TRANSACTION,False
fail_12436,pay_104961,Insufficient Funds,INSUFFICIENT_FUNDS,True
fail_12437,pay_103375,Bank Declined,BANK_DECLINED_TRANSACTION,False
fail_12438,pay_103376,Gateway Error,GATEWAY_INTERNAL_ERROR,True
fail_12439,pay_100158,Insufficient Funds,INSUFFICIENT_FUNDS,True
fail_12440,pay_100628,OTP Failed,OTP_AUTHENTICATION_FAILED,True
fail_12441,pay_101151,User Abandoned,BAD_REQUEST_ABANDONED,True
fail_12442,pay_104139,Gateway Error,GATEWAY_INTERNAL_ERROR,True
fail_12443,pay_100555,OTP Failed,OTP_AUTHENTICATION_FAILED,True
fail_12444,pay_100875,Insufficient Funds,INSUFFICIENT_FUNDS,True
fail_12445,pay_102349,OTP Failed,OTP_AUTHENTICATION_FAILED,True
fail_12446,pay_101766,Insufficient Funds,INSUFFICIENT_FUNDS,True
fail_12447,pay_104269,Bank Declined,BANK_DECLINED_TRANSACTION,False
fail_12448,pay_103128,Insufficient Funds,INSUFFICIENT_FUNDS,True
fail_12449,pay_104125,Insufficient Funds,INSUFFICIENT_FUNDS,True
fail_12450,pay_104796,Insufficient Funds,INSUFFICIENT_FUNDS,True
fail_12451,pay_101007,User Abandoned,BAD_REQUEST_ABANDONED,True
fail_12452,pay_100666,User Abandoned,BAD_REQUEST_ABANDONED,True
fail_12453,pay_101378,Bank Declined,BANK_DECLINED_TRANSACTION,False
fail_12454,pay_103373,Bank Declined,BANK_DECLINED_TRANSACTION,False
fail_12455,pay_101736,Network Timeout,GATEWAY_TIMEOUT,True
fail_12456,pay_101090,Gateway Error,GATEWAY_INTERNAL_ERROR,True
fail_12457,pay_104345,Bank Declined,BANK_DECLINED_TRANSACTION,False
fail_12458,pay_104339,Bank Declined,BANK_DECLINED_TRANSACTION,False
fail_12459,pay_104133,Network Timeout,GATEWAY_TIMEOUT,True
fail_12460,pay_103926,Gateway Error,GATEWAY_INTERNAL_ERROR,True
fail_12461,pay_101052,Gateway Error,GATEWAY_INTERNAL_ERROR,True
fail_12462,pay_104084,Insufficient Funds,INSUFFICIENT_FUNDS,True
fail_12463,pay_100179,OTP Failed,OTP_AUTHENTICATION_FAILED,True
fail_12464,pay_100405,User Abandoned,BAD_REQUEST_ABANDONED,True
fail_12465,pay_102253,Gateway Error,GATEWAY_INTERNAL_ERROR,True
fail_12466,pay_102596,Network Timeout,GATEWAY_TIMEOUT,True
fail_12467,pay_104715,Bank Declined,BANK_DECLINED_TRANSACTION,False
fail_12468,pay_100020,Gateway Error,GATEWAY_INTERNAL_ERROR,True
fail_12469,pay_103705,Gateway Error,GATEWAY_INTERNAL_ERROR,True
fail_12470,pay_104824,User Abandoned,BAD_REQUEST_ABANDONED,True
fail_12471,pay_100404,Insufficient Funds,INSUFFICIENT_FUNDS,True
fail_12472,pay_103637,OTP Failed,OTP_AUTHENTICATION_FAILED,True
fail_12473,pay_100452,Network Timeout,GATEWAY_TIMEOUT,True
fail_12474,pay_101161,Insufficient Funds,INSUFFICIENT_FUNDS,True
fail_12475,pay_102537,Insufficient Funds,INSUFFICIENT_FUNDS,True
fail_12476,pay_104882,Gateway Error,GATEWAY_INTERNAL_ERROR,True
fail_12477,pay_104999,OTP Failed,OTP_AUTHENTICATION_FAILED,True
fail_12478,pay_103115,User Abandoned,BAD_REQUEST_ABANDONED,True
fail_12479,pay_104659,Network Timeout,GATEWAY_TIMEOUT,True
fail_12480,pay_100054,Gateway Error,GATEWAY_INTERNAL_ERROR,True
fail_12481,pay_102947,Bank Declined,BANK_DECLINED_TRANSACTION,False
fail_12482,pay_100182,Gateway Error,GATEWAY_INTERNAL_ERROR,True
fail_12483,pay_104362,Gateway Error,GATEWAY_INTERNAL_ERROR,True
fail_12484,pay_101355,Network Timeout,GATEWAY_TIMEOUT,True
fail_12485,pay_102663,Bank Declined,BANK_DECLINED_TRANSACTION,False
fail_12486,pay_102010,Bank Declined,BANK_DECLINED_TRANSACTION,False
fail_12487,pay_102641,Insufficient Funds,INSUFFICIENT_FUNDS,True
fail_12488,pay_104637,Bank Declined,BANK_DECLINED_TRANSACTION,False
fail_12489,pay_103449,Bank Declined,BANK_DECLINED_TRANSACTION,False
fail_12490,pay_101352,Bank Declined,BANK_DECLINED_TRANSACTION,False
fail_12491,pay_100184,Network Timeout,GATEWAY_TIMEOUT,True
fail_12492,pay_101813,OTP Failed,OTP_AUTHENTICATION_FAILED,True
fail_12493,pay_100202,User Abandoned,BAD_REQUEST_ABANDONED,True
fail_12494,pay_104572,User Abandoned,BAD_REQUEST_ABANDONED,True
fail_12495,pay_101518,Insufficient Funds,INSUFFICIENT_FUNDS,True
fail_12496,pay_104195,OTP Failed,OTP_AUTHENTICATION_FAILED,True
fail_12497,pay_103139,Network Timeout,GATEWAY_TIMEOUT,True
fail_12498,pay_102976,Network Timeout,GATEWAY_TIMEOUT,True
fail_12499,pay_101548,Insufficient Funds,INSUFFICIENT_FUNDS,True
fail_12500,pay_100251,User Abandoned,BAD_REQUEST_ABANDONED,True
fail_12501,pay_103841,Bank Declined,BANK_DECLINED_TRANSACTION,False
fail_12502,pay_101017,Gateway Error,GATEWAY_INTERNAL_ERROR,True
fail_12503,pay_102539,User Abandoned,BAD_REQUEST_ABANDONED,True
fail_12504,pay_103659,Bank Declined,BANK_DECLINED_TRANSACTION,False
fail_12505,pay_101119,Gateway Error,GATEWAY_INTERNAL_ERROR,True
fail_12506,pay_100562,Bank Declined,BANK_DECLINED_TRANSACTION,False
fail_12507,pay_100234,Insufficient Funds,INSUFFICIENT_FUNDS,True
fail_12508,pay_104292,Insufficient Funds,INSUFFICIENT_FUNDS,True
fail_12509,pay_100717,Gateway Error,GATEWAY_INTERNAL_ERROR,True
fail_12510,pay_102738,Network Timeout,GATEWAY_TIMEOUT,True
fail_12511,pay_103140,OTP Failed,OTP_AUTHENTICATION_FAILED,True
fail_12512,pay_103708,Gateway Error,GATEWAY_INTERNAL_ERROR,True
fail_12513,pay_103643,Network Timeout,GATEWAY_TIMEOUT,True
fail_12514,pay_102297,Gateway Error,GATEWAY_INTERNAL_ERROR,True
fail_12515,pay_104414,Gateway Error,GATEWAY_INTERNAL_ERROR,True
fail_12516,pay_101476,OTP Failed,OTP_AUTHENTICATION_FAILED,True
fail_12517,pay_101917,Bank Declined,BANK_DECLINED_TRANSACTION,False
fail_12518,pay_100283,Network Timeout,GATEWAY_TIMEOUT,True
fail_12519,pay_101115,Network Timeout,GATEWAY_TIMEOUT,True
fail_12520,pay_102155,Insufficient Funds,INSUFFICIENT_FUNDS,True
fail_12521,pay_103014,Network Timeout,GATEWAY_TIMEOUT,True
fail_12522,pay_101243,Insufficient Funds,INSUFFICIENT_FUNDS,True
fail_12523,pay_101491,Bank Declined,BANK_DECLINED_TRANSACTION,False
fail_12524,pay_104013,Network Timeout,GATEWAY_TIMEOUT,True
fail_12525,pay_100650,Network Timeout,GATEWAY_TIMEOUT,True
fail_12526,pay_104713,Gateway Error,GATEWAY_INTERNAL_ERROR,True
fail_12527,pay_104216,Insufficient Funds,INSUFFICIENT_FUNDS,True
fail_12528,pay_100443,Bank Declined,BANK_DECLINED_TRANSACTION,False
fail_12529,pay_104560,Bank Declined,BANK_DECLINED_TRANSACTION,False
fail_12530,pay_104472,Bank Declined,BANK_DECLINED_TRANSACTION,False
fail_12531,pay_100728,User Abandoned,BAD_REQUEST_ABANDONED,True
fail_12532,pay_101030,User Abandoned,BAD_REQUEST_ABANDONED,True
fail_12533,pay_104829,User Abandoned,BAD_REQUEST_ABANDONED,True
fail_12534,pay_100281,Bank Declined,BANK_DECLINED_TRANSACTION,False
fail_12535,pay_102957,Network Timeout,GATEWAY_TIMEOUT,True
fail_12536,pay_102415,OTP Failed,OTP_AUTHENTICATION_FAILED,True
fail_12537,pay_104607,Insufficient Funds,INSUFFICIENT_FUNDS,True
fail_12538,pay_104354,User Abandoned,BAD_REQUEST_ABANDONED,True
fail_12539,pay_102843,OTP Failed,OTP_AUTHENTICATION_FAILED,True
fail_12540,pay_101516,Gateway Error,GATEWAY_INTERNAL_ERROR,True
fail_12541,pay_101145,Network Timeout,GATEWAY_TIMEOUT,True
fail_12542,pay_104427,Bank Declined,BANK_DECLINED_TRANSACTION,False
fail_12543,pay_100275,Network Timeout,GATEWAY_TIMEOUT,True
fail_12544,pay_104894,Insufficient Funds,INSUFFICIENT_FUNDS,True
fail_12545,pay_103854,Network Timeout,GATEWAY_TIMEOUT,True
fail_12546,pay_101931,Bank Declined,BANK_DECLINED_TRANSACTION,False
fail_12547,pay_102685,Gateway Error,GATEWAY_INTERNAL_ERROR,True
fail_12548,pay_101807,Bank Declined,BANK_DECLINED_TRANSACTION,False
fail_12549,pay_103655,Network Timeout,GATEWAY_TIMEOUT,True
fail_12550,pay_104889,Network Timeout,GATEWAY_TIMEOUT,True
fail_12551,pay_103071,User Abandoned,BAD_REQUEST_ABANDONED,True
fail_12552,pay_103922,Bank Declined,BANK_DECLINED_TRANSACTION,False
fail_12553,pay_100643,Bank Declined,BANK_DECLINED_TRANSACTION,False
fail_12554,pay_102177,Network Timeout,GATEWAY_TIMEOUT,True
fail_12555,pay_101507,OTP Failed,OTP_AUTHENTICATION_FAILED,True
fail_12556,pay_103426,Network Timeout,GATEWAY_TIMEOUT,True
fail_12557,pay_104111,Network Timeout,GATEWAY_TIMEOUT,True
fail_12558,pay_101100,Network Timeout,GATEWAY_TIMEOUT,True
fail_12559,pay_103261,OTP Failed,OTP_AUTHENTICATION_FAILED,True
fail_12560,pay_100767,Network Timeout,GATEWAY_TIMEOUT,True
fail_12561,pay_104280,Network Timeout,GATEWAY_TIMEOUT,True
fail_12562,pay_101798,Network Timeout,GATEWAY_TIMEOUT,True
fail_12563,pay_102768,Bank Declined,BANK_DECLINED_TRANSACTION,False
fail_12564,pay_103055,Bank Declined,BANK_DECLINED_TRANSACTION,False
fail_12565,pay_101794,Bank Declined,BANK_DECLINED_TRANSACTION,False
fail_12566,pay_100784,Bank Declined,BANK_DECLINED_TRANSACTION,False
fail_12567,pay_100621,Bank Declined,BANK_DECLINED_TRANSACTION,False
fail_12568,pay_102959,User Abandoned,BAD_REQUEST_ABANDONED,True
fail_12569,pay_104725,Insufficient Funds,INSUFFICIENT_FUNDS,True
fail_12570,pay_104452,Insufficient Funds,INSUFFICIENT_FUNDS,True
fail_12571,pay_103970,User Abandoned,BAD_REQUEST_ABANDONED,True
fail_12572,pay_101201,Network Timeout,GATEWAY_TIMEOUT,True
fail_12573,pay_103845,Bank Declined,BANK_DECLINED_TRANSACTION,False
fail_12574,pay_100972,Bank Declined,BANK_DECLINED_TRANSACTION,False
fail_12575,pay_103137,Network Timeout,GATEWAY_TIMEOUT,True
fail_12576,pay_102238,Bank Declined,BANK_DECLINED_TRANSACTION,False
fail_12577,pay_101419,User Abandoned,BAD_REQUEST_ABANDONED,True
fail_12578,pay_102455,Gateway Error,GATEWAY_INTERNAL_ERROR,True
fail_12579,pay_100708,User Abandoned,BAD_REQUEST_ABANDONED,True
fail_12580,pay_103497,Insufficient Funds,INSUFFICIENT_FUNDS,True
fail_12581,pay_100075,User Abandoned,BAD_REQUEST_ABANDONED,True
fail_12582,pay_102979,Network Timeout,GATEWAY_TIMEOUT,True
fail_12583,pay_101540,OTP Failed,OTP_AUTHENTICATION_FAILED,True
fail_12584,pay_103989,Gateway Error,GATEWAY_INTERNAL_ERROR,True
fail_12585,pay_100518,User Abandoned,BAD_REQUEST_ABANDONED,True
fail_12586,pay_103873,Network Timeout,GATEWAY_TIMEOUT,True
fail_12587,pay_104115,Gateway Error,GATEWAY_INTERNAL_ERROR,True
fail_12588,pay_102458,Network Timeout,GATEWAY_TIMEOUT,True
fail_12589,pay_103450,OTP Failed,OTP_AUTHENTICATION_FAILED,True
fail_12590,pay_102462,Bank Declined,BANK_DECLINED_TRANSACTION,False
fail_12591,pay_100943,Gateway Error,GATEWAY_INTERNAL_ERROR,True
fail_12592,pay_100973,Insufficient Funds,INSUFFICIENT_FUNDS,True
fail_12593,pay_103409,User Abandoned,BAD_REQUEST_ABANDONED,True
fail_12594,pay_100289,Insufficient Funds,INSUFFICIENT_FUNDS,True
fail_12595,pay_102394,OTP Failed,OTP_AUTHENTICATION_FAILED,True
fail_12596,pay_102025,Network Timeout,GATEWAY_TIMEOUT,True
fail_12597,pay_101788,Gateway Error,GATEWAY_INTERNAL_ERROR,True
fail_12598,pay_103937,Insufficient Funds,INSUFFICIENT_FUNDS,True
fail_12599,pay_103635,Gateway Error,GATEWAY_INTERNAL_ERROR,True
fail_12600,pay_102912,Network Timeout,GATEWAY_TIMEOUT,True
fail_12601,pay_104605,Insufficient Funds,INSUFFICIENT_FUNDS,True
fail_12602,pay_100108,OTP Failed,OTP_AUTHENTICATION_FAILED,True
fail_12603,pay_103122,Network Timeout,GATEWAY_TIMEOUT,True
fail_12604,pay_100123,OTP Failed,OTP_AUTHENTICATION_FAILED,True
fail_12605,pay_104416,User Abandoned,BAD_REQUEST_ABANDONED,True
fail_12606,pay_102548,Gateway Error,GATEWAY_INTERNAL_ERROR,True
fail_12607,pay_104706,Insufficient Funds,INSUFFICIENT_FUNDS,True
fail_12608,pay_101430,OTP Failed,OTP_AUTHENTICATION_FAILED,True
fail_12609,pay_102453,Bank Declined,BANK_DECLINED_TRANSACTION,False
fail_12610,pay_101711,Gateway Error,GATEWAY_INTERNAL_ERROR,True
fail_12611,pay_100069,Network Timeout,GATEWAY_TIMEOUT,True
fail_12612,pay_100366,Network Timeout,GATEWAY_TIMEOUT,True
fail_12613,pay_101101,Insufficient Funds,INSUFFICIENT_FUNDS,True
fail_12614,pay_102975,OTP Failed,OTP_AUTHENTICATION_FAILED,True
fail_12615,pay_101696,Insufficient Funds,INSUFFICIENT_FUNDS,True
fail_12616,pay_104484,Insufficient Funds,INSUFFICIENT_FUNDS,True
fail_12617,pay_101967,Insufficient Funds,INSUFFICIENT_FUNDS,True
fail_12618,pay_103138,Network Timeout,GATEWAY_TIMEOUT,True
fail_12619,pay_102526,OTP Failed,OTP_AUTHENTICATION_FAILED,True
fail_12620,pay_104866,Insufficient Funds,INSUFFICIENT_FUNDS,True
fail_12621,pay_101801,OTP Failed,OTP_AUTHENTICATION_FAILED,True
fail_12622,pay_103661,OTP Failed,OTP_AUTHENTICATION_FAILED,True
fail_12623,pay_103285,Network Timeout,GATEWAY_TIMEOUT,True
fail_12624,pay_104806,Bank Declined,BANK_DECLINED_TRANSACTION,False
fail_12625,pay_103559,Insufficient Funds,INSUFFICIENT_FUNDS,True
fail_12626,pay_101767,Insufficient Funds,INSUFFICIENT_FUNDS,True
fail_12627,pay_104342,User Abandoned,BAD_REQUEST_ABANDONED,True
fail_12628,pay_104480,User Abandoned,BAD_REQUEST_ABANDONED,True
fail_12629,pay_100473,User Abandoned,BAD_REQUEST_ABANDONED,True
fail_12630,pay_103089,Insufficient Funds,INSUFFICIENT_FUNDS,True
fail_12631,pay_101498,OTP Failed,OTP_AUTHENTICATION_FAILED,True
fail_12632,pay_100276,Insufficient Funds,INSUFFICIENT_FUNDS,True
fail_12633,pay_101074,Network Timeout,GATEWAY_TIMEOUT,True
fail_12634,pay_100053,Network Timeout,GATEWAY_TIMEOUT,True
fail_12635,pay_104179,OTP Failed,OTP_AUTHENTICATION_FAILED,True
fail_12636,pay_100709,OTP Failed,OTP_AUTHENTICATION_FAILED,True
fail_12637,pay_102643,User Abandoned,BAD_REQUEST_ABANDONED,True
fail_12638,pay_101247,Bank Declined,BANK_DECLINED_TRANSACTION,False
fail_12639,pay_101953,Network Timeout,GATEWAY_TIMEOUT,True
fail_12640,pay_102353,Gateway Error,GATEWAY_INTERNAL_ERROR,True
fail_12641,pay_102076,Gateway Error,GATEWAY_INTERNAL_ERROR,True
fail_12642,pay_102408,Insufficient Funds,INSUFFICIENT_FUNDS,True
fail_12643,pay_102464,Network Timeout,GATEWAY_TIMEOUT,True
fail_12644,pay_103953,User Abandoned,BAD_REQUEST_ABANDONED,True
fail_12645,pay_102715,Bank Declined,BANK_DECLINED_TRANSACTION,False
fail_12646,pay_103291,OTP Failed,OTP_AUTHENTICATION_FAILED,True
fail_12647,pay_103630,Insufficient Funds,INSUFFICIENT_FUNDS,True
fail_12648,pay_100230,Network Timeout,GATEWAY_TIMEOUT,True
fail_12649,pay_100484,Gateway Error,GATEWAY_INTERNAL_ERROR,True
fail_12650,pay_100072,Insufficient Funds,INSUFFICIENT_FUNDS,True
fail_12651,pay_100611,Gateway Error,GATEWAY_INTERNAL_ERROR,True
fail_12652,pay_104322,OTP Failed,OTP_AUTHENTICATION_FAILED,True
fail_12653,pay_104166,User Abandoned,BAD_REQUEST_ABANDONED,True
fail_12654,pay_104741,Network Timeout,GATEWAY_TIMEOUT,True
fail_12655,pay_100175,User Abandoned,BAD_REQUEST_ABANDONED,True
fail_12656,pay_102581,Gateway Error,GATEWAY_INTERNAL_ERROR,True
fail_12657,pay_102188,Insufficient Funds,INSUFFICIENT_FUNDS,True
fail_12658,pay_102729,Gateway Error,GATEWAY_INTERNAL_ERROR,True
fail_12659,pay_100938,Bank Declined,BANK_DECLINED_TRANSACTION,False
fail_12660,pay_102273,Network Timeout,GATEWAY_TIMEOUT,True
fail_12661,pay_103131,Gateway Error,GATEWAY_INTERNAL_ERROR,True
fail_12662,pay_102019,Bank Declined,BANK_DECLINED_TRANSACTION,False
fail_12663,pay_101212,Insufficient Funds,INSUFFICIENT_FUNDS,True
fail_12664,pay_101519,Gateway Error,GATEWAY_INTERNAL_ERROR,True
fail_12665,pay_100646,Gateway Error,GATEWAY_INTERNAL_ERROR,True
fail_12666,pay_104178,User Abandoned,BAD_REQUEST_ABANDONED,True
fail_12667,pay_100334,Network Timeout,GATEWAY_TIMEOUT,True
fail_12668,pay_102506,Bank Declined,BANK_DECLINED_TRANSACTION,False
fail_12669,pay_103015,Bank Declined,BANK_DECLINED_TRANSACTION,False
fail_12670,pay_100904,Insufficient Funds,INSUFFICIENT_FUNDS,True
fail_12671,pay_100113,Insufficient Funds,INSUFFICIENT_FUNDS,True
fail_12672,pay_100797,Network Timeout,GATEWAY_TIMEOUT,True
fail_12673,pay_104525,Bank Declined,BANK_DECLINED_TRANSACTION,False
fail_12674,pay_100915,Insufficient Funds,INSUFFICIENT_FUNDS,True
fail_12675,pay_102003,Network Timeout,GATEWAY_TIMEOUT,True
fail_12676,pay_101554,Network Timeout,GATEWAY_TIMEOUT,True
fail_12677,pay_100204,Bank Declined,BANK_DECLINED_TRANSACTION,False
fail_12678,pay_104049,Insufficient Funds,INSUFFICIENT_FUNDS,True
fail_12679,pay_102844,OTP Failed,OTP_AUTHENTICATION_FAILED,True
fail_12680,pay_102845,OTP Failed,OTP_AUTHENTICATION_FAILED,True
fail_12681,pay_102179,Bank Declined,BANK_DECLINED_TRANSACTION,False
fail_12682,pay_100870,Insufficient Funds,INSUFFICIENT_FUNDS,True
fail_12683,pay_102990,Bank Declined,BANK_DECLINED_TRANSACTION,False
fail_12684,pay_101742,Network Timeout,GATEWAY_TIMEOUT,True
fail_12685,pay_100221,Gateway Error,GATEWAY_INTERNAL_ERROR,True
fail_12686,pay_100536,Bank Declined,BANK_DECLINED_TRANSACTION,False
fail_12687,pay_104423,OTP Failed,OTP_AUTHENTICATION_FAILED,True
fail_12688,pay_103442,User Abandoned,BAD_REQUEST_ABANDONED,True
fail_12689,pay_101457,User Abandoned,BAD_REQUEST_ABANDONED,True
fail_12690,pay_103883,Bank Declined,BANK_DECLINED_TRANSACTION,False
fail_12691,pay_101802,Gateway Error,GATEWAY_INTERNAL_ERROR,True
fail_12692,pay_104024,Insufficient Funds,INSUFFICIENT_FUNDS,True
fail_12693,pay_102336,Insufficient Funds,INSUFFICIENT_FUNDS,True
fail_12694,pay_101565,Bank Declined,BANK_DECLINED_TRANSACTION,False
fail_12695,pay_102390,Insufficient Funds,INSUFFICIENT_FUNDS,True
fail_12696,pay_102204,Network Timeout,GATEWAY_TIMEOUT,True
fail_12697,pay_100791,Bank Declined,BANK_DECLINED_TRANSACTION,False
fail_12698,pay_101852,Network Timeout,GATEWAY_TIMEOUT,True
fail_12699,pay_103396,Bank Declined,BANK_DECLINED_TRANSACTION,False
fail_12700,pay_100505,OTP Failed,OTP_AUTHENTICATION_FAILED,True
fail_12701,pay_100832,Network Timeout,GATEWAY_TIMEOUT,True
fail_12702,pay_101367,Insufficient Funds,INSUFFICIENT_FUNDS,True
fail_12703,pay_102046,Insufficient Funds,INSUFFICIENT_FUNDS,True
fail_12704,pay_102242,Network Timeout,GATEWAY_TIMEOUT,True
fail_12705,pay_104105,Bank Declined,BANK_DECLINED_TRANSACTION,False
fail_12706,pay_103586,Network Timeout,GATEWAY_TIMEOUT,True
fail_12707,pay_103452,Network Timeout,GATEWAY_TIMEOUT,True
fail_12708,pay_104443,Bank Declined,BANK_DECLINED_TRANSACTION,False
fail_12709,pay_104046,User Abandoned,BAD_REQUEST_ABANDONED,True
fail_12710,pay_102644,Bank Declined,BANK_DECLINED_TRANSACTION,False
fail_12711,pay_104758,Insufficient Funds,INSUFFICIENT_FUNDS,True
fail_12712,pay_103816,OTP Failed,OTP_AUTHENTICATION_FAILED,True
fail_12713,pay_101918,Insufficient Funds,INSUFFICIENT_FUNDS,True
fail_12714,pay_103142,Bank Declined,BANK_DECLINED_TRANSACTION,False
fail_12715,pay_102577,Gateway Error,GATEWAY_INTERNAL_ERROR,True
fail_12716,pay_103980,Insufficient Funds,INSUFFICIENT_FUNDS,True
fail_12717,pay_102216,Gateway Error,GATEWAY_INTERNAL_ERROR,True
fail_12718,pay_103665,Bank Declined,BANK_DECLINED_TRANSACTION,False
fail_12719,pay_100030,Network Timeout,GATEWAY_TIMEOUT,True
fail_12720,pay_102434,Bank Declined,BANK_DECLINED_TRANSACTION,False
fail_12721,pay_100019,Bank Declined,BANK_DECLINED_TRANSACTION,False
fail_12722,pay_101889,Gateway Error,GATEWAY_INTERNAL_ERROR,True
fail_12723,pay_101330,OTP Failed,OTP_AUTHENTICATION_FAILED,True
fail_12724,pay_101056,Gateway Error,GATEWAY_INTERNAL_ERROR,True
fail_12725,pay_102039,User Abandoned,BAD_REQUEST_ABANDONED,True
fail_12726,pay_101372,Gateway Error,GATEWAY_INTERNAL_ERROR,True
fail_12727,pay_100213,User Abandoned,BAD_REQUEST_ABANDONED,True
fail_12728,pay_104226,Insufficient Funds,INSUFFICIENT_FUNDS,True
fail_12729,pay_103499,OTP Failed,OTP_AUTHENTICATION_FAILED,True
fail_12730,pay_101472,User Abandoned,BAD_REQUEST_ABANDONED,True
fail_12731,pay_103746,Insufficient Funds,INSUFFICIENT_FUNDS,True
fail_12732,pay_101318,OTP Failed,OTP_AUTHENTICATION_FAILED,True
fail_12733,pay_100882,Gateway Error,GATEWAY_INTERNAL_ERROR,True
fail_12734,pay_102381,Insufficient Funds,INSUFFICIENT_FUNDS,True
fail_12735,pay_103079,Network Timeout,GATEWAY_TIMEOUT,True
fail_12736,pay_101091,User Abandoned,BAD_REQUEST_ABANDONED,True
fail_12737,pay_101183,Network Timeout,GATEWAY_TIMEOUT,True
fail_12738,pay_104143,Insufficient Funds,INSUFFICIENT_FUNDS,True
fail_12739,pay_104321,Bank Declined,BANK_DECLINED_TRANSACTION,False
fail_12740,pay_102734,User Abandoned,BAD_REQUEST_ABANDONED,True
fail_12741,pay_103555,User Abandoned,BAD_REQUEST_ABANDONED,True
fail_12742,pay_100218,Gateway Error,GATEWAY_INTERNAL_ERROR,True
fail_12743,pay_101642,Bank Declined,BANK_DECLINED_TRANSACTION,False
fail_12744,pay_100266,Network Timeout,GATEWAY_TIMEOUT,True
fail_12745,pay_103615,OTP Failed,OTP_AUTHENTICATION_FAILED,True
fail_12746,pay_100868,Insufficient Funds,INSUFFICIENT_FUNDS,True
fail_12747,pay_100922,Bank Declined,BANK_DECLINED_TRANSACTION,False
fail_12748,pay_104003,Network Timeout,GATEWAY_TIMEOUT,True
fail_12749,pay_102859,Insufficient Funds,INSUFFICIENT_FUNDS,True
fail_12750,pay_103779,Insufficient Funds,INSUFFICIENT_FUNDS,True
fail_12751,pay_100185,Gateway Error,GATEWAY_INTERNAL_ERROR,True
fail_12752,pay_104544,Bank Declined,BANK_DECLINED_TRANSACTION,False
fail_12753,pay_104941,Bank Declined,BANK_DECLINED_TRANSACTION,False
fail_12754,pay_104464,Network Timeout,GATEWAY_TIMEOUT,True
fail_12755,pay_100046,Gateway Error,GATEWAY_INTERNAL_ERROR,True
fail_12756,pay_104296,OTP Failed,OTP_AUTHENTICATION_FAILED,True
fail_12757,pay_100688,OTP Failed,OTP_AUTHENTICATION_FAILED,True
fail_12758,pay_103600,User Abandoned,BAD_REQUEST_ABANDONED,True
fail_12759,pay_104093,Bank Declined,BANK_DECLINED_TRANSACTION,False
fail_12760,pay_102801,OTP Failed,OTP_AUTHENTICATION_FAILED,True
fail_12761,pay_103811,Gateway Error,GATEWAY_INTERNAL_ERROR,True
fail_12762,pay_101262,Network Timeout,GATEWAY_TIMEOUT,True
fail_12763,pay_101728,OTP Failed,OTP_AUTHENTICATION_FAILED,True
fail_12764,pay_102145,Insufficient Funds,INSUFFICIENT_FUNDS,True
fail_12765,pay_101292,Network Timeout,GATEWAY_TIMEOUT,True
fail_12766,pay_104528,Insufficient Funds,INSUFFICIENT_FUNDS,True
fail_12767,pay_100029,Insufficient Funds,INSUFFICIENT_FUNDS,True
fail_12768,pay_103813,Insufficient Funds,INSUFFICIENT_FUNDS,True
fail_12769,pay_102520,Network Timeout,GATEWAY_TIMEOUT,True
fail_12770,pay_104415,Bank Declined,BANK_DECLINED_TRANSACTION,False
fail_12771,pay_102156,Network Timeout,GATEWAY_TIMEOUT,True
fail_12772,pay_100934,Bank Declined,BANK_DECLINED_TRANSACTION,False
fail_12773,pay_103488,Bank Declined,BANK_DECLINED_TRANSACTION,False
fail_12774,pay_100799,Insufficient Funds,INSUFFICIENT_FUNDS,True
fail_12775,pay_103355,Network Timeout,GATEWAY_TIMEOUT,True
fail_12776,pay_103124,OTP Failed,OTP_AUTHENTICATION_FAILED,True
fail_12777,pay_104027,Bank Declined,BANK_DECLINED_TRANSACTION,False
fail_12778,pay_100284,OTP Failed,OTP_AUTHENTICATION_FAILED,True
fail_12779,pay_103623,Bank Declined,BANK_DECLINED_TRANSACTION,False
fail_12780,pay_102134,Network Timeout,GATEWAY_TIMEOUT,True
fail_12781,pay_101219,Insufficient Funds,INSUFFICIENT_FUNDS,True
fail_12782,pay_102077,Bank Declined,BANK_DECLINED_TRANSACTION,False
fail_12783,pay_103550,Network Timeout,GATEWAY_TIMEOUT,True
fail_12784,pay_100120,Gateway Error,GATEWAY_INTERNAL_ERROR,True
fail_12785,pay_103743,Network Timeout,GATEWAY_TIMEOUT,True
fail_12786,pay_102564,Bank Declined,BANK_DECLINED_TRANSACTION,False
fail_12787,pay_103080,Bank Declined,BANK_DECLINED_TRANSACTION,False
fail_12788,pay_103859,User Abandoned,BAD_REQUEST_ABANDONED,True
fail_12789,pay_100297,User Abandoned,BAD_REQUEST_ABANDONED,True
fail_12790,pay_103103,Gateway Error,GATEWAY_INTERNAL_ERROR,True
fail_12791,pay_100003,Insufficient Funds,INSUFFICIENT_FUNDS,True
fail_12792,pay_101417,Gateway Error,GATEWAY_INTERNAL_ERROR,True
fail_12793,pay_101991,Network Timeout,GATEWAY_TIMEOUT,True
fail_12794,pay_102840,Insufficient Funds,INSUFFICIENT_FUNDS,True
fail_12795,pay_102915,Network Timeout,GATEWAY_TIMEOUT,True
fail_12796,pay_100755,Insufficient Funds,INSUFFICIENT_FUNDS,True
fail_12797,pay_100081,OTP Failed,OTP_AUTHENTICATION_FAILED,True
fail_12798,pay_104877,Bank Declined,BANK_DECLINED_TRANSACTION,False
fail_12799,pay_104764,Insufficient Funds,INSUFFICIENT_FUNDS,True
fail_12800,pay_100139,Bank Declined,BANK_DECLINED_TRANSACTION,False
fail_12801,pay_101038,Network Timeout,GATEWAY_TIMEOUT,True
fail_12802,pay_102953,Gateway Error,GATEWAY_INTERNAL_ERROR,True
fail_12803,pay_104609,Network Timeout,GATEWAY_TIMEOUT,True
fail_12804,pay_102317,OTP Failed,OTP_AUTHENTICATION_FAILED,True
fail_12805,pay_103892,Bank Declined,BANK_DECLINED_TRANSACTION,False
fail_12806,pay_103260,Gateway Error,GATEWAY_INTERNAL_ERROR,True
fail_12807,pay_100090,Gateway Error,GATEWAY_INTERNAL_ERROR,True
fail_12808,pay_100353,Network Timeout,GATEWAY_TIMEOUT,True
fail_12809,pay_102998,Bank Declined,BANK_DECLINED_TRANSACTION,False
fail_12810,pay_103618,Bank Declined,BANK_DECLINED_TRANSACTION,False
fail_12811,pay_102660,OTP Failed,OTP_AUTHENTICATION_FAILED,True
fail_12812,pay_102933,Bank Declined,BANK_DECLINED_TRANSACTION,False
fail_12813,pay_101923,User Abandoned,BAD_REQUEST_ABANDONED,True
fail_12814,pay_100154,OTP Failed,OTP_AUTHENTICATION_FAILED,True
fail_12815,pay_104283,Network Timeout,GATEWAY_TIMEOUT,True
fail_12816,pay_102006,OTP Failed,OTP_AUTHENTICATION_FAILED,True
fail_12817,pay_100434,Insufficient Funds,INSUFFICIENT_FUNDS,True
fail_12818,pay_100632,Insufficient Funds,INSUFFICIENT_FUNDS,True
fail_12819,pay_100620,Insufficient Funds,INSUFFICIENT_FUNDS,True
fail_12820,pay_101099,OTP Failed,OTP_AUTHENTICATION_FAILED,True
fail_12821,pay_102716,OTP Failed,OTP_AUTHENTICATION_FAILED,True
fail_12822,pay_100406,Bank Declined,BANK_DECLINED_TRANSACTION,False
fail_12823,pay_103324,Insufficient Funds,INSUFFICIENT_FUNDS,True
fail_12824,pay_100004,Bank Declined,BANK_DECLINED_TRANSACTION,False
fail_12825,pay_101443,Gateway Error,GATEWAY_INTERNAL_ERROR,True
fail_12826,pay_103219,Insufficient Funds,INSUFFICIENT_FUNDS,True
fail_12827,pay_100237,User Abandoned,BAD_REQUEST_ABANDONED,True
fail_12828,pay_100472,Insufficient Funds,INSUFFICIENT_FUNDS,True
fail_12829,pay_103675,OTP Failed,OTP_AUTHENTICATION_FAILED,True
fail_12830,pay_103172,Gateway Error,GATEWAY_INTERNAL_ERROR,True
fail_12831,pay_102565,Network Timeout,GATEWAY_TIMEOUT,True
fail_12832,pay_100993,Gateway Error,GATEWAY_INTERNAL_ERROR,True
fail_12833,pay_101495,Insufficient Funds,INSUFFICIENT_FUNDS,True
fail_12834,pay_100794,Network Timeout,GATEWAY_TIMEOUT,True
fail_12835,pay_102761,User Abandoned,BAD_REQUEST_ABANDONED,True
fail_12836,pay_101740,Bank Declined,BANK_DECLINED_TRANSACTION,False
fail_12837,pay_104615,Bank Declined,BANK_DECLINED_TRANSACTION,False
fail_12838,pay_101152,Gateway Error,GATEWAY_INTERNAL_ERROR,True
fail_12839,pay_103217,Gateway Error,GATEWAY_INTERNAL_ERROR,True
fail_12840,pay_103774,Network Timeout,GATEWAY_TIMEOUT,True
fail_12841,pay_104190,Gateway Error,GATEWAY_INTERNAL_ERROR,True
fail_12842,pay_100546,Bank Declined,BANK_DECLINED_TRANSACTION,False
fail_12843,pay_104519,Gateway Error,GATEWAY_INTERNAL_ERROR,True
fail_12844,pay_102759,Insufficient Funds,INSUFFICIENT_FUNDS,True
fail_12845,pay_104669,Network Timeout,GATEWAY_TIMEOUT,True
fail_12846,pay_101686,Gateway Error,GATEWAY_INTERNAL_ERROR,True
fail_12847,pay_102989,Insufficient Funds,INSUFFICIENT_FUNDS,True
fail_12848,pay_100953,Network Timeout,GATEWAY_TIMEOUT,True
fail_12849,pay_104742,Gateway Error,GATEWAY_INTERNAL_ERROR,True
fail_12850,pay_101436,Bank Declined,BANK_DECLINED_TRANSACTION,False
fail_12851,pay_104709,Network Timeout,GATEWAY_TIMEOUT,True
fail_12852,pay_104335,Gateway Error,GATEWAY_INTERNAL_ERROR,True
fail_12853,pay_103668,Bank Declined,BANK_DECLINED_TRANSACTION,False
fail_12854,pay_104034,Bank Declined,BANK_DECLINED_TRANSACTION,False
fail_12855,pay_100499,Insufficient Funds,INSUFFICIENT_FUNDS,True
fail_12856,pay_103007,Insufficient Funds,INSUFFICIENT_FUNDS,True
fail_12857,pay_104327,Gateway Error,GATEWAY_INTERNAL_ERROR,True
fail_12858,pay_101840,OTP Failed,OTP_AUTHENTICATION_FAILED,True
fail_12859,pay_101332,User Abandoned,BAD_REQUEST_ABANDONED,True
fail_12860,pay_102275,User Abandoned,BAD_REQUEST_ABANDONED,True
fail_12861,pay_102693,Network Timeout,GATEWAY_TIMEOUT,True
fail_12862,pay_101058,OTP Failed,OTP_AUTHENTICATION_FAILED,True
fail_12863,pay_103770,Network Timeout,GATEWAY_TIMEOUT,True
fail_12864,pay_100776,Bank Declined,BANK_DECLINED_TRANSACTION,False
fail_12865,pay_104129,Network Timeout,GATEWAY_TIMEOUT,True
fail_12866,pay_102340,Network Timeout,GATEWAY_TIMEOUT,True
fail_12867,pay_102249,OTP Failed,OTP_AUTHENTICATION_FAILED,True
fail_12868,pay_103368,User Abandoned,BAD_REQUEST_ABANDONED,True
fail_12869,pay_102924,Bank Declined,BANK_DECLINED_TRANSACTION,False
fail_12870,pay_102475,Bank Declined,BANK_DECLINED_TRANSACTION,False
fail_12871,pay_102223,Network Timeout,GATEWAY_TIMEOUT,True
fail_12872,pay_103070,Gateway Error,GATEWAY_INTERNAL_ERROR,True
fail_12873,pay_102961,Network Timeout,GATEWAY_TIMEOUT,True
fail_12874,pay_103566,Network Timeout,GATEWAY_TIMEOUT,True
fail_12875,pay_104067,Network Timeout,GATEWAY_TIMEOUT,True
fail_12876,pay_103562,Insufficient Funds,INSUFFICIENT_FUNDS,True
fail_12877,pay_104658,Insufficient Funds,INSUFFICIENT_FUNDS,True
fail_12878,pay_101373,Network Timeout,GATEWAY_TIMEOUT,True
fail_12879,pay_103208,User Abandoned,BAD_REQUEST_ABANDONED,True
fail_12880,pay_101184,Bank Declined,BANK_DECLINED_TRANSACTION,False
fail_12881,pay_104561,Insufficient Funds,INSUFFICIENT_FUNDS,True
fail_12882,pay_102069,Network Timeout,GATEWAY_TIMEOUT,True
fail_12883,pay_101677,Network Timeout,GATEWAY_TIMEOUT,True
fail_12884,pay_100463,Insufficient Funds,INSUFFICIENT_FUNDS,True
fail_12885,pay_102494,User Abandoned,BAD_REQUEST_ABANDONED,True
fail_12886,pay_104735,Bank Declined,BANK_DECLINED_TRANSACTION,False
fail_12887,pay_102419,Network Timeout,GATEWAY_TIMEOUT,True
fail_12888,pay_100731,Insufficient Funds,INSUFFICIENT_FUNDS,True
fail_12889,pay_100928,Bank Declined,BANK_DECLINED_TRANSACTION,False
fail_12890,pay_100971,Insufficient Funds,INSUFFICIENT_FUNDS,True
fail_12891,pay_100274,Gateway Error,GATEWAY_INTERNAL_ERROR,True
fail_12892,pay_104250,Bank Declined,BANK_DECLINED_TRANSACTION,False
fail_12893,pay_100164,Bank Declined,BANK_DECLINED_TRANSACTION,False
fail_12894,pay_101078,Gateway Error,GATEWAY_INTERNAL_ERROR,True
fail_12895,pay_104341,Network Timeout,GATEWAY_TIMEOUT,True
fail_12896,pay_102697,Network Timeout,GATEWAY_TIMEOUT,True
fail_12897,pay_103923,Insufficient Funds,INSUFFICIENT_FUNDS,True
fail_12898,pay_100424,Gateway Error,GATEWAY_INTERNAL_ERROR,True
fail_12899,pay_104825,Bank Declined,BANK_DECLINED_TRANSACTION,False
fail_12900,pay_100623,OTP Failed,OTP_AUTHENTICATION_FAILED,True
fail_12901,pay_101224,Gateway Error,GATEWAY_INTERNAL_ERROR,True
fail_12902,pay_102289,Gateway Error,GATEWAY_INTERNAL_ERROR,True
fail_12903,pay_101479,Network Timeout,GATEWAY_TIMEOUT,True
fail_12904,pay_103460,Insufficient Funds,INSUFFICIENT_FUNDS,True
fail_12905,pay_100571,Network Timeout,GATEWAY_TIMEOUT,True
fail_12906,pay_104445,Bank Declined,BANK_DECLINED_TRANSACTION,False
fail_12907,pay_100247,Bank Declined,BANK_DECLINED_TRANSACTION,False
fail_12908,pay_104212,Insufficient Funds,INSUFFICIENT_FUNDS,True
fail_12909,pay_101190,User Abandoned,BAD_REQUEST_ABANDONED,True
fail_12910,pay_103988,Bank Declined,BANK_DECLINED_TRANSACTION,False
fail_12911,pay_101042,Gateway Error,GATEWAY_INTERNAL_ERROR,True
fail_12912,pay_101634,Insufficient Funds,INSUFFICIENT_FUNDS,True
fail_12913,pay_102748,Insufficient Funds,INSUFFICIENT_FUNDS,True
fail_12914,pay_101308,User Abandoned,BAD_REQUEST_ABANDONED,True
fail_12915,pay_101484,Bank Declined,BANK_DECLINED_TRANSACTION,False
fail_12916,pay_102472,Insufficient Funds,INSUFFICIENT_FUNDS,True
fail_12917,pay_104029,Bank Declined,BANK_DECLINED_TRANSACTION,False
fail_12918,pay_103554,OTP Failed,OTP_AUTHENTICATION_FAILED,True
fail_12919,pay_104317,Network Timeout,GATEWAY_TIMEOUT,True
fail_12920,pay_101583,Bank Declined,BANK_DECLINED_TRANSACTION,False
fail_12921,pay_102016,Network Timeout,GATEWAY_TIMEOUT,True
fail_12922,pay_103284,Network Timeout,GATEWAY_TIMEOUT,True
fail_12923,pay_103885,Bank Declined,BANK_DECLINED_TRANSACTION,False
fail_12924,pay_101887,OTP Failed,OTP_AUTHENTICATION_FAILED,True
fail_12925,pay_104146,Insufficient Funds,INSUFFICIENT_FUNDS,True
fail_12926,pay_104353,Bank Declined,BANK_DECLINED_TRANSACTION,False
fail_12927,pay_104044,User Abandoned,BAD_REQUEST_ABANDONED,True
fail_12928,pay_101718,Bank Declined,BANK_DECLINED_TRANSACTION,False
fail_12929,pay_103764,Insufficient Funds,INSUFFICIENT_FUNDS,True
fail_12930,pay_100495,Gateway Error,GATEWAY_INTERNAL_ERROR,True
fail_12931,pay_104876,Network Timeout,GATEWAY_TIMEOUT,True
fail_12932,pay_103415,Network Timeout,GATEWAY_TIMEOUT,True
fail_12933,pay_103697,OTP Failed,OTP_AUTHENTICATION_FAILED,True
fail_12934,pay_100959,Gateway Error,GATEWAY_INTERNAL_ERROR,True
fail_12935,pay_103271,Gateway Error,GATEWAY_INTERNAL_ERROR,True
fail_12936,pay_101251,Bank Declined,BANK_DECLINED_TRANSACTION,False
fail_12937,pay_102356,OTP Failed,OTP_AUTHENTICATION_FAILED,True
fail_12938,pay_100906,Gateway Error,GATEWAY_INTERNAL_ERROR,True
fail_12939,pay_100064,Bank Declined,BANK_DECLINED_TRANSACTION,False
fail_12940,pay_100372,Insufficient Funds,INSUFFICIENT_FUNDS,True
fail_12941,pay_103259,Insufficient Funds,INSUFFICIENT_FUNDS,True
fail_12942,pay_102191,Network Timeout,GATEWAY_TIMEOUT,True
fail_12943,pay_101834,Bank Declined,BANK_DECLINED_TRANSACTION,False
fail_12944,pay_101494,Network Timeout,GATEWAY_TIMEOUT,True
fail_12945,pay_103652,Gateway Error,GATEWAY_INTERNAL_ERROR,True
fail_12946,pay_103478,Insufficient Funds,INSUFFICIENT_FUNDS,True
fail_12947,pay_103546,Network Timeout,GATEWAY_TIMEOUT,True
fail_12948,pay_103617,Gateway Error,GATEWAY_INTERNAL_ERROR,True
fail_12949,pay_101761,User Abandoned,BAD_REQUEST_ABANDONED,True
fail_12950,pay_100162,Insufficient Funds,INSUFFICIENT_FUNDS,True
fail_12951,pay_102563,Network Timeout,GATEWAY_TIMEOUT,True
fail_12952,pay_100961,Insufficient Funds,INSUFFICIENT_FUNDS,True
fail_12953,pay_101874,Network Timeout,GATEWAY_TIMEOUT,True
fail_12954,pay_100143,Gateway Error,GATEWAY_INTERNAL_ERROR,True
fail_12955,pay_103765,Gateway Error,GATEWAY_INTERNAL_ERROR,True
fail_12956,pay_102075,Bank Declined,BANK_DECLINED_TRANSACTION,False
fail_12957,pay_101339,Insufficient Funds,INSUFFICIENT_FUNDS,True
fail_12958,pay_101687,OTP Failed,OTP_AUTHENTICATION_FAILED,True
fail_12959,pay_103484,Bank Declined,BANK_DECLINED_TRANSACTION,False
fail_12960,pay_103141,Bank Declined,BANK_DECLINED_TRANSACTION,False
fail_12961,pay_102508,OTP Failed,OTP_AUTHENTICATION_FAILED,True
fail_12962,pay_102914,OTP Failed,OTP_AUTHENTICATION_FAILED,True
fail_12963,pay_101130,Gateway Error,GATEWAY_INTERNAL_ERROR,True
fail_12964,pay_100686,User Abandoned,BAD_REQUEST_ABANDONED,True
fail_12965,pay_100163,Gateway Error,GATEWAY_INTERNAL_ERROR,True
fail_12966,pay_102745,Bank Declined,BANK_DECLINED_TRANSACTION,False
fail_12967,pay_101865,Network Timeout,GATEWAY_TIMEOUT,True
fail_12968,pay_104895,OTP Failed,OTP_AUTHENTICATION_FAILED,True
fail_12969,pay_100941,Bank Declined,BANK_DECLINED_TRANSACTION,False
fail_12970,pay_100584,OTP Failed,OTP_AUTHENTICATION_FAILED,True
fail_12971,pay_103290,Insufficient Funds,INSUFFICIENT_FUNDS,True
fail_12972,pay_104645,User Abandoned,BAD_REQUEST_ABANDONED,True
fail_12973,pay_103273,Gateway Error,GATEWAY_INTERNAL_ERROR,True
fail_12974,pay_104160,Insufficient Funds,INSUFFICIENT_FUNDS,True
fail_12975,pay_102059,Gateway Error,GATEWAY_INTERNAL_ERROR,True
fail_12976,pay_103314,Gateway Error,GATEWAY_INTERNAL_ERROR,True
fail_12977,pay_103187,Gateway Error,GATEWAY_INTERNAL_ERROR,True
fail_12978,pay_102162,Network Timeout,GATEWAY_TIMEOUT,True
fail_12979,pay_101846,Network Timeout,GATEWAY_TIMEOUT,True
fail_12980,pay_102072,OTP Failed,OTP_AUTHENTICATION_FAILED,True
fail_12981,pay_100026,Insufficient Funds,INSUFFICIENT_FUNDS,True
fail_12982,pay_104470,Network Timeout,GATEWAY_TIMEOUT,True
fail_12983,pay_104983,Bank Declined,BANK_DECLINED_TRANSACTION,False
fail_12984,pay_103732,Gateway Error,GATEWAY_INTERNAL_ERROR,True
fail_12985,pay_103311,OTP Failed,OTP_AUTHENTICATION_FAILED,True
fail_12986,pay_103690,Insufficient Funds,INSUFFICIENT_FUNDS,True
fail_12987,pay_103165,Insufficient Funds,INSUFFICIENT_FUNDS,True
fail_12988,pay_102523,Network Timeout,GATEWAY_TIMEOUT,True
fail_12989,pay_101301,Insufficient Funds,INSUFFICIENT_FUNDS,True
fail_12990,pay_102224,Insufficient Funds,INSUFFICIENT_FUNDS,True
fail_12991,pay_104718,Bank Declined,BANK_DECLINED_TRANSACTION,False
fail_12992,pay_100956,Network Timeout,GATEWAY_TIMEOUT,True
fail_12993,pay_104174,Network Timeout,GATEWAY_TIMEOUT,True
fail_12994,pay_101955,Bank Declined,BANK_DECLINED_TRANSACTION,False
fail_12995,pay_102139,Insufficient Funds,INSUFFICIENT_FUNDS,True
fail_12996,pay_104402,Network Timeout,GATEWAY_TIMEOUT,True
fail_12997,pay_102133,Network Timeout,GATEWAY_TIMEOUT,True
fail_12998,pay_103317,Bank Declined,BANK_DECLINED_TRANSACTION,False
fail_12999,pay_104926,Network Timeout,GATEWAY_TIMEOUT,True
fail_13000,pay_102373,Insufficient Funds,INSUFFICIENT_FUNDS,True
fail_13001,pay_101167,Gateway Error,GATEWAY_INTERNAL_ERROR,True
fail_13002,pay_102545,OTP Failed,OTP_AUTHENTICATION_FAILED,True
fail_13003,pay_102002,Insufficient Funds,INSUFFICIENT_FUNDS,True
fail_13004,pay_100439,Network Timeout,GATEWAY_TIMEOUT,True
fail_13005,pay_104650,User Abandoned,BAD_REQUEST_ABANDONED,True
fail_13006,pay_102799,Insufficient Funds,INSUFFICIENT_FUNDS,True
fail_13007,pay_101319,User Abandoned,BAD_REQUEST_ABANDONED,True
fail_13008,pay_104794,User Abandoned,BAD_REQUEST_ABANDONED,True
fail_13009,pay_103459,User Abandoned,BAD_REQUEST_ABANDONED,True
fail_13010,pay_101665,Network Timeout,GATEWAY_TIMEOUT,True
fail_13011,pay_103040,Insufficient Funds,INSUFFICIENT_FUNDS,True
fail_13012,pay_103694,OTP Failed,OTP_AUTHENTICATION_FAILED,True
fail_13013,pay_103249,Gateway Error,GATEWAY_INTERNAL_ERROR,True
fail_13014,pay_101693,Gateway Error,GATEWAY_INTERNAL_ERROR,True
fail_13015,pay_103379,OTP Failed,OTP_AUTHENTICATION_FAILED,True
fail_13016,pay_102290,Network Timeout,GATEWAY_TIMEOUT,True
fail_13017,pay_102341,User Abandoned,BAD_REQUEST_ABANDONED,True
fail_13018,pay_101753,Network Timeout,GATEWAY_TIMEOUT,True
fail_13019,pay_102058,OTP Failed,OTP_AUTHENTICATION_FAILED,True
fail_13020,pay_101477,Network Timeout,GATEWAY_TIMEOUT,True
fail_13021,pay_104051,User Abandoned,BAD_REQUEST_ABANDONED,True
fail_13022,pay_101773,Network Timeout,GATEWAY_TIMEOUT,True
fail_13023,pay_100551,Bank Declined,BANK_DECLINED_TRANSACTION,False
fail_13024,pay_101282,User Abandoned,BAD_REQUEST_ABANDONED,True
fail_13025,pay_101920,Insufficient Funds,INSUFFICIENT_FUNDS,True
fail_13026,pay_102383,OTP Failed,OTP_AUTHENTICATION_FAILED,True
fail_13027,pay_102011,Bank Declined,BANK_DECLINED_TRANSACTION,False
fail_13028,pay_103328,Network Timeout,GATEWAY_TIMEOUT,True
fail_13029,pay_104325,OTP Failed,OTP_AUTHENTICATION_FAILED,True
fail_13030,pay_101093,OTP Failed,OTP_AUTHENTICATION_FAILED,True
fail_13031,pay_102621,Network Timeout,GATEWAY_TIMEOUT,True
fail_13032,pay_101351,Bank Declined,BANK_DECLINED_TRANSACTION,False
fail_13033,pay_104624,Network Timeout,GATEWAY_TIMEOUT,True
fail_13034,pay_103404,Insufficient Funds,INSUFFICIENT_FUNDS,True
fail_13035,pay_103091,Insufficient Funds,INSUFFICIENT_FUNDS,True
fail_13036,pay_104161,Insufficient Funds,INSUFFICIENT_FUNDS,True
fail_13037,pay_102851,Bank Declined,BANK_DECLINED_TRANSACTION,False
fail_13038,pay_102573,Insufficient Funds,INSUFFICIENT_FUNDS,True
fail_13039,pay_101172,Network Timeout,GATEWAY_TIMEOUT,True
fail_13040,pay_104798,Network Timeout,GATEWAY_TIMEOUT,True
fail_13041,pay_100808,Network Timeout,GATEWAY_TIMEOUT,True
fail_13042,pay_102215,OTP Failed,OTP_AUTHENTICATION_FAILED,True
fail_13043,pay_104149,OTP Failed,OTP_AUTHENTICATION_FAILED,True
fail_13044,pay_104808,Insufficient Funds,INSUFFICIENT_FUNDS,True
fail_13045,pay_102682,Bank Declined,BANK_DECLINED_TRANSACTION,False
fail_13046,pay_104832,Gateway Error,GATEWAY_INTERNAL_ERROR,True
fail_13047,pay_103058,Network Timeout,GATEWAY_TIMEOUT,True
fail_13048,pay_102599,OTP Failed,OTP_AUTHENTICATION_FAILED,True
fail_13049,pay_102778,Network Timeout,GATEWAY_TIMEOUT,True
fail_13050,pay_101628,Bank Declined,BANK_DECLINED_TRANSACTION,False
fail_13051,pay_104497,Network Timeout,GATEWAY_TIMEOUT,True
fail_13052,pay_102834,User Abandoned,BAD_REQUEST_ABANDONED,True
fail_13053,pay_101065,OTP Failed,OTP_AUTHENTICATION_FAILED,True
fail_13054,pay_100093,Network Timeout,GATEWAY_TIMEOUT,True
fail_13055,pay_103022,OTP Failed,OTP_AUTHENTICATION_FAILED,True
fail_13056,pay_101384,Insufficient Funds,INSUFFICIENT_FUNDS,True
fail_13057,pay_102847,OTP Failed,OTP_AUTHENTICATION_FAILED,True
fail_13058,pay_104489,Network Timeout,GATEWAY_TIMEOUT,True
fail_13059,pay_102427,Gateway Error,GATEWAY_INTERNAL_ERROR,True
fail_13060,pay_100613,Insufficient Funds,INSUFFICIENT_FUNDS,True
fail_13061,pay_104251,OTP Failed,OTP_AUTHENTICATION_FAILED,True
fail_13062,pay_101880,OTP Failed,OTP_AUTHENTICATION_FAILED,True
fail_13063,pay_101467,Gateway Error,GATEWAY_INTERNAL_ERROR,True
fail_13064,pay_104625,Network Timeout,GATEWAY_TIMEOUT,True
fail_13065,pay_101760,Insufficient Funds,INSUFFICIENT_FUNDS,True
fail_13066,pay_101158,User Abandoned,BAD_REQUEST_ABANDONED,True
fail_13067,pay_101016,Bank Declined,BANK_DECLINED_TRANSACTION,False
fail_13068,pay_102404,Insufficient Funds,INSUFFICIENT_FUNDS,True
fail_13069,pay_102580,Network Timeout,GATEWAY_TIMEOUT,True
fail_13070,pay_104971,Insufficient Funds,INSUFFICIENT_FUNDS,True
fail_13071,pay_102874,Insufficient Funds,INSUFFICIENT_FUNDS,True
fail_13072,pay_101592,Network Timeout,GATEWAY_TIMEOUT,True
fail_13073,pay_100757,Bank Declined,BANK_DECLINED_TRANSACTION,False
fail_13074,pay_104384,OTP Failed,OTP_AUTHENTICATION_FAILED,True
fail_13075,pay_103423,Bank Declined,BANK_DECLINED_TRANSACTION,False
fail_13076,pay_103814,Bank Declined,BANK_DECLINED_TRANSACTION,False
fail_13077,pay_103062,Gateway Error,GATEWAY_INTERNAL_ERROR,True
fail_13078,pay_101284,Gateway Error,GATEWAY_INTERNAL_ERROR,True
fail_13079,pay_104960,Network Timeout,GATEWAY_TIMEOUT,True
fail_13080,pay_100187,Bank Declined,BANK_DECLINED_TRANSACTION,False
fail_13081,pay_102543,Insufficient Funds,INSUFFICIENT_FUNDS,True
fail_13082,pay_103530,OTP Failed,OTP_AUTHENTICATION_FAILED,True
fail_13083,pay_101944,Network Timeout,GATEWAY_TIMEOUT,True
fail_13084,pay_104880,Insufficient Funds,INSUFFICIENT_FUNDS,True
fail_13085,pay_104934,User Abandoned,BAD_REQUEST_ABANDONED,True
fail_13086,pay_100378,Bank Declined,BANK_DECLINED_TRANSACTION,False
fail_13087,pay_100633,User Abandoned,BAD_REQUEST_ABANDONED,True
fail_13088,pay_103736,User Abandoned,BAD_REQUEST_ABANDONED,True
fail_13089,pay_101717,Insufficient Funds,INSUFFICIENT_FUNDS,True
fail_13090,pay_102568,User Abandoned,BAD_REQUEST_ABANDONED,True
fail_13091,pay_104400,User Abandoned,BAD_REQUEST_ABANDONED,True
fail_13092,pay_104505,User Abandoned,BAD_REQUEST_ABANDONED,True
fail_13093,pay_102591,Bank Declined,BANK_DECLINED_TRANSACTION,False
fail_13094,pay_104249,Insufficient Funds,INSUFFICIENT_FUNDS,True
fail_13095,pay_103227,Insufficient Funds,INSUFFICIENT_FUNDS,True
fail_13096,pay_102919,Network Timeout,GATEWAY_TIMEOUT,True
fail_13097,pay_103963,Gateway Error,GATEWAY_INTERNAL_ERROR,True
fail_13098,pay_104055,Insufficient Funds,INSUFFICIENT_FUNDS,True
fail_13099,pay_101747,Gateway Error,GATEWAY_INTERNAL_ERROR,True
fail_13100,pay_101771,Insufficient Funds,INSUFFICIENT_FUNDS,True
fail_13101,pay_103950,Network Timeout,GATEWAY_TIMEOUT,True
fail_13102,pay_104663,Network Timeout,GATEWAY_TIMEOUT,True
fail_13103,pay_102723,Bank Declined,BANK_DECLINED_TRANSACTION,False
fail_13104,pay_100912,Bank Declined,BANK_DECLINED_TRANSACTION,False
fail_13105,pay_100769,Gateway Error,GATEWAY_INTERNAL_ERROR,True
fail_13106,pay_104954,Bank Declined,BANK_DECLINED_TRANSACTION,False
fail_13107,pay_101856,User Abandoned,BAD_REQUEST_ABANDONED,True
fail_13108,pay_102679,OTP Failed,OTP_AUTHENTICATION_FAILED,True
fail_13109,pay_104344,Network Timeout,GATEWAY_TIMEOUT,True
fail_13110,pay_100497,OTP Failed,OTP_AUTHENTICATION_FAILED,True
fail_13111,pay_103024,Bank Declined,BANK_DECLINED_TRANSACTION,False
fail_13112,pay_104039,Insufficient Funds,INSUFFICIENT_FUNDS,True
fail_13113,pay_100373,Bank Declined,BANK_DECLINED_TRANSACTION,False
fail_13114,pay_100575,Network Timeout,GATEWAY_TIMEOUT,True
fail_13115,pay_104957,Insufficient Funds,INSUFFICIENT_FUNDS,True
fail_13116,pay_102653,Bank Declined,BANK_DECLINED_TRANSACTION,False
fail_13117,pay_104170,Insufficient Funds,INSUFFICIENT_FUNDS,True
fail_13118,pay_101267,Insufficient Funds,INSUFFICIENT_FUNDS,True
fail_13119,pay_101936,Network Timeout,GATEWAY_TIMEOUT,True
fail_13120,pay_101043,Network Timeout,GATEWAY_TIMEOUT,True
fail_13121,pay_102414,Insufficient Funds,INSUFFICIENT_FUNDS,True
fail_13122,pay_103253,Bank Declined,BANK_DECLINED_TRANSACTION,False
fail_13123,pay_103492,Network Timeout,GATEWAY_TIMEOUT,True
fail_13124,pay_100908,Insufficient Funds,INSUFFICIENT_FUNDS,True
fail_13125,pay_101863,Network Timeout,GATEWAY_TIMEOUT,True
fail_13126,pay_102406,Gateway Error,GATEWAY_INTERNAL_ERROR,True
fail_13127,pay_101966,OTP Failed,OTP_AUTHENTICATION_FAILED,True
fail_13128,pay_103005,User Abandoned,BAD_REQUEST_ABANDONED,True
fail_13129,pay_100331,Insufficient Funds,INSUFFICIENT_FUNDS,True
fail_13130,pay_100021,Gateway Error,GATEWAY_INTERNAL_ERROR,True
fail_13131,pay_100067,OTP Failed,OTP_AUTHENTICATION_FAILED,True
fail_13132,pay_104946,Network Timeout,GATEWAY_TIMEOUT,True
fail_13133,pay_102695,Bank Declined,BANK_DECLINED_TRANSACTION,False
fail_13134,pay_102586,Gateway Error,GATEWAY_INTERNAL_ERROR,True
fail_13135,pay_101150,Bank Declined,BANK_DECLINED_TRANSACTION,False
fail_13136,pay_104675,Network Timeout,GATEWAY_TIMEOUT,True
fail_13137,pay_102766,Gateway Error,GATEWAY_INTERNAL_ERROR,True
fail_13138,pay_103010,Insufficient Funds,INSUFFICIENT_FUNDS,True
fail_13139,pay_103107,Network Timeout,GATEWAY_TIMEOUT,True
fail_13140,pay_103947,OTP Failed,OTP_AUTHENTICATION_FAILED,True
fail_13141,pay_104485,Insufficient Funds,INSUFFICIENT_FUNDS,True
fail_13142,pay_101270,Insufficient Funds,INSUFFICIENT_FUNDS,True
fail_13143,pay_102278,Network Timeout,GATEWAY_TIMEOUT,True
fail_13144,pay_104477,OTP Failed,OTP_AUTHENTICATION_FAILED,True
fail_13145,pay_104949,Network Timeout,GATEWAY_TIMEOUT,True
fail_13146,pay_102355,Insufficient Funds,INSUFFICIENT_FUNDS,True
fail_13147,pay_100627,User Abandoned,BAD_REQUEST_ABANDONED,True
fail_13148,pay_100392,Network Timeout,GATEWAY_TIMEOUT,True
fail_13149,pay_104092,OTP Failed,OTP_AUTHENTICATION_FAILED,True
fail_13150,pay_100062,Network Timeout,GATEWAY_TIMEOUT,True
fail_13151,pay_101137,User Abandoned,BAD_REQUEST_ABANDONED,True
fail_13152,pay_103676,OTP Failed,OTP_AUTHENTICATION_FAILED,True
fail_13153,pay_104737,Network Timeout,GATEWAY_TIMEOUT,True
fail_13154,pay_102055,Network Timeout,GATEWAY_TIMEOUT,True
fail_13155,pay_100200,Insufficient Funds,INSUFFICIENT_FUNDS,True
fail_13156,pay_100629,User Abandoned,BAD_REQUEST_ABANDONED,True
fail_13157,pay_102200,Gateway Error,GATEWAY_INTERNAL_ERROR,True
fail_13158,pay_103100,Network Timeout,GATEWAY_TIMEOUT,True
fail_13159,pay_101359,Network Timeout,GATEWAY_TIMEOUT,True
fail_13160,pay_104749,Network Timeout,GATEWAY_TIMEOUT,True
fail_13161,pay_101051,Insufficient Funds,INSUFFICIENT_FUNDS,True
fail_13162,pay_103114,Network Timeout,GATEWAY_TIMEOUT,True
fail_13163,pay_102762,Gateway Error,GATEWAY_INTERNAL_ERROR,True
fail_13164,pay_100745,User Abandoned,BAD_REQUEST_ABANDONED,True
fail_13165,pay_102892,Bank Declined,BANK_DECLINED_TRANSACTION,False
fail_13166,pay_100052,Gateway Error,GATEWAY_INTERNAL_ERROR,True
fail_13167,pay_100300,User Abandoned,BAD_REQUEST_ABANDONED,True
fail_13168,pay_103236,Gateway Error,GATEWAY_INTERNAL_ERROR,True
fail_13169,pay_102190,OTP Failed,OTP_AUTHENTICATION_FAILED,True
fail_13170,pay_102144,User Abandoned,BAD_REQUEST_ABANDONED,True
fail_13171,pay_101772,Insufficient Funds,INSUFFICIENT_FUNDS,True
fail_13172,pay_102440,Network Timeout,GATEWAY_TIMEOUT,True
fail_13173,pay_102826,Bank Declined,BANK_DECLINED_TRANSACTION,False
fail_13174,pay_100193,Bank Declined,BANK_DECLINED_TRANSACTION,False
fail_13175,pay_102849,Bank Declined,BANK_DECLINED_TRANSACTION,False
fail_13176,pay_101924,Bank Declined,BANK_DECLINED_TRANSACTION,False
fail_13177,pay_101571,Insufficient Funds,INSUFFICIENT_FUNDS,True
fail_13178,pay_104181,Bank Declined,BANK_DECLINED_TRANSACTION,False
fail_13179,pay_102052,Bank Declined,BANK_DECLINED_TRANSACTION,False
fail_13180,pay_100997,Gateway Error,GATEWAY_INTERNAL_ERROR,True
fail_13181,pay_103085,Insufficient Funds,INSUFFICIENT_FUNDS,True
fail_13182,pay_100764,Network Timeout,GATEWAY_TIMEOUT,True
fail_13183,pay_102485,Insufficient Funds,INSUFFICIENT_FUNDS,True
fail_13184,pay_103710,Gateway Error,GATEWAY_INTERNAL_ERROR,True
fail_13185,pay_102758,Bank Declined,BANK_DECLINED_TRANSACTION,False
fail_13186,pay_103464,Insufficient Funds,INSUFFICIENT_FUNDS,True
fail_13187,pay_101698,Bank Declined,BANK_DECLINED_TRANSACTION,False
fail_13188,pay_101926,Insufficient Funds,INSUFFICIENT_FUNDS,True
fail_13189,pay_103847,Network Timeout,GATEWAY_TIMEOUT,True
fail_13190,pay_104785,Gateway Error,GATEWAY_INTERNAL_ERROR,True
fail_13191,pay_103856,Bank Declined,BANK_DECLINED_TRANSACTION,False
fail_13192,pay_102561,Bank Declined,BANK_DECLINED_TRANSACTION,False
fail_13193,pay_103130,Gateway Error,GATEWAY_INTERNAL_ERROR,True
fail_13194,pay_101684,Network Timeout,GATEWAY_TIMEOUT,True
fail_13195,pay_100520,User Abandoned,BAD_REQUEST_ABANDONED,True
fail_13196,pay_103053,Gateway Error,GATEWAY_INTERNAL_ERROR,True
fail_13197,pay_102489,Gateway Error,GATEWAY_INTERNAL_ERROR,True
fail_13198,pay_103406,OTP Failed,OTP_AUTHENTICATION_FAILED,True
fail_13199,pay_102884,Network Timeout,GATEWAY_TIMEOUT,True
fail_13200,pay_104173,Network Timeout,GATEWAY_TIMEOUT,True
fail_13201,pay_104441,Insufficient Funds,INSUFFICIENT_FUNDS,True
fail_13202,pay_101830,Network Timeout,GATEWAY_TIMEOUT,True
fail_13203,pay_100043,Network Timeout,GATEWAY_TIMEOUT,True
fail_13204,pay_102281,User Abandoned,BAD_REQUEST_ABANDONED,True
fail_13205,pay_104382,Bank Declined,BANK_DECLINED_TRANSACTION,False
fail_13206,pay_104010,User Abandoned,BAD_REQUEST_ABANDONED,True
fail_13207,pay_104629,Network Timeout,GATEWAY_TIMEOUT,True
fail_13208,pay_104244,Bank Declined,BANK_DECLINED_TRANSACTION,False
fail_13209,pay_103853,Bank Declined,BANK_DECLINED_TRANSACTION,False
fail_13210,pay_104349,Insufficient Funds,INSUFFICIENT_FUNDS,True
fail_13211,pay_103405,Insufficient Funds,INSUFFICIENT_FUNDS,True
fail_13212,pay_104516,User Abandoned,BAD_REQUEST_ABANDONED,True
fail_13213,pay_104266,Insufficient Funds,INSUFFICIENT_FUNDS,True
fail_13214,pay_101362,OTP Failed,OTP_AUTHENTICATION_FAILED,True
fail_13215,pay_100978,Bank Declined,BANK_DECLINED_TRANSACTION,False
fail_13216,pay_102584,Network Timeout,GATEWAY_TIMEOUT,True
fail_13217,pay_103716,Network Timeout,GATEWAY_TIMEOUT,True
fail_13218,pay_104738,Bank Declined,BANK_DECLINED_TRANSACTION,False
fail_13219,pay_103509,Gateway Error,GATEWAY_INTERNAL_ERROR,True
fail_13220,pay_103020,Gateway Error,GATEWAY_INTERNAL_ERROR,True
fail_13221,pay_104175,Network Timeout,GATEWAY_TIMEOUT,True
fail_13222,pay_102424,Gateway Error,GATEWAY_INTERNAL_ERROR,True
fail_13223,pay_104830,Insufficient Funds,INSUFFICIENT_FUNDS,True
fail_13224,pay_103453,Gateway Error,GATEWAY_INTERNAL_ERROR,True
fail_13225,pay_101311,Gateway Error,GATEWAY_INTERNAL_ERROR,True
fail_13226,pay_101756,Gateway Error,GATEWAY_INTERNAL_ERROR,True
fail_13227,pay_104312,Insufficient Funds,INSUFFICIENT_FUNDS,True
fail_13228,pay_102909,Insufficient Funds,INSUFFICIENT_FUNDS,True
fail_13229,pay_100138,Bank Declined,BANK_DECLINED_TRANSACTION,False
fail_13230,pay_102997,Gateway Error,GATEWAY_INTERNAL_ERROR,True
fail_13231,pay_104228,Network Timeout,GATEWAY_TIMEOUT,True
fail_13232,pay_101406,Bank Declined,BANK_DECLINED_TRANSACTION,False
fail_13233,pay_100267,Gateway Error,GATEWAY_INTERNAL_ERROR,True
fail_13234,pay_101382,Insufficient Funds,INSUFFICIENT_FUNDS,True
fail_13235,pay_101591,Insufficient Funds,INSUFFICIENT_FUNDS,True
fail_13236,pay_101235,Bank Declined,BANK_DECLINED_TRANSACTION,False
fail_13237,pay_103557,Insufficient Funds,INSUFFICIENT_FUNDS,True
fail_13238,pay_102589,Bank Declined,BANK_DECLINED_TRANSACTION,False
fail_13239,pay_104499,Insufficient Funds,INSUFFICIENT_FUNDS,True
fail_13240,pay_104900,Insufficient Funds,INSUFFICIENT_FUNDS,True
fail_13241,pay_104065,OTP Failed,OTP_AUTHENTICATION_FAILED,True
fail_13242,pay_103173,Bank Declined,BANK_DECLINED_TRANSACTION,False
fail_13243,pay_104438,OTP Failed,OTP_AUTHENTICATION_FAILED,True
fail_13244,pay_101356,Gateway Error,GATEWAY_INTERNAL_ERROR,True
fail_13245,pay_104202,Bank Declined,BANK_DECLINED_TRANSACTION,False
fail_13246,pay_102739,Insufficient Funds,INSUFFICIENT_FUNDS,True
fail_13247,pay_101792,Gateway Error,GATEWAY_INTERNAL_ERROR,True
fail_13248,pay_102484,OTP Failed,OTP_AUTHENTICATION_FAILED,True
fail_13249,pay_103090,OTP Failed,OTP_AUTHENTICATION_FAILED,True
fail_13250,pay_101371,Bank Declined,BANK_DECLINED_TRANSACTION,False
fail_13251,pay_101646,Gateway Error,GATEWAY_INTERNAL_ERROR,True
fail_13252,pay_104782,Bank Declined,BANK_DECLINED_TRANSACTION,False
fail_13253,pay_101710,Gateway Error,GATEWAY_INTERNAL_ERROR,True
fail_13254,pay_104191,Insufficient Funds,INSUFFICIENT_FUNDS,True
fail_13255,pay_102029,Bank Declined,BANK_DECLINED_TRANSACTION,False
fail_13256,pay_100990,Network Timeout,GATEWAY_TIMEOUT,True
fail_13257,pay_102073,OTP Failed,OTP_AUTHENTICATION_FAILED,True
fail_13258,pay_100196,Insufficient Funds,INSUFFICIENT_FUNDS,True
fail_13259,pay_101977,Network Timeout,GATEWAY_TIMEOUT,True
fail_13260,pay_102326,Gateway Error,GATEWAY_INTERNAL_ERROR,True
fail_13261,pay_102490,OTP Failed,OTP_AUTHENTICATION_FAILED,True
fail_13262,pay_103212,Bank Declined,BANK_DECLINED_TRANSACTION,False
fail_13263,pay_101329,Insufficient Funds,INSUFFICIENT_FUNDS,True
fail_13264,pay_104254,Bank Declined,BANK_DECLINED_TRANSACTION,False
fail_13265,pay_104217,Bank Declined,BANK_DECLINED_TRANSACTION,False
fail_13266,pay_101973,Network Timeout,GATEWAY_TIMEOUT,True
fail_13267,pay_103728,Insufficient Funds,INSUFFICIENT_FUNDS,True
fail_13268,pay_101159,Insufficient Funds,INSUFFICIENT_FUNDS,True
fail_13269,pay_103486,Network Timeout,GATEWAY_TIMEOUT,True
fail_13270,pay_102460,OTP Failed,OTP_AUTHENTICATION_FAILED,True
fail_13271,pay_103084,Network Timeout,GATEWAY_TIMEOUT,True
fail_13272,pay_103985,Insufficient Funds,INSUFFICIENT_FUNDS,True
fail_13273,pay_101781,Bank Declined,BANK_DECLINED_TRANSACTION,False
fail_13274,pay_103596,Bank Declined,BANK_DECLINED_TRANSACTION,False
fail_13275,pay_101899,Gateway Error,GATEWAY_INTERNAL_ERROR,True
fail_13276,pay_104461,Network Timeout,GATEWAY_TIMEOUT,True
fail_13277,pay_104565,Network Timeout,GATEWAY_TIMEOUT,True
fail_13278,pay_104253,Bank Declined,BANK_DECLINED_TRANSACTION,False
fail_13279,pay_100198,Bank Declined,BANK_DECLINED_TRANSACTION,False
fail_13280,pay_101175,User Abandoned,BAD_REQUEST_ABANDONED,True
fail_13281,pay_104939,Bank Declined,BANK_DECLINED_TRANSACTION,False
fail_13282,pay_101141,User Abandoned,BAD_REQUEST_ABANDONED,True
fail_13283,pay_104967,User Abandoned,BAD_REQUEST_ABANDONED,True
fail_13284,pay_100626,Network Timeout,GATEWAY_TIMEOUT,True
fail_13285,pay_103250,Insufficient Funds,INSUFFICIENT_FUNDS,True
fail_13286,pay_101770,User Abandoned,BAD_REQUEST_ABANDONED,True
fail_13287,pay_102322,Gateway Error,GATEWAY_INTERNAL_ERROR,True
fail_13288,pay_104888,Insufficient Funds,INSUFFICIENT_FUNDS,True
fail_13289,pay_103826,OTP Failed,OTP_AUTHENTICATION_FAILED,True
fail_13290,pay_102366,Bank Declined,BANK_DECLINED_TRANSACTION,False
fail_13291,pay_103433,Bank Declined,BANK_DECLINED_TRANSACTION,False
fail_13292,pay_103394,Insufficient Funds,INSUFFICIENT_FUNDS,True
fail_13293,pay_104388,Network Timeout,GATEWAY_TIMEOUT,True
fail_13294,pay_104099,User Abandoned,BAD_REQUEST_ABANDONED,True
fail_13295,pay_102203,Bank Declined,BANK_DECLINED_TRANSACTION,False
fail_13296,pay_104048,Insufficient Funds,INSUFFICIENT_FUNDS,True
fail_13297,pay_100370,OTP Failed,OTP_AUTHENTICATION_FAILED,True
fail_13298,pay_104776,Network Timeout,GATEWAY_TIMEOUT,True
fail_13299,pay_104240,Gateway Error,GATEWAY_INTERNAL_ERROR,True
fail_13300,pay_102636,Insufficient Funds,INSUFFICIENT_FUNDS,True
fail_13301,pay_103995,Network Timeout,GATEWAY_TIMEOUT,True
fail_13302,pay_103658,Bank Declined,BANK_DECLINED_TRANSACTION,False
fail_13303,pay_100168,Bank Declined,BANK_DECLINED_TRANSACTION,False
fail_13304,pay_102159,OTP Failed,OTP_AUTHENTICATION_FAILED,True
fail_13305,pay_101029,OTP Failed,OTP_AUTHENTICATION_FAILED,True
fail_13306,pay_100486,User Abandoned,BAD_REQUEST_ABANDONED,True
fail_13307,pay_101068,Network Timeout,GATEWAY_TIMEOUT,True
fail_13308,pay_100737,Bank Declined,BANK_DECLINED_TRANSACTION,False
fail_13309,pay_103769,User Abandoned,BAD_REQUEST_ABANDONED,True
fail_13310,pay_104412,Gateway Error,GATEWAY_INTERNAL_ERROR,True
fail_13311,pay_101510,User Abandoned,BAD_REQUEST_ABANDONED,True
fail_13312,pay_101904,Network Timeout,GATEWAY_TIMEOUT,True
fail_13313,pay_101493,User Abandoned,BAD_REQUEST_ABANDONED,True
fail_13314,pay_101776,Network Timeout,GATEWAY_TIMEOUT,True
fail_13315,pay_103521,Bank Declined,BANK_DECLINED_TRANSACTION,False
fail_13316,pay_100293,Network Timeout,GATEWAY_TIMEOUT,True
fail_13317,pay_104652,Network Timeout,GATEWAY_TIMEOUT,True
fail_13318,pay_101144,Gateway Error,GATEWAY_INTERNAL_ERROR,True
fail_13319,pay_104924,Gateway Error,GATEWAY_INTERNAL_ERROR,True
fail_13320,pay_101513,Insufficient Funds,INSUFFICIENT_FUNDS,True
fail_13321,pay_103771,Network Timeout,GATEWAY_TIMEOUT,True
fail_13322,pay_103622,Insufficient Funds,INSUFFICIENT_FUNDS,True
fail_13323,pay_102649,Network Timeout,GATEWAY_TIMEOUT,True
fail_13324,pay_104950,Insufficient Funds,INSUFFICIENT_FUNDS,True
fail_13325,pay_102068,Network Timeout,GATEWAY_TIMEOUT,True
fail_13326,pay_100076,Insufficient Funds,INSUFFICIENT_FUNDS,True
fail_13327,pay_103573,OTP Failed,OTP_AUTHENTICATION_FAILED,True
fail_13328,pay_100253,Network Timeout,GATEWAY_TIMEOUT,True
fail_13329,pay_104496,Insufficient Funds,INSUFFICIENT_FUNDS,True
fail_13330,pay_104817,Insufficient Funds,INSUFFICIENT_FUNDS,True
fail_13331,pay_104150,Insufficient Funds,INSUFFICIENT_FUNDS,True
fail_13332,pay_102575,OTP Failed,OTP_AUTHENTICATION_FAILED,True
fail_13333,pay_101094,Bank Declined,BANK_DECLINED_TRANSACTION,False
fail_13334,pay_104040,Insufficient Funds,INSUFFICIENT_FUNDS,True
fail_13335,pay_100645,Network Timeout,GATEWAY_TIMEOUT,True
fail_13336,pay_101914,Network Timeout,GATEWAY_TIMEOUT,True
fail_13337,pay_103042,Insufficient Funds,INSUFFICIENT_FUNDS,True
fail_13338,pay_102150,Gateway Error,GATEWAY_INTERNAL_ERROR,True
fail_13339,pay_104255,Bank Declined,BANK_DECLINED_TRANSACTION,False
fail_13340,pay_104337,Bank Declined,BANK_DECLINED_TRANSACTION,False
fail_13341,pay_103606,Insufficient Funds,INSUFFICIENT_FUNDS,True
fail_13342,pay_100631,Bank Declined,BANK_DECLINED_TRANSACTION,False
fail_13343,pay_102346,OTP Failed,OTP_AUTHENTICATION_FAILED,True
fail_13344,pay_104256,Insufficient Funds,INSUFFICIENT_FUNDS,True
fail_13345,pay_104743,Bank Declined,BANK_DECLINED_TRANSACTION,False
fail_13346,pay_102091,User Abandoned,BAD_REQUEST_ABANDONED,True
fail_13347,pay_104440,Insufficient Funds,INSUFFICIENT_FUNDS,True
fail_13348,pay_103693,Network Timeout,GATEWAY_TIMEOUT,True
fail_13349,pay_102536,OTP Failed,OTP_AUTHENTICATION_FAILED,True
fail_13350,pay_102306,Network Timeout,GATEWAY_TIMEOUT,True
fail_13351,pay_100065,OTP Failed,OTP_AUTHENTICATION_FAILED,True
fail_13352,pay_102920,User Abandoned,BAD_REQUEST_ABANDONED,True
fail_13353,pay_101387,OTP Failed,OTP_AUTHENTICATION_FAILED,True
fail_13354,pay_103858,OTP Failed,OTP_AUTHENTICATION_FAILED,True
fail_13355,pay_101248,Insufficient Funds,INSUFFICIENT_FUNDS,True
fail_13356,pay_102082,Gateway Error,GATEWAY_INTERNAL_ERROR,True
fail_13357,pay_104680,Bank Declined,BANK_DECLINED_TRANSACTION,False
fail_13358,pay_104074,Network Timeout,GATEWAY_TIMEOUT,True
fail_13359,pay_104611,Gateway Error,GATEWAY_INTERNAL_ERROR,True
fail_13360,pay_102525,Bank Declined,BANK_DECLINED_TRANSACTION,False
fail_13361,pay_104109,Network Timeout,GATEWAY_TIMEOUT,True
fail_13362,pay_104050,Insufficient Funds,INSUFFICIENT_FUNDS,True
fail_13363,pay_102282,Bank Declined,BANK_DECLINED_TRANSACTION,False
fail_13364,pay_104409,Gateway Error,GATEWAY_INTERNAL_ERROR,True
fail_13365,pay_100606,Bank Declined,BANK_DECLINED_TRANSACTION,False
fail_13366,pay_104867,Network Timeout,GATEWAY_TIMEOUT,True
fail_13367,pay_101503,Gateway Error,GATEWAY_INTERNAL_ERROR,True
fail_13368,pay_101403,Bank Declined,BANK_DECLINED_TRANSACTION,False
fail_13369,pay_103734,Insufficient Funds,INSUFFICIENT_FUNDS,True
fail_13370,pay_102151,Gateway Error,GATEWAY_INTERNAL_ERROR,True
fail_13371,pay_102291,OTP Failed,OTP_AUTHENTICATION_FAILED,True
fail_13372,pay_101949,Gateway Error,GATEWAY_INTERNAL_ERROR,True
fail_13373,pay_102551,Bank Declined,BANK_DECLINED_TRANSACTION,False
fail_13374,pay_100166,Network Timeout,GATEWAY_TIMEOUT,True
fail_13375,pay_103755,Gateway Error,GATEWAY_INTERNAL_ERROR,True
fail_13376,pay_100594,Bank Declined,BANK_DECLINED_TRANSACTION,False
fail_13377,pay_102927,OTP Failed,OTP_AUTHENTICATION_FAILED,True
fail_13378,pay_102587,Bank Declined,BANK_DECLINED_TRANSACTION,False
fail_13379,pay_100320,Insufficient Funds,INSUFFICIENT_FUNDS,True
fail_13380,pay_102129,Gateway Error,GATEWAY_INTERNAL_ERROR,True
fail_13381,pay_102483,Gateway Error,GATEWAY_INTERNAL_ERROR,True
fail_13382,pay_100402,Network Timeout,GATEWAY_TIMEOUT,True
fail_13383,pay_102270,Network Timeout,GATEWAY_TIMEOUT,True
fail_13384,pay_103446,Insufficient Funds,INSUFFICIENT_FUNDS,True
fail_13385,pay_104475,Bank Declined,BANK_DECLINED_TRANSACTION,False
fail_13386,pay_101434,Insufficient Funds,INSUFFICIENT_FUNDS,True
fail_13387,pay_101755,User Abandoned,BAD_REQUEST_ABANDONED,True
fail_13388,pay_102015,Bank Declined,BANK_DECLINED_TRANSACTION,False
fail_13389,pay_101526,Bank Declined,BANK_DECLINED_TRANSACTION,False
fail_13390,pay_101438,Insufficient Funds,INSUFFICIENT_FUNDS,True
fail_13391,pay_100524,Bank Declined,BANK_DECLINED_TRANSACTION,False
fail_13392,pay_101575,Insufficient Funds,INSUFFICIENT_FUNDS,True
fail_13393,pay_102271,Insufficient Funds,INSUFFICIENT_FUNDS,True
fail_13394,pay_100553,Bank Declined,BANK_DECLINED_TRANSACTION,False
fail_13395,pay_101585,Insufficient Funds,INSUFFICIENT_FUNDS,True
fail_13396,pay_104000,Gateway Error,GATEWAY_INTERNAL_ERROR,True
fail_13397,pay_101603,Insufficient Funds,INSUFFICIENT_FUNDS,True
fail_13398,pay_100337,Network Timeout,GATEWAY_TIMEOUT,True
fail_13399,pay_100967,Bank Declined,BANK_DECLINED_TRANSACTION,False
fail_13400,pay_101176,Network Timeout,GATEWAY_TIMEOUT,True
fail_13401,pay_104376,Network Timeout,GATEWAY_TIMEOUT,True
fail_13402,pay_103789,Network Timeout,GATEWAY_TIMEOUT,True
fail_13403,pay_100987,Insufficient Funds,INSUFFICIENT_FUNDS,True
fail_13404,pay_102166,OTP Failed,OTP_AUTHENTICATION_FAILED,True
fail_13405,pay_100367,Network Timeout,GATEWAY_TIMEOUT,True
fail_13406,pay_100308,User Abandoned,BAD_REQUEST_ABANDONED,True
fail_13407,pay_100798,Bank Declined,BANK_DECLINED_TRANSACTION,False
fail_13408,pay_102866,OTP Failed,OTP_AUTHENTICATION_FAILED,True
fail_13409,pay_104439,Network Timeout,GATEWAY_TIMEOUT,True
fail_13410,pay_102433,OTP Failed,OTP_AUTHENTICATION_FAILED,True
fail_13411,pay_100747,Network Timeout,GATEWAY_TIMEOUT,True
fail_13412,pay_104273,Bank Declined,BANK_DECLINED_TRANSACTION,False
fail_13413,pay_101013,Insufficient Funds,INSUFFICIENT_FUNDS,True
fail_13414,pay_104424,Insufficient Funds,INSUFFICIENT_FUNDS,True
fail_13415,pay_103163,OTP Failed,OTP_AUTHENTICATION_FAILED,True
fail_13416,pay_101033,Gateway Error,GATEWAY_INTERNAL_ERROR,True
fail_13417,pay_100446,Network Timeout,GATEWAY_TIMEOUT,True
fail_13418,pay_103097,Insufficient Funds,INSUFFICIENT_FUNDS,True
fail_13419,pay_100748,OTP Failed,OTP_AUTHENTICATION_FAILED,True
fail_13420,pay_104602,Bank Declined,BANK_DECLINED_TRANSACTION,False
fail_13421,pay_101820,Network Timeout,GATEWAY_TIMEOUT,True
fail_13422,pay_104664,OTP Failed,OTP_AUTHENTICATION_FAILED,True
fail_13423,pay_101461,Gateway Error,GATEWAY_INTERNAL_ERROR,True
fail_13424,pay_100087,Network Timeout,GATEWAY_TIMEOUT,True
fail_13425,pay_103941,Gateway Error,GATEWAY_INTERNAL_ERROR,True
fail_13426,pay_101059,Network Timeout,GATEWAY_TIMEOUT,True
fail_13427,pay_102780,Network Timeout,GATEWAY_TIMEOUT,True
fail_13428,pay_102807,Gateway Error,GATEWAY_INTERNAL_ERROR,True
fail_13429,pay_103502,Network Timeout,GATEWAY_TIMEOUT,True
fail_13430,pay_100525,Gateway Error,GATEWAY_INTERNAL_ERROR,True
fail_13431,pay_100399,Bank Declined,BANK_DECLINED_TRANSACTION,False
fail_13432,pay_100332,Insufficient Funds,INSUFFICIENT_FUNDS,True
fail_13433,pay_103986,Gateway Error,GATEWAY_INTERNAL_ERROR,True
fail_13434,pay_104568,Network Timeout,GATEWAY_TIMEOUT,True
fail_13435,pay_102354,Gateway Error,GATEWAY_INTERNAL_ERROR,True
fail_13436,pay_100238,Gateway Error,GATEWAY_INTERNAL_ERROR,True
fail_13437,pay_103372,Bank Declined,BANK_DECLINED_TRANSACTION,False
fail_13438,pay_104289,Network Timeout,GATEWAY_TIMEOUT,True
fail_13439,pay_103061,Bank Declined,BANK_DECLINED_TRANSACTION,False
fail_13440,pay_103696,Bank Declined,BANK_DECLINED_TRANSACTION,False
fail_13441,pay_101778,OTP Failed,OTP_AUTHENTICATION_FAILED,True
fail_13442,pay_103583,Bank Declined,BANK_DECLINED_TRANSACTION,False
fail_13443,pay_102308,User Abandoned,BAD_REQUEST_ABANDONED,True
fail_13444,pay_104446,Gateway Error,GATEWAY_INTERNAL_ERROR,True
fail_13445,pay_102126,Network Timeout,GATEWAY_TIMEOUT,True
fail_13446,pay_101185,Insufficient Funds,INSUFFICIENT_FUNDS,True
fail_13447,pay_104587,Network Timeout,GATEWAY_TIMEOUT,True
fail_13448,pay_103548,Bank Declined,BANK_DECLINED_TRANSACTION,False
fail_13449,pay_104494,OTP Failed,OTP_AUTHENTICATION_FAILED,True
fail_13450,pay_104666,Insufficient Funds,INSUFFICIENT_FUNDS,True
fail_13451,pay_101104,OTP Failed,OTP_AUTHENTICATION_FAILED,True
fail_13452,pay_104788,Insufficient Funds,INSUFFICIENT_FUNDS,True
fail_13453,pay_104038,Gateway Error,GATEWAY_INTERNAL_ERROR,True
fail_13454,pay_103341,Network Timeout,GATEWAY_TIMEOUT,True
fail_13455,pay_100225,Gateway Error,GATEWAY_INTERNAL_ERROR,True
fail_13456,pay_101390,Insufficient Funds,INSUFFICIENT_FUNDS,True
fail_13457,pay_102594,Insufficient Funds,INSUFFICIENT_FUNDS,True
fail_13458,pay_104745,Gateway Error,GATEWAY_INTERNAL_ERROR,True
fail_13459,pay_102186,Insufficient Funds,INSUFFICIENT_FUNDS,True
fail_13460,pay_102088,Network Timeout,GATEWAY_TIMEOUT,True
fail_13461,pay_101154,Bank Declined,BANK_DECLINED_TRANSACTION,False
fail_13462,pay_100951,User Abandoned,BAD_REQUEST_ABANDONED,True
fail_13463,pay_101837,Gateway Error,GATEWAY_INTERNAL_ERROR,True
fail_13464,pay_100135,Insufficient Funds,INSUFFICIENT_FUNDS,True
fail_13465,pay_102707,Insufficient Funds,INSUFFICIENT_FUNDS,True
fail_13466,pay_103898,Insufficient Funds,INSUFFICIENT_FUNDS,True
fail_13467,pay_104176,Network Timeout,GATEWAY_TIMEOUT,True
fail_13468,pay_104374,Gateway Error,GATEWAY_INTERNAL_ERROR,True
fail_13469,pay_103741,Gateway Error,GATEWAY_INTERNAL_ERROR,True
fail_13470,pay_103105,Bank Declined,BANK_DECLINED_TRANSACTION,False
fail_13471,pay_102020,Network Timeout,GATEWAY_TIMEOUT,True
fail_13472,pay_102051,Insufficient Funds,INSUFFICIENT_FUNDS,True
fail_13473,pay_100306,Network Timeout,GATEWAY_TIMEOUT,True
fail_13474,pay_100801,User Abandoned,BAD_REQUEST_ABANDONED,True
fail_13475,pay_101475,Network Timeout,GATEWAY_TIMEOUT,True
fail_13476,pay_102996,Network Timeout,GATEWAY_TIMEOUT,True
fail_13477,pay_102775,Insufficient Funds,INSUFFICIENT_FUNDS,True
fail_13478,pay_101366,Insufficient Funds,INSUFFICIENT_FUNDS,True
fail_13479,pay_101822,Network Timeout,GATEWAY_TIMEOUT,True
fail_13480,pay_104157,Insufficient Funds,INSUFFICIENT_FUNDS,True
fail_13481,pay_100189,Bank Declined,BANK_DECLINED_TRANSACTION,False
fail_13482,pay_101600,Insufficient Funds,INSUFFICIENT_FUNDS,True
fail_13483,pay_100927,Bank Declined,BANK_DECLINED_TRANSACTION,False
fail_13484,pay_102466,Gateway Error,GATEWAY_INTERNAL_ERROR,True
fail_13485,pay_103429,Network Timeout,GATEWAY_TIMEOUT,True
fail_13486,pay_100441,Gateway Error,GATEWAY_INTERNAL_ERROR,True
fail_13487,pay_104698,Network Timeout,GATEWAY_TIMEOUT,True
fail_13488,pay_103843,Gateway Error,GATEWAY_INTERNAL_ERROR,True
fail_13489,pay_102832,Network Timeout,GATEWAY_TIMEOUT,True
fail_13490,pay_100262,Insufficient Funds,INSUFFICIENT_FUNDS,True
fail_13491,pay_101402,Bank Declined,BANK_DECLINED_TRANSACTION,False
fail_13492,pay_103204,Gateway Error,GATEWAY_INTERNAL_ERROR,True
fail_13493,pay_104510,OTP Failed,OTP_AUTHENTICATION_FAILED,True
fail_13494,pay_101399,Network Timeout,GATEWAY_TIMEOUT,True
fail_13495,pay_104589,Insufficient Funds,INSUFFICIENT_FUNDS,True
fail_13496,pay_101315,OTP Failed,OTP_AUTHENTICATION_FAILED,True
fail_13497,pay_100352,Insufficient Funds,INSUFFICIENT_FUNDS,True
fail_13498,pay_100970,User Abandoned,BAD_REQUEST_ABANDONED,True
fail_13499,pay_103474,Network Timeout,GATEWAY_TIMEOUT,True
fail_13500,pay_101238,Insufficient Funds,INSUFFICIENT_FUNDS,True
fail_13501,pay_104815,Network Timeout,GATEWAY_TIMEOUT,True
fail_13502,pay_104481,Insufficient Funds,INSUFFICIENT_FUNDS,True
fail_13503,pay_102272,Insufficient Funds,INSUFFICIENT_FUNDS,True
fail_13504,pay_100637,Network Timeout,GATEWAY_TIMEOUT,True
fail_13505,pay_104204,Network Timeout,GATEWAY_TIMEOUT,True
fail_13506,pay_100418,Insufficient Funds,INSUFFICIENT_FUNDS,True
fail_13507,pay_101337,Bank Declined,BANK_DECLINED_TRANSACTION,False
fail_13508,pay_103177,Insufficient Funds,INSUFFICIENT_FUNDS,True
fail_13509,pay_101580,Bank Declined,BANK_DECLINED_TRANSACTION,False
fail_13510,pay_101906,Network Timeout,GATEWAY_TIMEOUT,True
fail_13511,pay_104938,OTP Failed,OTP_AUTHENTICATION_FAILED,True
fail_13512,pay_101861,Gateway Error,GATEWAY_INTERNAL_ERROR,True
fail_13513,pay_104770,User Abandoned,BAD_REQUEST_ABANDONED,True
fail_13514,pay_100795,Insufficient Funds,INSUFFICIENT_FUNDS,True
fail_13515,pay_103591,OTP Failed,OTP_AUTHENTICATION_FAILED,True
fail_13516,pay_102254,OTP Failed,OTP_AUTHENTICATION_FAILED,True
fail_13517,pay_101645,Bank Declined,BANK_DECLINED_TRANSACTION,False
fail_13518,pay_104396,Insufficient Funds,INSUFFICIENT_FUNDS,True
fail_13519,pay_100270,Gateway Error,GATEWAY_INTERNAL_ERROR,True
fail_13520,pay_101819,User Abandoned,BAD_REQUEST_ABANDONED,True
fail_13521,pay_103436,Network Timeout,GATEWAY_TIMEOUT,True
fail_13522,pay_100153,Gateway Error,GATEWAY_INTERNAL_ERROR,True
fail_13523,pay_101450,Network Timeout,GATEWAY_TIMEOUT,True
fail_13524,pay_104648,Bank Declined,BANK_DECLINED_TRANSACTION,False
fail_13525,pay_104616,Bank Declined,BANK_DECLINED_TRANSACTION,False
fail_13526,pay_104579,Gateway Error,GATEWAY_INTERNAL_ERROR,True
fail_13527,pay_101113,OTP Failed,OTP_AUTHENTICATION_FAILED,True
fail_13528,pay_104262,OTP Failed,OTP_AUTHENTICATION_FAILED,True
fail_13529,pay_102582,User Abandoned,BAD_REQUEST_ABANDONED,True
fail_13530,pay_103041,Bank Declined,BANK_DECLINED_TRANSACTION,False
fail_13531,pay_104114,Network Timeout,GATEWAY_TIMEOUT,True
fail_13532,pay_101560,Network Timeout,GATEWAY_TIMEOUT,True
fail_13533,pay_103524,User Abandoned,BAD_REQUEST_ABANDONED,True
fail_13534,pay_100341,Gateway Error,GATEWAY_INTERNAL_ERROR,True
fail_13535,pay_102196,OTP Failed,OTP_AUTHENTICATION_FAILED,True
fail_13536,pay_104724,Insufficient Funds,INSUFFICIENT_FUNDS,True
fail_13537,pay_101482,Insufficient Funds,INSUFFICIENT_FUNDS,True
fail_13538,pay_104506,Gateway Error,GATEWAY_INTERNAL_ERROR,True
fail_13539,pay_100494,Insufficient Funds,INSUFFICIENT_FUNDS,True
fail_13540,pay_103595,Network Timeout,GATEWAY_TIMEOUT,True
fail_13541,pay_102228,Network Timeout,GATEWAY_TIMEOUT,True
fail_13542,pay_102540,Insufficient Funds,INSUFFICIENT_FUNDS,True
fail_13543,pay_102040,Insufficient Funds,INSUFFICIENT_FUNDS,True
fail_13544,pay_103388,Bank Declined,BANK_DECLINED_TRANSACTION,False
fail_13545,pay_103698,OTP Failed,OTP_AUTHENTICATION_FAILED,True
fail_13546,pay_103293,Insufficient Funds,INSUFFICIENT_FUNDS,True
fail_13547,pay_102185,Network Timeout,GATEWAY_TIMEOUT,True
fail_13548,pay_102397,Gateway Error,GATEWAY_INTERNAL_ERROR,True
fail_13549,pay_100840,Bank Declined,BANK_DECLINED_TRANSACTION,False
fail_13550,pay_102806,User Abandoned,BAD_REQUEST_ABANDONED,True
fail_13551,pay_102418,Network Timeout,GATEWAY_TIMEOUT,True
fail_13552,pay_101229,Insufficient Funds,INSUFFICIENT_FUNDS,True
fail_13553,pay_100095,Network Timeout,GATEWAY_TIMEOUT,True
fail_13554,pay_100659,OTP Failed,OTP_AUTHENTICATION_FAILED,True
fail_13555,pay_104687,Insufficient Funds,INSUFFICIENT_FUNDS,True
fail_13556,pay_103367,Bank Declined,BANK_DECLINED_TRANSACTION,False
fail_13557,pay_100480,Insufficient Funds,INSUFFICIENT_FUNDS,True
fail_13558,pay_100854,OTP Failed,OTP_AUTHENTICATION_FAILED,True
fail_13559,pay_104631,Gateway Error,GATEWAY_INTERNAL_ERROR,True
fail_13560,pay_101992,OTP Failed,OTP_AUTHENTICATION_FAILED,True
fail_13561,pay_103715,Network Timeout,GATEWAY_TIMEOUT,True
fail_13562,pay_104023,Insufficient Funds,INSUFFICIENT_FUNDS,True
fail_13563,pay_100449,Insufficient Funds,INSUFFICIENT_FUNDS,True
fail_13564,pay_102218,Insufficient Funds,INSUFFICIENT_FUNDS,True
fail_13565,pay_102192,Network Timeout,GATEWAY_TIMEOUT,True
fail_13566,pay_102811,OTP Failed,OTP_AUTHENTICATION_FAILED,True
fail_13567,pay_104906,Insufficient Funds,INSUFFICIENT_FUNDS,True
fail_13568,pay_104710,Gateway Error,GATEWAY_INTERNAL_ERROR,True
fail_13569,pay_103993,Bank Declined,BANK_DECLINED_TRANSACTION,False
fail_13570,pay_101208,OTP Failed,OTP_AUTHENTICATION_FAILED,True
fail_13571,pay_104081,User Abandoned,BAD_REQUEST_ABANDONED,True
fail_13572,pay_101381,Bank Declined,BANK_DECLINED_TRANSACTION,False
fail_13573,pay_100533,Insufficient Funds,INSUFFICIENT_FUNDS,True
fail_13574,pay_103598,Gateway Error,GATEWAY_INTERNAL_ERROR,True
fail_13575,pay_100298,User Abandoned,BAD_REQUEST_ABANDONED,True
fail_13576,pay_102705,User Abandoned,BAD_REQUEST_ABANDONED,True
fail_13577,pay_103419,OTP Failed,OTP_AUTHENTICATION_FAILED,True
fail_13578,pay_100813,Insufficient Funds,INSUFFICIENT_FUNDS,True
fail_13579,pay_102109,Gateway Error,GATEWAY_INTERNAL_ERROR,True
fail_13580,pay_101409,Bank Declined,BANK_DECLINED_TRANSACTION,False
fail_13581,pay_102978,Network Timeout,GATEWAY_TIMEOUT,True
fail_13582,pay_102786,Insufficient Funds,INSUFFICIENT_FUNDS,True
fail_13583,pay_102870,User Abandoned,BAD_REQUEST_ABANDONED,True
fail_13584,pay_103038,Network Timeout,GATEWAY_TIMEOUT,True
fail_13585,pay_104014,OTP Failed,OTP_AUTHENTICATION_FAILED,True
fail_13586,pay_101916,Bank Declined,BANK_DECLINED_TRANSACTION,False
fail_13587,pay_100572,Bank Declined,BANK_DECLINED_TRANSACTION,False
fail_13588,pay_100151,Insufficient Funds,INSUFFICIENT_FUNDS,True
fail_13589,pay_102110,Bank Declined,BANK_DECLINED_TRANSACTION,False
fail_13590,pay_100313,Insufficient Funds,INSUFFICIENT_FUNDS,True
fail_13591,pay_101999,Bank Declined,BANK_DECLINED_TRANSACTION,False
fail_13592,pay_101027,Bank Declined,BANK_DECLINED_TRANSACTION,False
fail_13593,pay_101550,Network Timeout,GATEWAY_TIMEOUT,True
fail_13594,pay_101998,Bank Declined,BANK_DECLINED_TRANSACTION,False
fail_13595,pay_102310,OTP Failed,OTP_AUTHENTICATION_FAILED,True
fail_13596,pay_102108,Gateway Error,GATEWAY_INTERNAL_ERROR,True
fail_13597,pay_100398,Network Timeout,GATEWAY_TIMEOUT,True
fail_13598,pay_102848,Gateway Error,GATEWAY_INTERNAL_ERROR,True
fail_13599,pay_104033,Bank Declined,BANK_DECLINED_TRANSACTION,False
fail_13600,pay_104145,OTP Failed,OTP_AUTHENTICATION_FAILED,True
fail_13601,pay_104245,OTP Failed,OTP_AUTHENTICATION_FAILED,True
fail_13602,pay_100412,Bank Declined,BANK_DECLINED_TRANSACTION,False
fail_13603,pay_101793,User Abandoned,BAD_REQUEST_ABANDONED,True
fail_13604,pay_100949,Network Timeout,GATEWAY_TIMEOUT,True
fail_13605,pay_101191,OTP Failed,OTP_AUTHENTICATION_FAILED,True
fail_13606,pay_102044,Gateway Error,GATEWAY_INTERNAL_ERROR,True
fail_13607,pay_100110,User Abandoned,BAD_REQUEST_ABANDONED,True
fail_13608,pay_102954,Bank Declined,BANK_DECLINED_TRANSACTION,False
fail_13609,pay_100038,Network Timeout,GATEWAY_TIMEOUT,True
fail_13610,pay_103082,Insufficient Funds,INSUFFICIENT_FUNDS,True
fail_13611,pay_104300,OTP Failed,OTP_AUTHENTICATION_FAILED,True
fail_13612,pay_100142,Bank Declined,BANK_DECLINED_TRANSACTION,False
fail_13613,pay_103211,Bank Declined,BANK_DECLINED_TRANSACTION,False
fail_13614,pay_104315,User Abandoned,BAD_REQUEST_ABANDONED,True
fail_13615,pay_100280,Network Timeout,GATEWAY_TIMEOUT,True
fail_13616,pay_103306,Bank Declined,BANK_DECLINED_TRANSACTION,False
fail_13617,pay_102105,Gateway Error,GATEWAY_INTERNAL_ERROR,True
fail_13618,pay_103795,OTP Failed,OTP_AUTHENTICATION_FAILED,True
fail_13619,pay_104578,Insufficient Funds,INSUFFICIENT_FUNDS,True
fail_13620,pay_101490,Network Timeout,GATEWAY_TIMEOUT,True
fail_13621,pay_101321,Bank Declined,BANK_DECLINED_TRANSACTION,False
fail_13622,pay_104632,Bank Declined,BANK_DECLINED_TRANSACTION,False
fail_13623,pay_100504,Gateway Error,GATEWAY_INTERNAL_ERROR,True
fail_13624,pay_103303,Network Timeout,GATEWAY_TIMEOUT,True
fail_13625,pay_104241,Network Timeout,GATEWAY_TIMEOUT,True
fail_13626,pay_103059,Gateway Error,GATEWAY_INTERNAL_ERROR,True
fail_13627,pay_104917,Network Timeout,GATEWAY_TIMEOUT,True
fail_13628,pay_101639,Bank Declined,BANK_DECLINED_TRANSACTION,False
fail_13629,pay_104246,Bank Declined,BANK_DECLINED_TRANSACTION,False
fail_13630,pay_103099,Insufficient Funds,INSUFFICIENT_FUNDS,True
fail_13631,pay_103031,Gateway Error,GATEWAY_INTERNAL_ERROR,True
fail_13632,pay_100215,Insufficient Funds,INSUFFICIENT_FUNDS,True
fail_13633,pay_100778,Insufficient Funds,INSUFFICIENT_FUNDS,True
fail_13634,pay_102576,Bank Declined,BANK_DECLINED_TRANSACTION,False
fail_13635,pay_100889,OTP Failed,OTP_AUTHENTICATION_FAILED,True
fail_13636,pay_102429,Gateway Error,GATEWAY_INTERNAL_ERROR,True
fail_13637,pay_102237,Network Timeout,GATEWAY_TIMEOUT,True
fail_13638,pay_104016,Gateway Error,GATEWAY_INTERNAL_ERROR,True
fail_13639,pay_100743,Network Timeout,GATEWAY_TIMEOUT,True
fail_13640,pay_102657,Insufficient Funds,INSUFFICIENT_FUNDS,True
fail_13641,pay_104331,User Abandoned,BAD_REQUEST_ABANDONED,True
fail_13642,pay_104086,Insufficient Funds,INSUFFICIENT_FUNDS,True
fail_13643,pay_104774,Gateway Error,GATEWAY_INTERNAL_ERROR,True
fail_13644,pay_103753,Bank Declined,BANK_DECLINED_TRANSACTION,False
fail_13645,pay_101010,Bank Declined,BANK_DECLINED_TRANSACTION,False
fail_13646,pay_101122,Bank Declined,BANK_DECLINED_TRANSACTION,False
fail_13647,pay_104032,Gateway Error,GATEWAY_INTERNAL_ERROR,True
fail_13648,pay_100508,Gateway Error,GATEWAY_INTERNAL_ERROR,True
fail_13649,pay_102332,Bank Declined,BANK_DECLINED_TRANSACTION,False
fail_13650,pay_103167,OTP Failed,OTP_AUTHENTICATION_FAILED,True
fail_13651,pay_101672,Insufficient Funds,INSUFFICIENT_FUNDS,True
fail_13652,pay_102300,Gateway Error,GATEWAY_INTERNAL_ERROR,True
fail_13653,pay_100291,OTP Failed,OTP_AUTHENTICATION_FAILED,True
fail_13654,pay_101428,User Abandoned,BAD_REQUEST_ABANDONED,True
fail_13655,pay_100617,User Abandoned,BAD_REQUEST_ABANDONED,True
fail_13656,pay_101260,Bank Declined,BANK_DECLINED_TRANSACTION,False
fail_13657,pay_103301,User Abandoned,BAD_REQUEST_ABANDONED,True
fail_13658,pay_104186,User Abandoned,BAD_REQUEST_ABANDONED,True
fail_13659,pay_100205,Gateway Error,GATEWAY_INTERNAL_ERROR,True
fail_13660,pay_104123,User Abandoned,BAD_REQUEST_ABANDONED,True
fail_13661,pay_104508,Gateway Error,GATEWAY_INTERNAL_ERROR,True
fail_13662,pay_101700,Network Timeout,GATEWAY_TIMEOUT,True
fail_13663,pay_104323,Network Timeout,GATEWAY_TIMEOUT,True
fail_13664,pay_104740,Bank Declined,BANK_DECLINED_TRANSACTION,False
fail_13665,pay_101620,Gateway Error,GATEWAY_INTERNAL_ERROR,True
fail_13666,pay_102491,Network Timeout,GATEWAY_TIMEOUT,True
fail_13667,pay_103215,Gateway Error,GATEWAY_INTERNAL_ERROR,True
fail_13668,pay_104948,User Abandoned,BAD_REQUEST_ABANDONED,True
fail_13669,pay_103199,Insufficient Funds,INSUFFICIENT_FUNDS,True
fail_13670,pay_104233,OTP Failed,OTP_AUTHENTICATION_FAILED,True
fail_13671,pay_101881,Insufficient Funds,INSUFFICIENT_FUNDS,True
fail_13672,pay_101458,OTP Failed,OTP_AUTHENTICATION_FAILED,True
fail_13673,pay_100208,Insufficient Funds,INSUFFICIENT_FUNDS,True
fail_13674,pay_104171,Insufficient Funds,INSUFFICIENT_FUNDS,True
fail_13675,pay_104377,OTP Failed,OTP_AUTHENTICATION_FAILED,True
fail_13676,pay_104733,Bank Declined,BANK_DECLINED_TRANSACTION,False
fail_13677,pay_101296,Insufficient Funds,INSUFFICIENT_FUNDS,True
fail_13678,pay_103514,Network Timeout,GATEWAY_TIMEOUT,True
fail_13679,pay_103719,Bank Declined,BANK_DECLINED_TRANSACTION,False
fail_13680,pay_104649,User Abandoned,BAD_REQUEST_ABANDONED,True
fail_13681,pay_100379,Bank Declined,BANK_DECLINED_TRANSACTION,False
fail_13682,pay_104858,Bank Declined,BANK_DECLINED_TRANSACTION,False
fail_13683,pay_104493,Insufficient Funds,INSUFFICIENT_FUNDS,True
fail_13684,pay_104404,Insufficient Funds,INSUFFICIENT_FUNDS,True
fail_13685,pay_100210,User Abandoned,BAD_REQUEST_ABANDONED,True
fail_13686,pay_102894,Bank Declined,BANK_DECLINED_TRANSACTION,False
fail_13687,pay_103565,Network Timeout,GATEWAY_TIMEOUT,True
fail_13688,pay_104408,Gateway Error,GATEWAY_INTERNAL_ERROR,True
fail_13689,pay_101501,Insufficient Funds,INSUFFICIENT_FUNDS,True
fail_13690,pay_104386,Insufficient Funds,INSUFFICIENT_FUNDS,True
fail_13691,pay_102417,Network Timeout,GATEWAY_TIMEOUT,True
fail_13692,pay_101803,Network Timeout,GATEWAY_TIMEOUT,True
fail_13693,pay_101178,Network Timeout,GATEWAY_TIMEOUT,True
fail_13694,pay_104137,Gateway Error,GATEWAY_INTERNAL_ERROR,True
fail_13695,pay_104234,Insufficient Funds,INSUFFICIENT_FUNDS,True
fail_13696,pay_102420,Bank Declined,BANK_DECLINED_TRANSACTION,False
fail_13697,pay_104406,Insufficient Funds,INSUFFICIENT_FUNDS,True
fail_13698,pay_104397,Network Timeout,GATEWAY_TIMEOUT,True
fail_13699,pay_102078,User Abandoned,BAD_REQUEST_ABANDONED,True
fail_13700,pay_103973,Bank Declined,BANK_DECLINED_TRANSACTION,False
fail_13701,pay_102187,Bank Declined,BANK_DECLINED_TRANSACTION,False
fail_13702,pay_100932,Gateway Error,GATEWAY_INTERNAL_ERROR,True
fail_13703,pay_103467,Gateway Error,GATEWAY_INTERNAL_ERROR,True
fail_13704,pay_104793,Gateway Error,GATEWAY_INTERNAL_ERROR,True
fail_13705,pay_102345,Gateway Error,GATEWAY_INTERNAL_ERROR,True
fail_13706,pay_102607,User Abandoned,BAD_REQUEST_ABANDONED,True
fail_13707,pay_104426,Network Timeout,GATEWAY_TIMEOUT,True
fail_13708,pay_104343,User Abandoned,BAD_REQUEST_ABANDONED,True
fail_13709,pay_104357,Bank Declined,BANK_DECLINED_TRANSACTION,False
fail_13710,pay_100345,Gateway Error,GATEWAY_INTERNAL_ERROR,True
fail_13711,pay_103318,Network Timeout,GATEWAY_TIMEOUT,True
fail_13712,pay_101424,Insufficient Funds,INSUFFICIENT_FUNDS,True
fail_13713,pay_103792,Bank Declined,BANK_DECLINED_TRANSACTION,False
fail_13714,pay_102125,Network Timeout,GATEWAY_TIMEOUT,True
fail_13715,pay_101306,Gateway Error,GATEWAY_INTERNAL_ERROR,True
fail_13716,pay_103305,Gateway Error,GATEWAY_INTERNAL_ERROR,True
fail_13717,pay_104487,Bank Declined,BANK_DECLINED_TRANSACTION,False
fail_13718,pay_100918,Network Timeout,GATEWAY_TIMEOUT,True
fail_13719,pay_101561,Gateway Error,GATEWAY_INTERNAL_ERROR,True
fail_13720,pay_101659,Gateway Error,GATEWAY_INTERNAL_ERROR,True
fail_13721,pay_100695,Bank Declined,BANK_DECLINED_TRANSACTION,False
fail_13722,pay_101851,OTP Failed,OTP_AUTHENTICATION_FAILED,True
fail_13723,pay_104451,Gateway Error,GATEWAY_INTERNAL_ERROR,True
fail_13724,pay_103221,User Abandoned,BAD_REQUEST_ABANDONED,True
fail_13725,pay_101941,Bank Declined,BANK_DECLINED_TRANSACTION,False
fail_13726,pay_103390,Insufficient Funds,INSUFFICIENT_FUNDS,True
fail_13727,pay_101817,Gateway Error,GATEWAY_INTERNAL_ERROR,True
fail_13728,pay_102398,Bank Declined,BANK_DECLINED_TRANSACTION,False
fail_13729,pay_104006,Network Timeout,GATEWAY_TIMEOUT,True
fail_13730,pay_104747,Bank Declined,BANK_DECLINED_TRANSACTION,False
fail_13731,pay_100482,Network Timeout,GATEWAY_TIMEOUT,True
fail_13732,pay_101412,Gateway Error,GATEWAY_INTERNAL_ERROR,True
fail_13733,pay_103717,Gateway Error,GATEWAY_INTERNAL_ERROR,True
fail_13734,pay_100616,Bank Declined,BANK_DECLINED_TRANSACTION,False
fail_13735,pay_103702,Bank Declined,BANK_DECLINED_TRANSACTION,False
fail_13736,pay_103430,Gateway Error,GATEWAY_INTERNAL_ERROR,True
fail_13737,pay_102236,OTP Failed,OTP_AUTHENTICATION_FAILED,True
fail_13738,pay_100567,Bank Declined,BANK_DECLINED_TRANSACTION,False
fail_13739,pay_103594,Gateway Error,GATEWAY_INTERNAL_ERROR,True
fail_13740,pay_101562,Network Timeout,GATEWAY_TIMEOUT,True
fail_13741,pay_101903,User Abandoned,BAD_REQUEST_ABANDONED,True
fail_13742,pay_104047,Network Timeout,GATEWAY_TIMEOUT,True
fail_13743,pay_103332,OTP Failed,OTP_AUTHENTICATION_FAILED,True
fail_13744,pay_103060,Insufficient Funds,INSUFFICIENT_FUNDS,True
fail_13745,pay_100924,OTP Failed,OTP_AUTHENTICATION_FAILED,True
fail_13746,pay_100507,Bank Declined,BANK_DECLINED_TRANSACTION,False
fail_13747,pay_103862,Gateway Error,GATEWAY_INTERNAL_ERROR,True
fail_13748,pay_104811,Insufficient Funds,INSUFFICIENT_FUNDS,True
fail_13749,pay_104078,Bank Declined,BANK_DECLINED_TRANSACTION,False
fail_13750,pay_101514,Bank Declined,BANK_DECLINED_TRANSACTION,False
fail_13751,pay_103385,Network Timeout,GATEWAY_TIMEOUT,True
fail_13752,pay_102099,Network Timeout,GATEWAY_TIMEOUT,True
fail_13753,pay_103569,Network Timeout,GATEWAY_TIMEOUT,True
fail_13754,pay_100988,Bank Declined,BANK_DECLINED_TRANSACTION,False
fail_13755,pay_101453,Bank Declined,BANK_DECLINED_TRANSACTION,False
fail_13756,pay_103277,OTP Failed,OTP_AUTHENTICATION_FAILED,True
fail_13757,pay_100830,Insufficient Funds,INSUFFICIENT_FUNDS,True
fail_13758,pay_101012,Gateway Error,GATEWAY_INTERNAL_ERROR,True
fail_13759,pay_103481,Gateway Error,GATEWAY_INTERNAL_ERROR,True
fail_13760,pay_103877,Gateway Error,GATEWAY_INTERNAL_ERROR,True
fail_13761,pay_100118,Insufficient Funds,INSUFFICIENT_FUNDS,True
fail_13762,pay_102750,Gateway Error,GATEWAY_INTERNAL_ERROR,True
fail_13763,pay_101891,Gateway Error,GATEWAY_INTERNAL_ERROR,True
fail_13764,pay_101810,Gateway Error,GATEWAY_INTERNAL_ERROR,True
fail_13765,pay_100856,Network Timeout,GATEWAY_TIMEOUT,True
fail_13766,pay_101905,Bank Declined,BANK_DECLINED_TRANSACTION,False
fail_13767,pay_102686,Bank Declined,BANK_DECLINED_TRANSACTION,False
fail_13768,pay_104498,Insufficient Funds,INSUFFICIENT_FUNDS,True
fail_13769,pay_102486,Network Timeout,GATEWAY_TIMEOUT,True
fail_13770,pay_102161,Bank Declined,BANK_DECLINED_TRANSACTION,False
fail_13771,pay_101106,User Abandoned,BAD_REQUEST_ABANDONED,True
fail_13772,pay_101708,Network Timeout,GATEWAY_TIMEOUT,True
fail_13773,pay_100314,User Abandoned,BAD_REQUEST_ABANDONED,True
fail_13774,pay_102252,OTP Failed,OTP_AUTHENTICATION_FAILED,True
fail_13775,pay_101785,Gateway Error,GATEWAY_INTERNAL_ERROR,True
fail_13776,pay_101123,Bank Declined,BANK_DECLINED_TRANSACTION,False
fail_13777,pay_103274,Bank Declined,BANK_DECLINED_TRANSACTION,False
fail_13778,pay_101505,Network Timeout,GATEWAY_TIMEOUT,True
fail_13779,pay_101250,Insufficient Funds,INSUFFICIENT_FUNDS,True
fail_13780,pay_103967,Bank Declined,BANK_DECLINED_TRANSACTION,False
fail_13781,pay_101541,Insufficient Funds,INSUFFICIENT_FUNDS,True
fail_13782,pay_103744,Bank Declined,BANK_DECLINED_TRANSACTION,False
fail_13783,pay_101401,Bank Declined,BANK_DECLINED_TRANSACTION,False
fail_13784,pay_100831,Network Timeout,GATEWAY_TIMEOUT,True
fail_13785,pay_103083,Network Timeout,GATEWAY_TIMEOUT,True
fail_13786,pay_100383,Gateway Error,GATEWAY_INTERNAL_ERROR,True
fail_13787,pay_103093,Insufficient Funds,INSUFFICIENT_FUNDS,True
fail_13788,pay_102666,Bank Declined,BANK_DECLINED_TRANSACTION,False
fail_13789,pay_102966,Bank Declined,BANK_DECLINED_TRANSACTION,False
fail_13790,pay_104239,Insufficient Funds,INSUFFICIENT_FUNDS,True
fail_13791,pay_102181,Bank Declined,BANK_DECLINED_TRANSACTION,False
fail_13792,pay_104606,Gateway Error,GATEWAY_INTERNAL_ERROR,True
fail_13793,pay_103072,Insufficient Funds,INSUFFICIENT_FUNDS,True
fail_13794,pay_100592,Bank Declined,BANK_DECLINED_TRANSACTION,False
fail_13795,pay_100096,Gateway Error,GATEWAY_INTERNAL_ERROR,True
fail_13796,pay_102640,Gateway Error,GATEWAY_INTERNAL_ERROR,True
fail_13797,pay_101046,Bank Declined,BANK_DECLINED_TRANSACTION,False
fail_13798,pay_100188,OTP Failed,OTP_AUTHENTICATION_FAILED,True
fail_13799,pay_104199,Network Timeout,GATEWAY_TIMEOUT,True
fail_13800,pay_100853,OTP Failed,OTP_AUTHENTICATION_FAILED,True
fail_13801,pay_103371,Bank Declined,BANK_DECLINED_TRANSACTION,False
fail_13802,pay_101264,Bank Declined,BANK_DECLINED_TRANSACTION,False
fail_13803,pay_103292,Gateway Error,GATEWAY_INTERNAL_ERROR,True
fail_13804,pay_104763,Gateway Error,GATEWAY_INTERNAL_ERROR,True
fail_13805,pay_101307,Insufficient Funds,INSUFFICIENT_FUNDS,True
fail_13806,pay_103627,Network Timeout,GATEWAY_TIMEOUT,True
fail_13807,pay_104833,Network Timeout,GATEWAY_TIMEOUT,True
fail_13808,pay_100565,Network Timeout,GATEWAY_TIMEOUT,True
fail_13809,pay_100509,Insufficient Funds,INSUFFICIENT_FUNDS,True
fail_13810,pay_103254,Network Timeout,GATEWAY_TIMEOUT,True
fail_13811,pay_102881,User Abandoned,BAD_REQUEST_ABANDONED,True
fail_13812,pay_100326,Network Timeout,GATEWAY_TIMEOUT,True
fail_13813,pay_101608,Bank Declined,BANK_DECLINED_TRANSACTION,False
fail_13814,pay_103109,Network Timeout,GATEWAY_TIMEOUT,True
fail_13815,pay_100718,User Abandoned,BAD_REQUEST_ABANDONED,True
fail_13816,pay_100636,Network Timeout,GATEWAY_TIMEOUT,True
fail_13817,pay_102292,Network Timeout,GATEWAY_TIMEOUT,True
fail_13818,pay_103209,Gateway Error,GATEWAY_INTERNAL_ERROR,True
fail_13819,pay_103434,OTP Failed,OTP_AUTHENTICATION_FAILED,True
fail_13820,pay_101385,Insufficient Funds,INSUFFICIENT_FUNDS,True
fail_13821,pay_104963,Bank Declined,BANK_DECLINED_TRANSACTION,False
fail_13822,pay_102208,Network Timeout,GATEWAY_TIMEOUT,True
fail_13823,pay_101287,Bank Declined,BANK_DECLINED_TRANSACTION,False
fail_13824,pay_104705,Network Timeout,GATEWAY_TIMEOUT,True
fail_13825,pay_101816,Network Timeout,GATEWAY_TIMEOUT,True
fail_13826,pay_100147,Bank Declined,BANK_DECLINED_TRANSACTION,False
fail_13827,pay_101290,Gateway Error,GATEWAY_INTERNAL_ERROR,True
fail_13828,pay_102174,Network Timeout,GATEWAY_TIMEOUT,True
fail_13829,pay_101876,OTP Failed,OTP_AUTHENTICATION_FAILED,True
fail_13830,pay_101111,Bank Declined,BANK_DECLINED_TRANSACTION,False
fail_13831,pay_100485,User Abandoned,BAD_REQUEST_ABANDONED,True
fail_13832,pay_103910,User Abandoned,BAD_REQUEST_ABANDONED,True
fail_13833,pay_100625,Network Timeout,GATEWAY_TIMEOUT,True
fail_13834,pay_103088,Gateway Error,GATEWAY_INTERNAL_ERROR,True
fail_13835,pay_101655,Insufficient Funds,INSUFFICIENT_FUNDS,True
fail_13836,pay_103483,Insufficient Funds,INSUFFICIENT_FUNDS,True
fail_13837,pay_101544,Network Timeout,GATEWAY_TIMEOUT,True
fail_13838,pay_103701,Insufficient Funds,INSUFFICIENT_FUNDS,True
fail_13839,pay_101478,User Abandoned,BAD_REQUEST_ABANDONED,True
fail_13840,pay_100325,Gateway Error,GATEWAY_INTERNAL_ERROR,True
fail_13841,pay_100411,Network Timeout,GATEWAY_TIMEOUT,True
fail_13842,pay_101502,OTP Failed,OTP_AUTHENTICATION_FAILED,True
fail_13843,pay_103810,Network Timeout,GATEWAY_TIMEOUT,True
fail_13844,pay_102935,Insufficient Funds,INSUFFICIENT_FUNDS,True
fail_13845,pay_101511,Bank Declined,BANK_DECLINED_TRANSACTION,False
fail_13846,pay_100566,Bank Declined,BANK_DECLINED_TRANSACTION,False
fail_13847,pay_103781,Network Timeout,GATEWAY_TIMEOUT,True
fail_13848,pay_102967,Bank Declined,BANK_DECLINED_TRANSACTION,False
fail_13849,pay_103335,Insufficient Funds,INSUFFICIENT_FUNDS,True
fail_13850,pay_100031,Bank Declined,BANK_DECLINED_TRANSACTION,False
fail_13851,pay_100077,OTP Failed,OTP_AUTHENTICATION_FAILED,True
fail_13852,pay_104154,Insufficient Funds,INSUFFICIENT_FUNDS,True
fail_13853,pay_102314,Bank Declined,BANK_DECLINED_TRANSACTION,False
fail_13854,pay_104372,Insufficient Funds,INSUFFICIENT_FUNDS,True
fail_13855,pay_104208,Insufficient Funds,INSUFFICIENT_FUNDS,True
fail_13856,pay_102913,User Abandoned,BAD_REQUEST_ABANDONED,True
fail_13857,pay_104260,OTP Failed,OTP_AUTHENTICATION_FAILED,True
fail_13858,pay_104966,Network Timeout,GATEWAY_TIMEOUT,True
fail_13859,pay_100975,Gateway Error,GATEWAY_INTERNAL_ERROR,True
fail_13860,pay_103196,Insufficient Funds,INSUFFICIENT_FUNDS,True
fail_13861,pay_103151,User Abandoned,BAD_REQUEST_ABANDONED,True
fail_13862,pay_103740,Gateway Error,GATEWAY_INTERNAL_ERROR,True
fail_13863,pay_103028,OTP Failed,OTP_AUTHENTICATION_FAILED,True
fail_13864,pay_102746,Bank Declined,BANK_DECLINED_TRANSACTION,False
fail_13865,pay_103313,Bank Declined,BANK_DECLINED_TRANSACTION,False
fail_13866,pay_103849,Insufficient Funds,INSUFFICIENT_FUNDS,True
fail_13867,pay_103713,User Abandoned,BAD_REQUEST_ABANDONED,True
fail_13868,pay_103180,Bank Declined,BANK_DECLINED_TRANSACTION,False
fail_13869,pay_102240,Bank Declined,BANK_DECLINED_TRANSACTION,False
fail_13870,pay_100362,User Abandoned,BAD_REQUEST_ABANDONED,True
fail_13871,pay_103881,Network Timeout,GATEWAY_TIMEOUT,True
fail_13872,pay_103470,Insufficient Funds,INSUFFICIENT_FUNDS,True
fail_13873,pay_101838,Bank Declined,BANK_DECLINED_TRANSACTION,False
fail_13874,pay_103621,Network Timeout,GATEWAY_TIMEOUT,True
fail_13875,pay_103412,OTP Failed,OTP_AUTHENTICATION_FAILED,True
fail_13876,pay_102298,Insufficient Funds,INSUFFICIENT_FUNDS,True
fail_13877,pay_101256,Network Timeout,GATEWAY_TIMEOUT,True
fail_13878,pay_104929,Network Timeout,GATEWAY_TIMEOUT,True
fail_13879,pay_103868,Insufficient Funds,INSUFFICIENT_FUNDS,True
fail_13880,pay_104802,OTP Failed,OTP_AUTHENTICATION_FAILED,True
fail_13881,pay_102702,Network Timeout,GATEWAY_TIMEOUT,True
fail_13882,pay_102393,Network Timeout,GATEWAY_TIMEOUT,True
fail_13883,pay_103443,Insufficient Funds,INSUFFICIENT_FUNDS,True
fail_13884,pay_103951,Network Timeout,GATEWAY_TIMEOUT,True
fail_13885,pay_101354,Network Timeout,GATEWAY_TIMEOUT,True
fail_13886,pay_100902,Network Timeout,GATEWAY_TIMEOUT,True
fail_13887,pay_102357,Insufficient Funds,INSUFFICIENT_FUNDS,True
fail_13888,pay_102193,Network Timeout,GATEWAY_TIMEOUT,True
fail_13889,pay_102873,Gateway Error,GATEWAY_INTERNAL_ERROR,True
fail_13890,pay_100963,Network Timeout,GATEWAY_TIMEOUT,True
fail_13891,pay_103669,Insufficient Funds,INSUFFICIENT_FUNDS,True
fail_13892,pay_102552,Bank Declined,BANK_DECLINED_TRANSACTION,False
fail_13893,pay_103585,Bank Declined,BANK_DECLINED_TRANSACTION,False
fail_13894,pay_104555,Gateway Error,GATEWAY_INTERNAL_ERROR,True
fail_13895,pay_101581,Gateway Error,GATEWAY_INTERNAL_ERROR,True
fail_13896,pay_103475,Network Timeout,GATEWAY_TIMEOUT,True
fail_13897,pay_101394,Insufficient Funds,INSUFFICIENT_FUNDS,True
fail_13898,pay_102838,Network Timeout,GATEWAY_TIMEOUT,True
fail_13899,pay_103178,User Abandoned,BAD_REQUEST_ABANDONED,True
fail_13900,pay_103682,Bank Declined,BANK_DECLINED_TRANSACTION,False
fail_13901,pay_103017,Bank Declined,BANK_DECLINED_TRANSACTION,False
fail_13902,pay_102461,OTP Failed,OTP_AUTHENTICATION_FAILED,True
fail_13903,pay_103959,Insufficient Funds,INSUFFICIENT_FUNDS,True
fail_13904,pay_102664,Network Timeout,GATEWAY_TIMEOUT,True
fail_13905,pay_100141,Network Timeout,GATEWAY_TIMEOUT,True
fail_13906,pay_104586,Insufficient Funds,INSUFFICIENT_FUNDS,True
fail_13907,pay_102601,OTP Failed,OTP_AUTHENTICATION_FAILED,True
fail_13908,pay_102733,Insufficient Funds,INSUFFICIENT_FUNDS,True
fail_13909,pay_102469,Bank Declined,BANK_DECLINED_TRANSACTION,False
fail_13910,pay_104187,OTP Failed,OTP_AUTHENTICATION_FAILED,True
fail_13911,pay_103231,OTP Failed,OTP_AUTHENTICATION_FAILED,True
fail_13912,pay_102443,Gateway Error,GATEWAY_INTERNAL_ERROR,True
fail_13913,pay_101709,Gateway Error,GATEWAY_INTERNAL_ERROR,True
fail_13914,pay_104754,Network Timeout,GATEWAY_TIMEOUT,True
fail_13915,pay_101987,Network Timeout,GATEWAY_TIMEOUT,True
fail_13916,pay_103525,Bank Declined,BANK_DECLINED_TRANSACTION,False
fail_13917,pay_104995,Network Timeout,GATEWAY_TIMEOUT,True
fail_13918,pay_103296,Insufficient Funds,INSUFFICIENT_FUNDS,True
fail_13919,pay_103327,Network Timeout,GATEWAY_TIMEOUT,True
fail_13920,pay_104604,Network Timeout,GATEWAY_TIMEOUT,True
fail_13921,pay_101988,Bank Declined,BANK_DECLINED_TRANSACTION,False
fail_13922,pay_104672,OTP Failed,OTP_AUTHENTICATION_FAILED,True
fail_13923,pay_101744,Bank Declined,BANK_DECLINED_TRANSACTION,False
fail_13924,pay_102522,OTP Failed,OTP_AUTHENTICATION_FAILED,True
fail_13925,pay_104026,Insufficient Funds,INSUFFICIENT_FUNDS,True
fail_13926,pay_102276,Insufficient Funds,INSUFFICIENT_FUNDS,True
fail_13927,pay_101071,Network Timeout,GATEWAY_TIMEOUT,True
fail_13928,pay_103240,User Abandoned,BAD_REQUEST_ABANDONED,True
fail_13929,pay_104653,Bank Declined,BANK_DECLINED_TRANSACTION,False
fail_13930,pay_102359,Bank Declined,BANK_DECLINED_TRANSACTION,False
fail_13931,pay_100734,Insufficient Funds,INSUFFICIENT_FUNDS,True
fail_13932,pay_103241,Insufficient Funds,INSUFFICIENT_FUNDS,True
fail_13933,pay_101939,Bank Declined,BANK_DECLINED_TRANSACTION,False
fail_13934,pay_104118,Insufficient Funds,INSUFFICIENT_FUNDS,True
fail_13935,pay_103432,User Abandoned,BAD_REQUEST_ABANDONED,True
fail_13936,pay_102473,Network Timeout,GATEWAY_TIMEOUT,True
fail_13937,pay_101473,Insufficient Funds,INSUFFICIENT_FUNDS,True
fail_13938,pay_101871,User Abandoned,BAD_REQUEST_ABANDONED,True
fail_13939,pay_103582,Insufficient Funds,INSUFFICIENT_FUNDS,True
fail_13940,pay_103078,Bank Declined,BANK_DECLINED_TRANSACTION,False
fail_13941,pay_102869,Gateway Error,GATEWAY_INTERNAL_ERROR,True
fail_13942,pay_102495,Gateway Error,GATEWAY_INTERNAL_ERROR,True
fail_13943,pay_104058,Bank Declined,BANK_DECLINED_TRANSACTION,False
fail_13944,pay_102764,Insufficient Funds,INSUFFICIENT_FUNDS,True
fail_13945,pay_104569,Gateway Error,GATEWAY_INTERNAL_ERROR,True
fail_13946,pay_101739,User Abandoned,BAD_REQUEST_ABANDONED,True
fail_13947,pay_103735,OTP Failed,OTP_AUTHENTICATION_FAILED,True
fail_13948,pay_104810,User Abandoned,BAD_REQUEST_ABANDONED,True
fail_13949,pay_102772,Insufficient Funds,INSUFFICIENT_FUNDS,True
fail_13950,pay_102642,Bank Declined,BANK_DECLINED_TRANSACTION,False
fail_13951,pay_103831,Bank Declined,BANK_DECLINED_TRANSACTION,False
fail_13952,pay_100338,Bank Declined,BANK_DECLINED_TRANSACTION,False
fail_13953,pay_100652,User Abandoned,BAD_REQUEST_ABANDONED,True
fail_13954,pay_104885,Network Timeout,GATEWAY_TIMEOUT,True
fail_13955,pay_100223,Gateway Error,GATEWAY_INTERNAL_ERROR,True
fail_13956,pay_100663,Insufficient Funds,INSUFFICIENT_FUNDS,True
fail_13957,pay_102115,Insufficient Funds,INSUFFICIENT_FUNDS,True
fail_13958,pay_104261,Gateway Error,GATEWAY_INTERNAL_ERROR,True
fail_13959,pay_101795,Network Timeout,GATEWAY_TIMEOUT,True
fail_13960,pay_101363,OTP Failed,OTP_AUTHENTICATION_FAILED,True
fail_13961,pay_102899,Bank Declined,BANK_DECLINED_TRANSACTION,False
fail_13962,pay_100871,Network Timeout,GATEWAY_TIMEOUT,True
fail_13963,pay_100008,Gateway Error,GATEWAY_INTERNAL_ERROR,True
fail_13964,pay_103503,Insufficient Funds,INSUFFICIENT_FUNDS,True
fail_13965,pay_102348,Gateway Error,GATEWAY_INTERNAL_ERROR,True
fail_13966,pay_103893,Bank Declined,BANK_DECLINED_TRANSACTION,False
fail_13967,pay_101084,OTP Failed,OTP_AUTHENTICATION_FAILED,True
fail_13968,pay_103287,Network Timeout,GATEWAY_TIMEOUT,True
fail_13969,pay_104163,Insufficient Funds,INSUFFICIENT_FUNDS,True
fail_13970,pay_100425,OTP Failed,OTP_AUTHENTICATION_FAILED,True
fail_13971,pay_102814,User Abandoned,BAD_REQUEST_ABANDONED,True
fail_13972,pay_104577,Insufficient Funds,INSUFFICIENT_FUNDS,True
fail_13973,pay_103964,Bank Declined,BANK_DECLINED_TRANSACTION,False
fail_13974,pay_100101,User Abandoned,BAD_REQUEST_ABANDONED,True
fail_13975,pay_101703,Bank Declined,BANK_DECLINED_TRANSACTION,False
fail_13976,pay_104158,Bank Declined,BANK_DECLINED_TRANSACTION,False
fail_13977,pay_102510,Bank Declined,BANK_DECLINED_TRANSACTION,False
fail_13978,pay_102744,User Abandoned,BAD_REQUEST_ABANDONED,True
fail_13979,pay_103023,OTP Failed,OTP_AUTHENTICATION_FAILED,True
fail_13980,pay_100837,Bank Declined,BANK_DECLINED_TRANSACTION,False
fail_13981,pay_101786,Network Timeout,GATEWAY_TIMEOUT,True
fail_13982,pay_102812,OTP Failed,OTP_AUTHENTICATION_FAILED,True
fail_13983,pay_104655,OTP Failed,OTP_AUTHENTICATION_FAILED,True
fail_13984,pay_104843,Bank Declined,BANK_DECLINED_TRANSACTION,False
fail_13985,pay_102093,Insufficient Funds,INSUFFICIENT_FUNDS,True
fail_13986,pay_103039,Bank Declined,BANK_DECLINED_TRANSACTION,False
fail_13987,pay_104790,Gateway Error,GATEWAY_INTERNAL_ERROR,True
fail_13988,pay_104826,Network Timeout,GATEWAY_TIMEOUT,True
fail_13989,pay_104491,Network Timeout,GATEWAY_TIMEOUT,True
fail_13990,pay_103152,Insufficient Funds,INSUFFICIENT_FUNDS,True
fail_13991,pay_100992,Network Timeout,GATEWAY_TIMEOUT,True
fail_13992,pay_101769,Bank Declined,BANK_DECLINED_TRANSACTION,False
fail_13993,pay_100397,User Abandoned,BAD_REQUEST_ABANDONED,True
fail_13994,pay_103836,Bank Declined,BANK_DECLINED_TRANSACTION,False
fail_13995,pay_103908,Insufficient Funds,INSUFFICIENT_FUNDS,True
fail_13996,pay_102465,Gateway Error,GATEWAY_INTERNAL_ERROR,True
fail_13997,pay_103257,Gateway Error,GATEWAY_INTERNAL_ERROR,True
fail_13998,pay_103181,Insufficient Funds,INSUFFICIENT_FUNDS,True
fail_13999,pay_103692,Bank Declined,BANK_DECLINED_TRANSACTION,False
fail_14000,pay_102889,Insufficient Funds,INSUFFICIENT_FUNDS,True
fail_14001,pay_100542,Gateway Error,GATEWAY_INTERNAL_ERROR,True
fail_14002,pay_102850,Insufficient Funds,INSUFFICIENT_FUNDS,True
fail_14003,pay_100051,OTP Failed,OTP_AUTHENTICATION_FAILED,True
fail_14004,pay_101114,Bank Declined,BANK_DECLINED_TRANSACTION,False
fail_14005,pay_104580,OTP Failed,OTP_AUTHENTICATION_FAILED,True
fail_14006,pay_102860,User Abandoned,BAD_REQUEST_ABANDONED,True
fail_14007,pay_102992,Gateway Error,GATEWAY_INTERNAL_ERROR,True
fail_14008,pay_102553,Gateway Error,GATEWAY_INTERNAL_ERROR,True
fail_14009,pay_100887,Insufficient Funds,INSUFFICIENT_FUNDS,True
fail_14010,pay_104247,Gateway Error,GATEWAY_INTERNAL_ERROR,True
fail_14011,pay_104955,Bank Declined,BANK_DECLINED_TRANSACTION,False
fail_14012,pay_101112,Insufficient Funds,INSUFFICIENT_FUNDS,True
fail_14013,pay_102219,Insufficient Funds,INSUFFICIENT_FUNDS,True
fail_14014,pay_104984,User Abandoned,BAD_REQUEST_ABANDONED,True
fail_14015,pay_100522,Bank Declined,BANK_DECLINED_TRANSACTION,False
fail_14016,pay_102391,Gateway Error,GATEWAY_INTERNAL_ERROR,True
fail_14017,pay_103294,Network Timeout,GATEWAY_TIMEOUT,True
fail_14018,pay_103193,Bank Declined,BANK_DECLINED_TRANSACTION,False
fail_14019,pay_101177,Gateway Error,GATEWAY_INTERNAL_ERROR,True
fail_14020,pay_103912,OTP Failed,OTP_AUTHENTICATION_FAILED,True
fail_14021,pay_101522,Bank Declined,BANK_DECLINED_TRANSACTION,False
fail_14022,pay_104874,User Abandoned,BAD_REQUEST_ABANDONED,True
fail_14023,pay_104870,Insufficient Funds,INSUFFICIENT_FUNDS,True
fail_14024,pay_104102,Bank Declined,BANK_DECLINED_TRANSACTION,False
fail_14025,pay_104447,User Abandoned,BAD_REQUEST_ABANDONED,True
fail_14026,pay_104008,Insufficient Funds,INSUFFICIENT_FUNDS,True
fail_14027,pay_101650,Gateway Error,GATEWAY_INTERNAL_ERROR,True
fail_14028,pay_100071,User Abandoned,BAD_REQUEST_ABANDONED,True
fail_14029,pay_104795,OTP Failed,OTP_AUTHENTICATION_FAILED,True
fail_14030,pay_102809,Bank Declined,BANK_DECLINED_TRANSACTION,False
fail_14031,pay_102070,Insufficient Funds,INSUFFICIENT_FUNDS,True
fail_14032,pay_104904,Network Timeout,GATEWAY_TIMEOUT,True
fail_14033,pay_103044,OTP Failed,OTP_AUTHENTICATION_FAILED,True
fail_14034,pay_103255,OTP Failed,OTP_AUTHENTICATION_FAILED,True
fail_14035,pay_103775,Network Timeout,GATEWAY_TIMEOUT,True
fail_14036,pay_103393,Network Timeout,GATEWAY_TIMEOUT,True
fail_14037,pay_102737,Network Timeout,GATEWAY_TIMEOUT,True
fail_14038,pay_101533,Insufficient Funds,INSUFFICIENT_FUNDS,True
fail_14039,pay_100252,Insufficient Funds,INSUFFICIENT_FUNDS,True
fail_14040,pay_104563,Gateway Error,GATEWAY_INTERNAL_ERROR,True
fail_14041,pay_104490,Bank Declined,BANK_DECLINED_TRANSACTION,False
fail_14042,pay_102943,Bank Declined,BANK_DECLINED_TRANSACTION,False
fail_14043,pay_101325,Gateway Error,GATEWAY_INTERNAL_ERROR,True
fail_14044,pay_102673,OTP Failed,OTP_AUTHENTICATION_FAILED,True
fail_14045,pay_103358,Bank Declined,BANK_DECLINED_TRANSACTION,False
fail_14046,pay_103528,OTP Failed,OTP_AUTHENTICATION_FAILED,True
fail_14047,pay_104018,Insufficient Funds,INSUFFICIENT_FUNDS,True
fail_14048,pay_101959,OTP Failed,OTP_AUTHENTICATION_FAILED,True
fail_14049,pay_104982,OTP Failed,OTP_AUTHENTICATION_FAILED,True
fail_14050,pay_101344,Gateway Error,GATEWAY_INTERNAL_ERROR,True
fail_14051,pay_104155,Network Timeout,GATEWAY_TIMEOUT,True
fail_14052,pay_104407,Network Timeout,GATEWAY_TIMEOUT,True
fail_14053,pay_101797,OTP Failed,OTP_AUTHENTICATION_FAILED,True
fail_14054,pay_102740,Bank Declined,BANK_DECLINED_TRANSACTION,False
fail_14055,pay_102928,Insufficient Funds,INSUFFICIENT_FUNDS,True
fail_14056,pay_103289,Network Timeout,GATEWAY_TIMEOUT,True
fail_14057,pay_101662,Bank Declined,BANK_DECLINED_TRANSACTION,False
fail_14058,pay_101890,Network Timeout,GATEWAY_TIMEOUT,True
fail_14059,pay_101431,Gateway Error,GATEWAY_INTERNAL_ERROR,True
fail_14060,pay_104330,Network Timeout,GATEWAY_TIMEOUT,True
fail_14061,pay_102384,User Abandoned,BAD_REQUEST_ABANDONED,True
fail_14062,pay_100911,OTP Failed,OTP_AUTHENTICATION_FAILED,True
fail_14063,pay_103934,Insufficient Funds,INSUFFICIENT_FUNDS,True
fail_14064,pay_103098,Bank Declined,BANK_DECLINED_TRANSACTION,False
fail_14065,pay_100634,Insufficient Funds,INSUFFICIENT_FUNDS,True
fail_14066,pay_102925,Insufficient Funds,INSUFFICIENT_FUNDS,True
fail_14067,pay_100022,Insufficient Funds,INSUFFICIENT_FUNDS,True
fail_14068,pay_101928,Bank Declined,BANK_DECLINED_TRANSACTION,False
fail_14069,pay_101638,Gateway Error,GATEWAY_INTERNAL_ERROR,True
fail_14070,pay_104928,Network Timeout,GATEWAY_TIMEOUT,True
fail_14071,pay_100563,User Abandoned,BAD_REQUEST_ABANDONED,True
fail_14072,pay_103086,User Abandoned,BAD_REQUEST_ABANDONED,True
fail_14073,pay_102612,Bank Declined,BANK_DECLINED_TRANSACTION,False
fail_14074,pay_100468,User Abandoned,BAD_REQUEST_ABANDONED,True
fail_14075,pay_104167,OTP Failed,OTP_AUTHENTICATION_FAILED,True
fail_14076,pay_103667,OTP Failed,OTP_AUTHENTICATION_FAILED,True
fail_14077,pay_101105,Network Timeout,GATEWAY_TIMEOUT,True
fail_14078,pay_100348,Insufficient Funds,INSUFFICIENT_FUNDS,True
fail_14079,pay_104390,Insufficient Funds,INSUFFICIENT_FUNDS,True
fail_14080,pay_104627,Bank Declined,BANK_DECLINED_TRANSACTION,False
fail_14081,pay_102482,OTP Failed,OTP_AUTHENTICATION_FAILED,True
fail_14082,pay_102380,Insufficient Funds,INSUFFICIENT_FUNDS,True
fail_14083,pay_101885,Network Timeout,GATEWAY_TIMEOUT,True
fail_14084,pay_100250,Bank Declined,BANK_DECLINED_TRANSACTION,False
fail_14085,pay_100391,Gateway Error,GATEWAY_INTERNAL_ERROR,True
fail_14086,pay_103823,Network Timeout,GATEWAY_TIMEOUT,True
fail_14087,pay_101701,Gateway Error,GATEWAY_INTERNAL_ERROR,True
fail_14088,pay_103878,OTP Failed,OTP_AUTHENTICATION_FAILED,True
fail_14089,pay_104225,Bank Declined,BANK_DECLINED_TRANSACTION,False
fail_14090,pay_101882,OTP Failed,OTP_AUTHENTICATION_FAILED,True
fail_14091,pay_102274,Network Timeout,GATEWAY_TIMEOUT,True
fail_14092,pay_101173,Gateway Error,GATEWAY_INTERNAL_ERROR,True
fail_14093,pay_101404,Network Timeout,GATEWAY_TIMEOUT,True
fail_14094,pay_102031,Insufficient Funds,INSUFFICIENT_FUNDS,True
fail_14095,pay_104772,Network Timeout,GATEWAY_TIMEOUT,True
fail_14096,pay_103791,Network Timeout,GATEWAY_TIMEOUT,True
fail_14097,pay_103786,Bank Declined,BANK_DECLINED_TRANSACTION,False
fail_14098,pay_100660,Insufficient Funds,INSUFFICIENT_FUNDS,True
fail_14099,pay_100229,Insufficient Funds,INSUFFICIENT_FUNDS,True
fail_14100,pay_103887,Insufficient Funds,INSUFFICIENT_FUNDS,True
fail_14101,pay_102146,Gateway Error,GATEWAY_INTERNAL_ERROR,True
fail_14102,pay_102367,Network Timeout,GATEWAY_TIMEOUT,True
fail_14103,pay_103087,OTP Failed,OTP_AUTHENTICATION_FAILED,True
fail_14104,pay_102247,Insufficient Funds,INSUFFICIENT_FUNDS,True
fail_14105,pay_102477,Bank Declined,BANK_DECLINED_TRANSACTION,False
fail_14106,pay_100760,Network Timeout,GATEWAY_TIMEOUT,True
fail_14107,pay_103195,Network Timeout,GATEWAY_TIMEOUT,True
fail_14108,pay_102369,Gateway Error,GATEWAY_INTERNAL_ERROR,True
fail_14109,pay_103051,User Abandoned,BAD_REQUEST_ABANDONED,True
fail_14110,pay_100258,Network Timeout,GATEWAY_TIMEOUT,True
fail_14111,pay_103949,Bank Declined,BANK_DECLINED_TRANSACTION,False
fail_14112,pay_100543,Gateway Error,GATEWAY_INTERNAL_ERROR,True
fail_14113,pay_104633,Gateway Error,GATEWAY_INTERNAL_ERROR,True
fail_14114,pay_103096,Gateway Error,GATEWAY_INTERNAL_ERROR,True
fail_14115,pay_103760,Bank Declined,BANK_DECLINED_TRANSACTION,False
fail_14116,pay_100410,Network Timeout,GATEWAY_TIMEOUT,True
fail_14117,pay_102930,Network Timeout,GATEWAY_TIMEOUT,True
fail_14118,pay_103288,Insufficient Funds,INSUFFICIENT_FUNDS,True
fail_14119,pay_101615,Insufficient Funds,INSUFFICIENT_FUNDS,True
fail_14120,pay_101031,Gateway Error,GATEWAY_INTERNAL_ERROR,True
fail_14121,pay_100907,Gateway Error,GATEWAY_INTERNAL_ERROR,True
fail_14122,pay_103256,Insufficient Funds,INSUFFICIENT_FUNDS,True
fail_14123,pay_102050,Gateway Error,GATEWAY_INTERNAL_ERROR,True
fail_14124,pay_102804,Network Timeout,GATEWAY_TIMEOUT,True
fail_14125,pay_102102,User Abandoned,BAD_REQUEST_ABANDONED,True
fail_14126,pay_102449,OTP Failed,OTP_AUTHENTICATION_FAILED,True
fail_14127,pay_100703,Bank Declined,BANK_DECLINED_TRANSACTION,False
fail_14128,pay_101432,Network Timeout,GATEWAY_TIMEOUT,True
fail_14129,pay_100261,Network Timeout,GATEWAY_TIMEOUT,True
fail_14130,pay_101192,Insufficient Funds,INSUFFICIENT_FUNDS,True
fail_14131,pay_104681,Gateway Error,GATEWAY_INTERNAL_ERROR,True
fail_14132,pay_102533,Network Timeout,GATEWAY_TIMEOUT,True
fail_14133,pay_104371,Insufficient Funds,INSUFFICIENT_FUNDS,True
fail_14134,pay_103561,Gateway Error,GATEWAY_INTERNAL_ERROR,True
fail_14135,pay_104282,Gateway Error,GATEWAY_INTERNAL_ERROR,True
fail_14136,pay_103179,Gateway Error,GATEWAY_INTERNAL_ERROR,True
fail_14137,pay_103516,Insufficient Funds,INSUFFICIENT_FUNDS,True
fail_14138,pay_103048,Gateway Error,GATEWAY_INTERNAL_ERROR,True
fail_14139,pay_100684,Network Timeout,GATEWAY_TIMEOUT,True
fail_14140,pay_103523,Bank Declined,BANK_DECLINED_TRANSACTION,False
fail_14141,pay_102939,Network Timeout,GATEWAY_TIMEOUT,True
fail_14142,pay_102327,Gateway Error,GATEWAY_INTERNAL_ERROR,True
fail_14143,pay_103558,Network Timeout,GATEWAY_TIMEOUT,True
fail_14144,pay_102199,Gateway Error,GATEWAY_INTERNAL_ERROR,True
fail_14145,pay_100702,Bank Declined,BANK_DECLINED_TRANSACTION,False
fail_14146,pay_102296,Gateway Error,GATEWAY_INTERNAL_ERROR,True
fail_14147,pay_103689,Bank Declined,BANK_DECLINED_TRANSACTION,False
fail_14148,pay_100167,Network Timeout,GATEWAY_TIMEOUT,True
fail_14149,pay_100186,Network Timeout,GATEWAY_TIMEOUT,True
fail_14150,pay_102595,Network Timeout,GATEWAY_TIMEOUT,True
fail_14151,pay_104378,Network Timeout,GATEWAY_TIMEOUT,True
fail_14152,pay_104366,Network Timeout,GATEWAY_TIMEOUT,True
fail_14153,pay_101077,Network Timeout,GATEWAY_TIMEOUT,True
fail_14154,pay_100466,OTP Failed,OTP_AUTHENTICATION_FAILED,True
fail_14155,pay_100531,Insufficient Funds,INSUFFICIENT_FUNDS,True
fail_14156,pay_101636,Network Timeout,GATEWAY_TIMEOUT,True
fail_14157,pay_101849,Insufficient Funds,INSUFFICIENT_FUNDS,True
fail_14158,pay_101595,Insufficient Funds,INSUFFICIENT_FUNDS,True
fail_14159,pay_100040,Gateway Error,GATEWAY_INTERNAL_ERROR,True
fail_14160,pay_100622,Bank Declined,BANK_DECLINED_TRANSACTION,False
fail_14161,pay_104582,OTP Failed,OTP_AUTHENTICATION_FAILED,True
fail_14162,pay_100349,Network Timeout,GATEWAY_TIMEOUT,True
fail_14163,pay_103270,Network Timeout,GATEWAY_TIMEOUT,True
fail_14164,pay_101940,Bank Declined,BANK_DECLINED_TRANSACTION,False
fail_14165,pay_101075,Network Timeout,GATEWAY_TIMEOUT,True
fail_14166,pay_101935,Gateway Error,GATEWAY_INTERNAL_ERROR,True
fail_14167,pay_104142,Gateway Error,GATEWAY_INTERNAL_ERROR,True
fail_14168,pay_102719,Bank Declined,BANK_DECLINED_TRANSACTION,False
fail_14169,pay_101777,Bank Declined,BANK_DECLINED_TRANSACTION,False
fail_14170,pay_104219,OTP Failed,OTP_AUTHENTICATION_FAILED,True
fail_14171,pay_101555,OTP Failed,OTP_AUTHENTICATION_FAILED,True
fail_14172,pay_101486,OTP Failed,OTP_AUTHENTICATION_FAILED,True
fail_14173,pay_102094,Gateway Error,GATEWAY_INTERNAL_ERROR,True
fail_14174,pay_103884,Gateway Error,GATEWAY_INTERNAL_ERROR,True
fail_14175,pay_102368,Bank Declined,BANK_DECLINED_TRANSACTION,False
fail_14176,pay_102432,Gateway Error,GATEWAY_INTERNAL_ERROR,True
fail_14177,pay_102932,OTP Failed,OTP_AUTHENTICATION_FAILED,True
fail_14178,pay_103321,Insufficient Funds,INSUFFICIENT_FUNDS,True
fail_14179,pay_101907,Bank Declined,BANK_DECLINED_TRANSACTION,False
fail_14180,pay_103364,OTP Failed,OTP_AUTHENTICATION_FAILED,True
fail_14181,pay_100177,Gateway Error,GATEWAY_INTERNAL_ERROR,True
fail_14182,pay_100286,Gateway Error,GATEWAY_INTERNAL_ERROR,True
fail_14183,pay_103326,User Abandoned,BAD_REQUEST_ABANDONED,True
fail_14184,pay_100082,OTP Failed,OTP_AUTHENTICATION_FAILED,True
fail_14185,pay_104956,Network Timeout,GATEWAY_TIMEOUT,True
fail_14186,pay_102659,Gateway Error,GATEWAY_INTERNAL_ERROR,True
fail_14187,pay_104883,Gateway Error,GATEWAY_INTERNAL_ERROR,True
fail_14188,pay_103162,Insufficient Funds,INSUFFICIENT_FUNDS,True
fail_14189,pay_101853,Bank Declined,BANK_DECLINED_TRANSACTION,False
fail_14190,pay_101694,Bank Declined,BANK_DECLINED_TRANSACTION,False
fail_14191,pay_103350,OTP Failed,OTP_AUTHENTICATION_FAILED,True
fail_14192,pay_100936,Network Timeout,GATEWAY_TIMEOUT,True
fail_14193,pay_102426,Gateway Error,GATEWAY_INTERNAL_ERROR,True
fail_14194,pay_100749,Gateway Error,GATEWAY_INTERNAL_ERROR,True
fail_14195,pay_102867,OTP Failed,OTP_AUTHENTICATION_FAILED,True
fail_14196,pay_101946,User Abandoned,BAD_REQUEST_ABANDONED,True
fail_14197,pay_103402,Network Timeout,GATEWAY_TIMEOUT,True
fail_14198,pay_104417,Insufficient Funds,INSUFFICIENT_FUNDS,True
fail_14199,pay_101654,Network Timeout,GATEWAY_TIMEOUT,True
fail_14200,pay_103706,Network Timeout,GATEWAY_TIMEOUT,True
fail_14201,pay_100846,OTP Failed,OTP_AUTHENTICATION_FAILED,True
fail_14202,pay_103252,Network Timeout,GATEWAY_TIMEOUT,True
fail_14203,pay_100532,Insufficient Funds,INSUFFICIENT_FUNDS,True
fail_14204,pay_104556,Network Timeout,GATEWAY_TIMEOUT,True
fail_14205,pay_102791,Gateway Error,GATEWAY_INTERNAL_ERROR,True
fail_14206,pay_102248,User Abandoned,BAD_REQUEST_ABANDONED,True
fail_14207,pay_103807,Insufficient Funds,INSUFFICIENT_FUNDS,True
fail_14208,pay_101405,Network Timeout,GATEWAY_TIMEOUT,True
fail_14209,pay_104662,Bank Declined,BANK_DECLINED_TRANSACTION,False
fail_14210,pay_100883,Network Timeout,GATEWAY_TIMEOUT,True
fail_14211,pay_103602,Bank Declined,BANK_DECLINED_TRANSACTION,False
fail_14212,pay_103037,OTP Failed,OTP_AUTHENTICATION_FAILED,True
fail_14213,pay_100057,User Abandoned,BAD_REQUEST_ABANDONED,True
fail_14214,pay_103685,Insufficient Funds,INSUFFICIENT_FUNDS,True
fail_14215,pay_101228,Network Timeout,GATEWAY_TIMEOUT,True
fail_14216,pay_102221,OTP Failed,OTP_AUTHENTICATION_FAILED,True
fail_14217,pay_103927,User Abandoned,BAD_REQUEST_ABANDONED,True
fail_14218,pay_101536,Insufficient Funds,INSUFFICIENT_FUNDS,True
fail_14219,pay_101045,Gateway Error,GATEWAY_INTERNAL_ERROR,True
fail_14220,pay_102307,User Abandoned,BAD_REQUEST_ABANDONED,True
fail_14221,pay_100535,Bank Declined,BANK_DECLINED_TRANSACTION,False
fail_14222,pay_103567,Bank Declined,BANK_DECLINED_TRANSACTION,False
fail_14223,pay_102885,Bank Declined,BANK_DECLINED_TRANSACTION,False
fail_14224,pay_100960,Bank Declined,BANK_DECLINED_TRANSACTION,False
fail_14225,pay_100389,Bank Declined,BANK_DECLINED_TRANSACTION,False
fail_14226,pay_104848,User Abandoned,BAD_REQUEST_ABANDONED,True
fail_14227,pay_103700,Insufficient Funds,INSUFFICIENT_FUNDS,True
fail_14228,pay_102012,OTP Failed,OTP_AUTHENTICATION_FAILED,True
fail_14229,pay_101969,Network Timeout,GATEWAY_TIMEOUT,True
fail_14230,pay_104017,Insufficient Funds,INSUFFICIENT_FUNDS,True
fail_14231,pay_102007,User Abandoned,BAD_REQUEST_ABANDONED,True
fail_14232,pay_100181,OTP Failed,OTP_AUTHENTICATION_FAILED,True
fail_14233,pay_104347,Gateway Error,GATEWAY_INTERNAL_ERROR,True
fail_14234,pay_100272,Network Timeout,GATEWAY_TIMEOUT,True
fail_14235,pay_100356,Network Timeout,GATEWAY_TIMEOUT,True
fail_14236,pay_101480,OTP Failed,OTP_AUTHENTICATION_FAILED,True
fail_14237,pay_104112,Gateway Error,GATEWAY_INTERNAL_ERROR,True
fail_14238,pay_102638,Insufficient Funds,INSUFFICIENT_FUNDS,True
fail_14239,pay_104210,Bank Declined,BANK_DECLINED_TRANSACTION,False
fail_14240,pay_103979,Gateway Error,GATEWAY_INTERNAL_ERROR,True
fail_14241,pay_104765,Network Timeout,GATEWAY_TIMEOUT,True
fail_14242,pay_101103,Network Timeout,GATEWAY_TIMEOUT,True
fail_14243,pay_101523,User Abandoned,BAD_REQUEST_ABANDONED,True
fail_14244,pay_104719,Insufficient Funds,INSUFFICIENT_FUNDS,True
fail_14245,pay_103829,Network Timeout,GATEWAY_TIMEOUT,True
fail_14246,pay_104751,Network Timeout,GATEWAY_TIMEOUT,True
fail_14247,pay_101676,Gateway Error,GATEWAY_INTERNAL_ERROR,True
fail_14248,pay_102662,Gateway Error,GATEWAY_INTERNAL_ERROR,True
fail_14249,pay_102062,Insufficient Funds,INSUFFICIENT_FUNDS,True
fail_14250,pay_101697,Insufficient Funds,INSUFFICIENT_FUNDS,True
fail_14251,pay_103068,Network Timeout,GATEWAY_TIMEOUT,True
fail_14252,pay_102890,Bank Declined,BANK_DECLINED_TRANSACTION,False
fail_14253,pay_102888,Gateway Error,GATEWAY_INTERNAL_ERROR,True
fail_14254,pay_100937,User Abandoned,BAD_REQUEST_ABANDONED,True
fail_14255,pay_101574,Gateway Error,GATEWAY_INTERNAL_ERROR,True
fail_14256,pay_100456,User Abandoned,BAD_REQUEST_ABANDONED,True
fail_14257,pay_100974,User Abandoned,BAD_REQUEST_ABANDONED,True
fail_14258,pay_101606,Bank Declined,BANK_DECLINED_TRANSACTION,False
fail_14259,pay_104630,OTP Failed,OTP_AUTHENTICATION_FAILED,True
fail_14260,pay_100751,User Abandoned,BAD_REQUEST_ABANDONED,True
fail_14261,pay_103057,Bank Declined,BANK_DECLINED_TRANSACTION,False
fail_14262,pay_102329,Bank Declined,BANK_DECLINED_TRANSACTION,False
fail_14263,pay_104097,Insufficient Funds,INSUFFICIENT_FUNDS,True
fail_14264,pay_101934,Network Timeout,GATEWAY_TIMEOUT,True
fail_14265,pay_100521,Network Timeout,GATEWAY_TIMEOUT,True
fail_14266,pay_104060,Network Timeout,GATEWAY_TIMEOUT,True
fail_14267,pay_100923,Insufficient Funds,INSUFFICIENT_FUNDS,True
fail_14268,pay_100255,Network Timeout,GATEWAY_TIMEOUT,True
fail_14269,pay_101062,Bank Declined,BANK_DECLINED_TRANSACTION,False
fail_14270,pay_103670,Insufficient Funds,INSUFFICIENT_FUNDS,True
fail_14271,pay_100407,OTP Failed,OTP_AUTHENTICATION_FAILED,True
fail_14272,pay_100527,Network Timeout,GATEWAY_TIMEOUT,True
fail_14273,pay_102301,Network Timeout,GATEWAY_TIMEOUT,True
fail_14274,pay_101611,Network Timeout,GATEWAY_TIMEOUT,True
fail_14275,pay_102518,Insufficient Funds,INSUFFICIENT_FUNDS,True
fail_14276,pay_104953,Gateway Error,GATEWAY_INTERNAL_ERROR,True
fail_14277,pay_100833,Bank Declined,BANK_DECLINED_TRANSACTION,False
fail_14278,pay_101186,Gateway Error,GATEWAY_INTERNAL_ERROR,True
fail_14279,pay_101962,Insufficient Funds,INSUFFICIENT_FUNDS,True
fail_14280,pay_104367,OTP Failed,OTP_AUTHENTICATION_FAILED,True
fail_14281,pay_104015,User Abandoned,BAD_REQUEST_ABANDONED,True
fail_14282,pay_101089,Bank Declined,BANK_DECLINED_TRANSACTION,False
fail_14283,pay_100328,Gateway Error,GATEWAY_INTERNAL_ERROR,True
fail_14284,pay_103513,Network Timeout,GATEWAY_TIMEOUT,True
fail_14285,pay_103834,Bank Declined,BANK_DECLINED_TRANSACTION,False
fail_14286,pay_100461,Bank Declined,BANK_DECLINED_TRANSACTION,False
fail_14287,pay_103248,Insufficient Funds,INSUFFICIENT_FUNDS,True
fail_14288,pay_100305,Bank Declined,BANK_DECLINED_TRANSACTION,False
fail_14289,pay_100240,Gateway Error,GATEWAY_INTERNAL_ERROR,True
fail_14290,pay_103203,Bank Declined,BANK_DECLINED_TRANSACTION,False
fail_14291,pay_103992,Gateway Error,GATEWAY_INTERNAL_ERROR,True
fail_14292,pay_100768,Network Timeout,GATEWAY_TIMEOUT,True
fail_14293,pay_102735,Bank Declined,BANK_DECLINED_TRANSACTION,False
fail_14294,pay_104025,Insufficient Funds,INSUFFICIENT_FUNDS,True
fail_14295,pay_103888,OTP Failed,OTP_AUTHENTICATION_FAILED,True
fail_14296,pay_100619,Bank Declined,BANK_DECLINED_TRANSACTION,False
fail_14297,pay_100117,Network Timeout,GATEWAY_TIMEOUT,True
fail_14298,pay_100099,Insufficient Funds,INSUFFICIENT_FUNDS,True
fail_14299,pay_101444,OTP Failed,OTP_AUTHENTICATION_FAILED,True
fail_14300,pay_100720,Insufficient Funds,INSUFFICIENT_FUNDS,True
fail_14301,pay_102107,Network Timeout,GATEWAY_TIMEOUT,True
fail_14302,pay_104667,Bank Declined,BANK_DECLINED_TRANSACTION,False
fail_14303,pay_102209,Gateway Error,GATEWAY_INTERNAL_ERROR,True
fail_14304,pay_101527,Gateway Error,GATEWAY_INTERNAL_ERROR,True
fail_14305,pay_102233,Bank Declined,BANK_DECLINED_TRANSACTION,False
fail_14306,pay_101835,Bank Declined,BANK_DECLINED_TRANSACTION,False
fail_14307,pay_100681,OTP Failed,OTP_AUTHENTICATION_FAILED,True
fail_14308,pay_102377,Gateway Error,GATEWAY_INTERNAL_ERROR,True
fail_14309,pay_101341,Network Timeout,GATEWAY_TIMEOUT,True
fail_14310,pay_104836,Network Timeout,GATEWAY_TIMEOUT,True
fail_14311,pay_102726,Insufficient Funds,INSUFFICIENT_FUNDS,True
fail_14312,pay_104473,Bank Declined,BANK_DECLINED_TRANSACTION,False
fail_14313,pay_100822,OTP Failed,OTP_AUTHENTICATION_FAILED,True
fail_14314,pay_101818,Network Timeout,GATEWAY_TIMEOUT,True
fail_14315,pay_103605,Network Timeout,GATEWAY_TIMEOUT,True
fail_14316,pay_103307,Bank Declined,BANK_DECLINED_TRANSACTION,False
fail_14317,pay_100603,User Abandoned,BAD_REQUEST_ABANDONED,True
fail_14318,pay_102479,Bank Declined,BANK_DECLINED_TRANSACTION,False
fail_14319,pay_102206,Insufficient Funds,INSUFFICIENT_FUNDS,True
fail_14320,pay_101357,OTP Failed,OTP_AUTHENTICATION_FAILED,True
fail_14321,pay_103268,Bank Declined,BANK_DECLINED_TRANSACTION,False
fail_14322,pay_101894,User Abandoned,BAD_REQUEST_ABANDONED,True
fail_14323,pay_100947,Gateway Error,GATEWAY_INTERNAL_ERROR,True
fail_14324,pay_102760,OTP Failed,OTP_AUTHENTICATION_FAILED,True
fail_14325,pay_104757,Network Timeout,GATEWAY_TIMEOUT,True
fail_14326,pay_104302,Insufficient Funds,INSUFFICIENT_FUNDS,True
fail_14327,pay_103526,Gateway Error,GATEWAY_INTERNAL_ERROR,True
fail_14328,pay_104656,Gateway Error,GATEWAY_INTERNAL_ERROR,True
fail_14329,pay_104020,User Abandoned,BAD_REQUEST_ABANDONED,True
fail_14330,pay_103537,Network Timeout,GATEWAY_TIMEOUT,True
fail_14331,pay_102430,Insufficient Funds,INSUFFICIENT_FUNDS,True
fail_14332,pay_100442,Bank Declined,BANK_DECLINED_TRANSACTION,False
fail_14333,pay_100669,Insufficient Funds,INSUFFICIENT_FUNDS,True
fail_14334,pay_101644,Network Timeout,GATEWAY_TIMEOUT,True
fail_14335,pay_101925,Network Timeout,GATEWAY_TIMEOUT,True
fail_14336,pay_100413,User Abandoned,BAD_REQUEST_ABANDONED,True
fail_14337,pay_102084,Insufficient Funds,INSUFFICIENT_FUNDS,True
fail_14338,pay_101775,Network Timeout,GATEWAY_TIMEOUT,True
fail_14339,pay_100433,Gateway Error,GATEWAY_INTERNAL_ERROR,True
fail_14340,pay_103021,Bank Declined,BANK_DECLINED_TRANSACTION,False
fail_14341,pay_104117,OTP Failed,OTP_AUTHENTICATION_FAILED,True
fail_14342,pay_103286,Network Timeout,GATEWAY_TIMEOUT,True
fail_14343,pay_103101,OTP Failed,OTP_AUTHENTICATION_FAILED,True
fail_14344,pay_104203,Network Timeout,GATEWAY_TIMEOUT,True
fail_14345,pay_103944,Bank Declined,BANK_DECLINED_TRANSACTION,False
fail_14346,pay_100073,Insufficient Funds,INSUFFICIENT_FUNDS,True
fail_14347,pay_100704,OTP Failed,OTP_AUTHENTICATION_FAILED,True
fail_14348,pay_102103,OTP Failed,OTP_AUTHENTICATION_FAILED,True
fail_14349,pay_100944,Gateway Error,GATEWAY_INTERNAL_ERROR,True
fail_14350,pay_102005,Bank Declined,BANK_DECLINED_TRANSACTION,False
fail_14351,pay_104144,Insufficient Funds,INSUFFICIENT_FUNDS,True
fail_14352,pay_102698,Network Timeout,GATEWAY_TIMEOUT,True
fail_14353,pay_103512,Bank Declined,BANK_DECLINED_TRANSACTION,False
fail_14354,pay_101004,OTP Failed,OTP_AUTHENTICATION_FAILED,True
fail_14355,pay_103347,User Abandoned,BAD_REQUEST_ABANDONED,True
fail_14356,pay_102549,Bank Declined,BANK_DECLINED_TRANSACTION,False
fail_14357,pay_100017,Insufficient Funds,INSUFFICIENT_FUNDS,True
fail_14358,pay_103164,Insufficient Funds,INSUFFICIENT_FUNDS,True
fail_14359,pay_102696,Bank Declined,BANK_DECLINED_TRANSACTION,False
fail_14360,pay_101804,Network Timeout,GATEWAY_TIMEOUT,True
fail_14361,pay_100758,Insufficient Funds,INSUFFICIENT_FUNDS,True
fail_14362,pay_100220,Network Timeout,GATEWAY_TIMEOUT,True
fail_14363,pay_102908,Insufficient Funds,INSUFFICIENT_FUNDS,True
fail_14364,pay_102818,OTP Failed,OTP_AUTHENTICATION_FAILED,True
fail_14365,pay_103063,Gateway Error,GATEWAY_INTERNAL_ERROR,True
fail_14366,pay_103773,Network Timeout,GATEWAY_TIMEOUT,True
fail_14367,pay_101629,Network Timeout,GATEWAY_TIMEOUT,True
fail_14368,pay_102822,Bank Declined,BANK_DECLINED_TRANSACTION,False
fail_14369,pay_102829,Network Timeout,GATEWAY_TIMEOUT,True
fail_14370,pay_104531,Insufficient Funds,INSUFFICIENT_FUNDS,True
fail_14371,pay_103820,Bank Declined,BANK_DECLINED_TRANSACTION,False
fail_14372,pay_100156,Network Timeout,GATEWAY_TIMEOUT,True
fail_14373,pay_101609,Bank Declined,BANK_DECLINED_TRANSACTION,False
fail_14374,pay_102079,Gateway Error,GATEWAY_INTERNAL_ERROR,True
fail_14375,pay_101927,Insufficient Funds,INSUFFICIENT_FUNDS,True
fail_14376,pay_100873,Insufficient Funds,INSUFFICIENT_FUNDS,True
fail_14377,pay_101604,Bank Declined,BANK_DECLINED_TRANSACTION,False
fail_14378,pay_103972,Bank Declined,BANK_DECLINED_TRANSACTION,False
fail_14379,pay_104841,Insufficient Funds,INSUFFICIENT_FUNDS,True
fail_14380,pay_101237,Bank Declined,BANK_DECLINED_TRANSACTION,False
fail_14381,pay_104197,Gateway Error,GATEWAY_INTERNAL_ERROR,True
fail_14382,pay_104797,Bank Declined,BANK_DECLINED_TRANSACTION,False
fail_14383,pay_100435,Bank Declined,BANK_DECLINED_TRANSACTION,False
fail_14384,pay_102922,Gateway Error,GATEWAY_INTERNAL_ERROR,True
fail_14385,pay_103498,Bank Declined,BANK_DECLINED_TRANSACTION,False
fail_14386,pay_100385,User Abandoned,BAD_REQUEST_ABANDONED,True
fail_14387,pay_100782,User Abandoned,BAD_REQUEST_ABANDONED,True
fail_14388,pay_104512,Gateway Error,GATEWAY_INTERNAL_ERROR,True
fail_14389,pay_104654,Gateway Error,GATEWAY_INTERNAL_ERROR,True
fail_14390,pay_100417,User Abandoned,BAD_REQUEST_ABANDONED,True
fail_14391,pay_102509,Gateway Error,GATEWAY_INTERNAL_ERROR,True
fail_14392,pay_100783,Bank Declined,BANK_DECLINED_TRANSACTION,False
fail_14393,pay_103348,Network Timeout,GATEWAY_TIMEOUT,True
fail_14394,pay_104284,Network Timeout,GATEWAY_TIMEOUT,True
fail_14395,pay_101618,OTP Failed,OTP_AUTHENTICATION_FAILED,True
fail_14396,pay_104410,OTP Failed,OTP_AUTHENTICATION_FAILED,True
fail_14397,pay_101875,User Abandoned,BAD_REQUEST_ABANDONED,True
fail_14398,pay_100862,Network Timeout,GATEWAY_TIMEOUT,True
fail_14399,pay_101156,Insufficient Funds,INSUFFICIENT_FUNDS,True
fail_14400,pay_103529,Bank Declined,BANK_DECLINED_TRANSACTION,False
fail_14401,pay_103650,Network Timeout,GATEWAY_TIMEOUT,True
fail_14402,pay_100723,Network Timeout,GATEWAY_TIMEOUT,True
fail_14403,pay_101049,Network Timeout,GATEWAY_TIMEOUT,True
fail_14404,pay_101342,Gateway Error,GATEWAY_INTERNAL_ERROR,True
fail_14405,pay_100945,Bank Declined,BANK_DECLINED_TRANSACTION,False
fail_14406,pay_102363,Gateway Error,GATEWAY_INTERNAL_ERROR,True
fail_14407,pay_101945,Gateway Error,GATEWAY_INTERNAL_ERROR,True
fail_14408,pay_100496,Gateway Error,GATEWAY_INTERNAL_ERROR,True
fail_14409,pay_100312,Bank Declined,BANK_DECLINED_TRANSACTION,False
fail_14410,pay_103160,Insufficient Funds,INSUFFICIENT_FUNDS,True
fail_14411,pay_104401,Network Timeout,GATEWAY_TIMEOUT,True
fail_14412,pay_103304,Network Timeout,GATEWAY_TIMEOUT,True
fail_14413,pay_102699,User Abandoned,BAD_REQUEST_ABANDONED,True
fail_14414,pay_100777,Gateway Error,GATEWAY_INTERNAL_ERROR,True
fail_14415,pay_102268,Bank Declined,BANK_DECLINED_TRANSACTION,False
fail_14416,pay_103369,Network Timeout,GATEWAY_TIMEOUT,True
fail_14417,pay_100197,Network Timeout,GATEWAY_TIMEOUT,True
fail_14418,pay_102785,OTP Failed,OTP_AUTHENTICATION_FAILED,True
fail_14419,pay_102680,OTP Failed,OTP_AUTHENTICATION_FAILED,True
fail_14420,pay_100725,OTP Failed,OTP_AUTHENTICATION_FAILED,True
fail_14421,pay_104458,Gateway Error,GATEWAY_INTERNAL_ERROR,True
fail_14422,pay_100364,Insufficient Funds,INSUFFICIENT_FUNDS,True
fail_14423,pay_101019,Insufficient Funds,INSUFFICIENT_FUNDS,True
fail_14424,pay_104009,Gateway Error,GATEWAY_INTERNAL_ERROR,True
fail_14425,pay_102213,Gateway Error,GATEWAY_INTERNAL_ERROR,True
fail_14426,pay_102214,Network Timeout,GATEWAY_TIMEOUT,True
fail_14427,pay_102505,Gateway Error,GATEWAY_INTERNAL_ERROR,True
fail_14428,pay_100537,Bank Declined,BANK_DECLINED_TRANSACTION,False
fail_14429,pay_104381,Network Timeout,GATEWAY_TIMEOUT,True
fail_14430,pay_101320,Gateway Error,GATEWAY_INTERNAL_ERROR,True
fail_14431,pay_100119,Network Timeout,GATEWAY_TIMEOUT,True
fail_14432,pay_101215,OTP Failed,OTP_AUTHENTICATION_FAILED,True
fail_14433,pay_104433,Network Timeout,GATEWAY_TIMEOUT,True
fail_14434,pay_102852,Bank Declined,BANK_DECLINED_TRANSACTION,False
fail_14435,pay_100872,Bank Declined,BANK_DECLINED_TRANSACTION,False
fail_14436,pay_100500,User Abandoned,BAD_REQUEST_ABANDONED,True
fail_14437,pay_104768,Bank Declined,BANK_DECLINED_TRANSACTION,False
fail_14438,pay_102722,Network Timeout,GATEWAY_TIMEOUT,True
fail_14439,pay_103026,Network Timeout,GATEWAY_TIMEOUT,True
fail_14440,pay_101578,OTP Failed,OTP_AUTHENTICATION_FAILED,True
fail_14441,pay_102910,Bank Declined,BANK_DECLINED_TRANSACTION,False
fail_14442,pay_101483,Insufficient Funds,INSUFFICIENT_FUNDS,True
fail_14443,pay_104728,Bank Declined,BANK_DECLINED_TRANSACTION,False
fail_14444,pay_103790,Gateway Error,GATEWAY_INTERNAL_ERROR,True
fail_14445,pay_102243,Insufficient Funds,INSUFFICIENT_FUNDS,True
fail_14446,pay_104220,Network Timeout,GATEWAY_TIMEOUT,True
fail_14447,pay_101465,Network Timeout,GATEWAY_TIMEOUT,True
fail_14448,pay_103590,OTP Failed,OTP_AUTHENTICATION_FAILED,True
fail_14449,pay_101488,Network Timeout,GATEWAY_TIMEOUT,True
fail_14450,pay_101866,Gateway Error,GATEWAY_INTERNAL_ERROR,True
fail_14451,pay_104977,Network Timeout,GATEWAY_TIMEOUT,True
fail_14452,pay_103033,Network Timeout,GATEWAY_TIMEOUT,True
fail_14453,pay_101815,Gateway Error,GATEWAY_INTERNAL_ERROR,True
fail_14454,pay_100807,User Abandoned,BAD_REQUEST_ABANDONED,True
fail_14455,pay_101537,Insufficient Funds,INSUFFICIENT_FUNDS,True
fail_14456,pay_101271,User Abandoned,BAD_REQUEST_ABANDONED,True
fail_14457,pay_103726,Bank Declined,BANK_DECLINED_TRANSACTION,False
fail_14458,pay_100479,OTP Failed,OTP_AUTHENTICATION_FAILED,True
fail_14459,pay_103076,Gateway Error,GATEWAY_INTERNAL_ERROR,True
fail_14460,pay_103149,Bank Declined,BANK_DECLINED_TRANSACTION,False
fail_14461,pay_104043,Network Timeout,GATEWAY_TIMEOUT,True
fail_14462,pay_100309,Network Timeout,GATEWAY_TIMEOUT,True
fail_14463,pay_104237,User Abandoned,BAD_REQUEST_ABANDONED,True
fail_14464,pay_103490,Gateway Error,GATEWAY_INTERNAL_ERROR,True
fail_14465,pay_100321,Gateway Error,GATEWAY_INTERNAL_ERROR,True
fail_14466,pay_102945,Bank Declined,BANK_DECLINED_TRANSACTION,False
fail_14467,pay_104831,Network Timeout,GATEWAY_TIMEOUT,True
fail_14468,pay_101226,Bank Declined,BANK_DECLINED_TRANSACTION,False
fail_14469,pay_102503,OTP Failed,OTP_AUTHENTICATION_FAILED,True
fail_14470,pay_100582,Network Timeout,GATEWAY_TIMEOUT,True
fail_14471,pay_101854,Insufficient Funds,INSUFFICIENT_FUNDS,True
fail_14472,pay_104778,Bank Declined,BANK_DECLINED_TRANSACTION,False
fail_14473,pay_100817,User Abandoned,BAD_REQUEST_ABANDONED,True
fail_14474,pay_104852,Network Timeout,GATEWAY_TIMEOUT,True
fail_14475,pay_100170,OTP Failed,OTP_AUTHENTICATION_FAILED,True
fail_14476,pay_102264,OTP Failed,OTP_AUTHENTICATION_FAILED,True
fail_14477,pay_100459,Gateway Error,GATEWAY_INTERNAL_ERROR,True
fail_14478,pay_103352,Network Timeout,GATEWAY_TIMEOUT,True
fail_14479,pay_103686,User Abandoned,BAD_REQUEST_ABANDONED,True
fail_14480,pay_104965,OTP Failed,OTP_AUTHENTICATION_FAILED,True
fail_14481,pay_102176,Gateway Error,GATEWAY_INTERNAL_ERROR,True
fail_14482,pay_100515,Insufficient Funds,INSUFFICIENT_FUNDS,True
fail_14483,pay_101826,Network Timeout,GATEWAY_TIMEOUT,True
fail_14484,pay_101165,Bank Declined,BANK_DECLINED_TRANSACTION,False
fail_14485,pay_102474,OTP Failed,OTP_AUTHENTICATION_FAILED,True
fail_14486,pay_103852,Insufficient Funds,INSUFFICIENT_FUNDS,True
fail_14487,pay_103782,Network Timeout,GATEWAY_TIMEOUT,True
fail_14488,pay_101729,Insufficient Funds,INSUFFICIENT_FUNDS,True
fail_14489,pay_104916,OTP Failed,OTP_AUTHENTICATION_FAILED,True
fail_14490,pay_102614,Gateway Error,GATEWAY_INTERNAL_ERROR,True
fail_14491,pay_104419,Gateway Error,GATEWAY_INTERNAL_ERROR,True
fail_14492,pay_102622,Network Timeout,GATEWAY_TIMEOUT,True
fail_14493,pay_102422,Network Timeout,GATEWAY_TIMEOUT,True
fail_14494,pay_102555,Insufficient Funds,INSUFFICIENT_FUNDS,True
fail_14495,pay_102514,Bank Declined,BANK_DECLINED_TRANSACTION,False
fail_14496,pay_100257,Bank Declined,BANK_DECLINED_TRANSACTION,False
fail_14497,pay_101358,Network Timeout,GATEWAY_TIMEOUT,True
fail_14498,pay_101449,Bank Declined,BANK_DECLINED_TRANSACTION,False
fail_14499,pay_104106,Network Timeout,GATEWAY_TIMEOUT,True
fail_14500,pay_103496,Insufficient Funds,INSUFFICIENT_FUNDS,True
fail_14501,pay_103871,Gateway Error,GATEWAY_INTERNAL_ERROR,True
fail_14502,pay_104460,OTP Failed,OTP_AUTHENTICATION_FAILED,True
fail_14503,pay_103806,Gateway Error,GATEWAY_INTERNAL_ERROR,True
fail_14504,pay_101435,Gateway Error,GATEWAY_INTERNAL_ERROR,True
fail_14505,pay_101288,Insufficient Funds,INSUFFICIENT_FUNDS,True
fail_14506,pay_100579,Insufficient Funds,INSUFFICIENT_FUNDS,True
fail_14507,pay_104634,Insufficient Funds,INSUFFICIENT_FUNDS,True
fail_14508,pay_104915,Bank Declined,BANK_DECLINED_TRANSACTION,False
fail_14509,pay_104182,Insufficient Funds,INSUFFICIENT_FUNDS,True
fail_14510,pay_102681,Bank Declined,BANK_DECLINED_TRANSACTION,False
fail_14511,pay_104069,OTP Failed,OTP_AUTHENTICATION_FAILED,True
fail_14512,pay_101879,OTP Failed,OTP_AUTHENTICATION_FAILED,True
fail_14513,pay_102501,Network Timeout,GATEWAY_TIMEOUT,True
fail_14514,pay_100890,Bank Declined,BANK_DECLINED_TRANSACTION,False
fail_14515,pay_101737,Network Timeout,GATEWAY_TIMEOUT,True
fail_14516,pay_103034,Bank Declined,BANK_DECLINED_TRANSACTION,False
fail_14517,pay_100587,Bank Declined,BANK_DECLINED_TRANSACTION,False
fail_14518,pay_102471,Insufficient Funds,INSUFFICIENT_FUNDS,True
fail_14519,pay_104552,User Abandoned,BAD_REQUEST_ABANDONED,True
fail_14520,pay_101787,Bank Declined,BANK_DECLINED_TRANSACTION,False
fail_14521,pay_103342,OTP Failed,OTP_AUTHENTICATION_FAILED,True
fail_14522,pay_102956,OTP Failed,OTP_AUTHENTICATION_FAILED,True
fail_14523,pay_102320,Gateway Error,GATEWAY_INTERNAL_ERROR,True
fail_14524,pay_104842,Bank Declined,BANK_DECLINED_TRANSACTION,False
fail_14525,pay_104726,Network Timeout,GATEWAY_TIMEOUT,True
fail_14526,pay_103283,Gateway Error,GATEWAY_INTERNAL_ERROR,True
fail_14527,pay_104762,Network Timeout,GATEWAY_TIMEOUT,True
fail_14528,pay_103958,Bank Declined,BANK_DECLINED_TRANSACTION,False
fail_14529,pay_104313,Bank Declined,BANK_DECLINED_TRANSACTION,False
fail_14530,pay_103418,Network Timeout,GATEWAY_TIMEOUT,True
fail_14531,pay_100086,User Abandoned,BAD_REQUEST_ABANDONED,True
fail_14532,pay_104070,Bank Declined,BANK_DECLINED_TRANSACTION,False
fail_14533,pay_101841,User Abandoned,BAD_REQUEST_ABANDONED,True
fail_14534,pay_104847,Network Timeout,GATEWAY_TIMEOUT,True
fail_14535,pay_102741,Bank Declined,BANK_DECLINED_TRANSACTION,False
fail_14536,pay_100217,OTP Failed,OTP_AUTHENTICATION_FAILED,True
fail_14537,pay_102305,Insufficient Funds,INSUFFICIENT_FUNDS,True
fail_14538,pay_104670,OTP Failed,OTP_AUTHENTICATION_FAILED,True
fail_14539,pay_100790,OTP Failed,OTP_AUTHENTICATION_FAILED,True
fail_14540,pay_103671,Network Timeout,GATEWAY_TIMEOUT,True
fail_14541,pay_100976,Network Timeout,GATEWAY_TIMEOUT,True
fail_14542,pay_102265,User Abandoned,BAD_REQUEST_ABANDONED,True
fail_14543,pay_103974,Gateway Error,GATEWAY_INTERNAL_ERROR,True
fail_14544,pay_102452,Network Timeout,GATEWAY_TIMEOUT,True
fail_14545,pay_100673,Network Timeout,GATEWAY_TIMEOUT,True
fail_14546,pay_100699,OTP Failed,OTP_AUTHENTICATION_FAILED,True
fail_14547,pay_100242,Network Timeout,GATEWAY_TIMEOUT,True
fail_14548,pay_100375,Insufficient Funds,INSUFFICIENT_FUNDS,True
fail_14549,pay_102593,OTP Failed,OTP_AUTHENTICATION_FAILED,True
fail_14550,pay_104293,Insufficient Funds,INSUFFICIENT_FUNDS,True
fail_14551,pay_102815,Bank Declined,BANK_DECLINED_TRANSACTION,False
fail_14552,pay_100009,Network Timeout,GATEWAY_TIMEOUT,True
fail_14553,pay_104465,Bank Declined,BANK_DECLINED_TRANSACTION,False
fail_14554,pay_101689,Bank Declined,BANK_DECLINED_TRANSACTION,False
fail_14555,pay_103413,Insufficient Funds,INSUFFICIENT_FUNDS,True
fail_14556,pay_104571,Network Timeout,GATEWAY_TIMEOUT,True
fail_14557,pay_100950,User Abandoned,BAD_REQUEST_ABANDONED,True
fail_14558,pay_100580,Network Timeout,GATEWAY_TIMEOUT,True
fail_14559,pay_104299,OTP Failed,OTP_AUTHENTICATION_FAILED,True
fail_14560,pay_104527,Bank Declined,BANK_DECLINED_TRANSACTION,False
fail_14561,pay_102339,Bank Declined,BANK_DECLINED_TRANSACTION,False
fail_14562,pay_104610,Network Timeout,GATEWAY_TIMEOUT,True
fail_14563,pay_100032,Gateway Error,GATEWAY_INTERNAL_ERROR,True
fail_14564,pay_100909,OTP Failed,OTP_AUTHENTICATION_FAILED,True
fail_14565,pay_102081,Network Timeout,GATEWAY_TIMEOUT,True
fail_14566,pay_104100,Insufficient Funds,INSUFFICIENT_FUNDS,True
fail_14567,pay_101632,Gateway Error,GATEWAY_INTERNAL_ERROR,True
fail_14568,pay_100358,Insufficient Funds,INSUFFICIENT_FUNDS,True
fail_14569,pay_100132,Gateway Error,GATEWAY_INTERNAL_ERROR,True
fail_14570,pay_102032,Gateway Error,GATEWAY_INTERNAL_ERROR,True
fail_14571,pay_102911,Insufficient Funds,INSUFFICIENT_FUNDS,True
fail_14572,pay_104127,Network Timeout,GATEWAY_TIMEOUT,True
fail_14573,pay_100825,Insufficient Funds,INSUFFICIENT_FUNDS,True
fail_14574,pay_104925,Gateway Error,GATEWAY_INTERNAL_ERROR,True
fail_14575,pay_100694,OTP Failed,OTP_AUTHENTICATION_FAILED,True
fail_14576,pay_100171,User Abandoned,BAD_REQUEST_ABANDONED,True
fail_14577,pay_103527,Insufficient Funds,INSUFFICIENT_FUNDS,True
fail_14578,pay_101808,Bank Declined,BANK_DECLINED_TRANSACTION,False
fail_14579,pay_101530,User Abandoned,BAD_REQUEST_ABANDONED,True
fail_14580,pay_102853,Insufficient Funds,INSUFFICIENT_FUNDS,True
fail_14581,pay_104257,Gateway Error,GATEWAY_INTERNAL_ERROR,True
fail_14582,pay_101930,Insufficient Funds,INSUFFICIENT_FUNDS,True
fail_14583,pay_100000,OTP Failed,OTP_AUTHENTICATION_FAILED,True
fail_14584,pay_103247,Gateway Error,GATEWAY_INTERNAL_ERROR,True
fail_14585,pay_104697,User Abandoned,BAD_REQUEST_ABANDONED,True
fail_14586,pay_101542,Network Timeout,GATEWAY_TIMEOUT,True
fail_14587,pay_101720,Gateway Error,GATEWAY_INTERNAL_ERROR,True
fail_14588,pay_103981,Bank Declined,BANK_DECLINED_TRANSACTION,False
fail_14589,pay_104431,Network Timeout,GATEWAY_TIMEOUT,True
fail_14590,pay_100195,OTP Failed,OTP_AUTHENTICATION_FAILED,True
fail_14591,pay_100727,Insufficient Funds,INSUFFICIENT_FUNDS,True
fail_14592,pay_103534,Gateway Error,GATEWAY_INTERNAL_ERROR,True
fail_14593,pay_102316,Gateway Error,GATEWAY_INTERNAL_ERROR,True
fail_14594,pay_103280,Bank Declined,BANK_DECLINED_TRANSACTION,False
fail_14595,pay_103619,OTP Failed,OTP_AUTHENTICATION_FAILED,True
fail_14596,pay_102864,Insufficient Funds,INSUFFICIENT_FUNDS,True
fail_14597,pay_102528,Network Timeout,GATEWAY_TIMEOUT,True
fail_14598,pay_100752,Network Timeout,GATEWAY_TIMEOUT,True
fail_14599,pay_100880,Bank Declined,BANK_DECLINED_TRANSACTION,False
fail_14600,pay_100006,OTP Failed,OTP_AUTHENTICATION_FAILED,True
fail_14601,pay_102365,Insufficient Funds,INSUFFICIENT_FUNDS,True
fail_14602,pay_103542,Gateway Error,GATEWAY_INTERNAL_ERROR,True
fail_14603,pay_103320,Bank Declined,BANK_DECLINED_TRANSACTION,False
fail_14604,pay_101255,Network Timeout,GATEWAY_TIMEOUT,True
fail_14605,pay_101327,Gateway Error,GATEWAY_INTERNAL_ERROR,True
fail_14606,pay_100677,OTP Failed,OTP_AUTHENTICATION_FAILED,True
fail_14607,pay_100245,Network Timeout,GATEWAY_TIMEOUT,True
fail_14608,pay_100430,Insufficient Funds,INSUFFICIENT_FUNDS,True
fail_14609,pay_101121,Insufficient Funds,INSUFFICIENT_FUNDS,True
fail_14610,pay_103886,Bank Declined,BANK_DECLINED_TRANSACTION,False
fail_14611,pay_102634,Bank Declined,BANK_DECLINED_TRANSACTION,False
fail_14612,pay_104576,Insufficient Funds,INSUFFICIENT_FUNDS,True
fail_14613,pay_100279,Gateway Error,GATEWAY_INTERNAL_ERROR,True
fail_14614,pay_103638,Bank Declined,BANK_DECLINED_TRANSACTION,False
fail_14615,pay_101360,Network Timeout,GATEWAY_TIMEOUT,True
fail_14616,pay_101850,User Abandoned,BAD_REQUEST_ABANDONED,True
fail_14617,pay_103133,OTP Failed,OTP_AUTHENTICATION_FAILED,True
fail_14618,pay_104536,Bank Declined,BANK_DECLINED_TRANSACTION,False
fail_14619,pay_100438,Insufficient Funds,INSUFFICIENT_FUNDS,True
fail_14620,pay_103758,Insufficient Funds,INSUFFICIENT_FUNDS,True
fail_14621,pay_102751,OTP Failed,OTP_AUTHENTICATION_FAILED,True
fail_14622,pay_104647,OTP Failed,OTP_AUTHENTICATION_FAILED,True
fail_14623,pay_101095,Network Timeout,GATEWAY_TIMEOUT,True
fail_14624,pay_101570,Bank Declined,BANK_DECLINED_TRANSACTION,False
fail_14625,pay_100126,Insufficient Funds,INSUFFICIENT_FUNDS,True
fail_14626,pay_100216,User Abandoned,BAD_REQUEST_ABANDONED,True
fail_14627,pay_104623,Bank Declined,BANK_DECLINED_TRANSACTION,False
fail_14628,pay_101587,Network Timeout,GATEWAY_TIMEOUT,True
fail_14629,pay_103915,User Abandoned,BAD_REQUEST_ABANDONED,True
fail_14630,pay_104104,Gateway Error,GATEWAY_INTERNAL_ERROR,True
fail_14631,pay_102478,Insufficient Funds,INSUFFICIENT_FUNDS,True
fail_14632,pay_103579,Bank Declined,BANK_DECLINED_TRANSACTION,False
fail_14633,pay_101026,OTP Failed,OTP_AUTHENTICATION_FAILED,True
fail_14634,pay_102855,Insufficient Funds,INSUFFICIENT_FUNDS,True
fail_14635,pay_102668,Insufficient Funds,INSUFFICIENT_FUNDS,True
fail_14636,pay_101054,Network Timeout,GATEWAY_TIMEOUT,True
fail_14637,pay_100068,Bank Declined,BANK_DECLINED_TRANSACTION,False
fail_14638,pay_104696,User Abandoned,BAD_REQUEST_ABANDONED,True
fail_14639,pay_103931,Bank Declined,BANK_DECLINED_TRANSACTION,False
fail_14640,pay_101910,OTP Failed,OTP_AUTHENTICATION_FAILED,True
fail_14641,pay_101214,OTP Failed,OTP_AUTHENTICATION_FAILED,True
fail_14642,pay_103535,Gateway Error,GATEWAY_INTERNAL_ERROR,True
fail_14643,pay_101252,Gateway Error,GATEWAY_INTERNAL_ERROR,True
fail_14644,pay_103613,Gateway Error,GATEWAY_INTERNAL_ERROR,True
fail_14645,pay_104230,Network Timeout,GATEWAY_TIMEOUT,True
fail_14646,pay_104592,Bank Declined,BANK_DECLINED_TRANSACTION,False
fail_14647,pay_102024,OTP Failed,OTP_AUTHENTICATION_FAILED,True
fail_14648,pay_103334,Insufficient Funds,INSUFFICIENT_FUNDS,True
fail_14649,pay_100658,Network Timeout,GATEWAY_TIMEOUT,True
fail_14650,pay_101021,User Abandoned,BAD_REQUEST_ABANDONED,True
fail_14651,pay_103651,Bank Declined,BANK_DECLINED_TRANSACTION,False
fail_14652,pay_104779,Insufficient Funds,INSUFFICIENT_FUNDS,True
fail_14653,pay_103815,Network Timeout,GATEWAY_TIMEOUT,True
fail_14654,pay_101833,Insufficient Funds,INSUFFICIENT_FUNDS,True
fail_14655,pay_103276,Gateway Error,GATEWAY_INTERNAL_ERROR,True
fail_14656,pay_101952,User Abandoned,BAD_REQUEST_ABANDONED,True
fail_14657,pay_103531,Gateway Error,GATEWAY_INTERNAL_ERROR,True
fail_14658,pay_103987,Insufficient Funds,INSUFFICIENT_FUNDS,True
fail_14659,pay_103410,Gateway Error,GATEWAY_INTERNAL_ERROR,True
fail_14660,pay_102590,Network Timeout,GATEWAY_TIMEOUT,True
fail_14661,pay_100898,OTP Failed,OTP_AUTHENTICATION_FAILED,True
fail_14662,pay_103069,OTP Failed,OTP_AUTHENTICATION_FAILED,True
fail_14663,pay_104398,Gateway Error,GATEWAY_INTERNAL_ERROR,True
fail_14664,pay_102231,Insufficient Funds,INSUFFICIENT_FUNDS,True
fail_14665,pay_102794,Insufficient Funds,INSUFFICIENT_FUNDS,True
fail_14666,pay_104683,OTP Failed,OTP_AUTHENTICATION_FAILED,True
fail_14667,pay_104679,User Abandoned,BAD_REQUEST_ABANDONED,True
fail_14668,pay_102704,OTP Failed,OTP_AUTHENTICATION_FAILED,True
fail_14669,pay_104853,Insufficient Funds,INSUFFICIENT_FUNDS,True
fail_14670,pay_103154,Gateway Error,GATEWAY_INTERNAL_ERROR,True
fail_14671,pay_103560,Insufficient Funds,INSUFFICIENT_FUNDS,True
fail_14672,pay_104290,Bank Declined,BANK_DECLINED_TRANSACTION,False
fail_14673,pay_104276,User Abandoned,BAD_REQUEST_ABANDONED,True
fail_14674,pay_100044,Insufficient Funds,INSUFFICIENT_FUNDS,True
fail_14675,pay_101768,User Abandoned,BAD_REQUEST_ABANDONED,True
fail_14676,pay_100386,User Abandoned,BAD_REQUEST_ABANDONED,True
fail_14677,pay_102311,User Abandoned,BAD_REQUEST_ABANDONED,True
fail_14678,pay_104393,User Abandoned,BAD_REQUEST_ABANDONED,True
fail_14679,pay_104837,Gateway Error,GATEWAY_INTERNAL_ERROR,True
fail_14680,pay_101361,Gateway Error,GATEWAY_INTERNAL_ERROR,True
fail_14681,pay_104455,Gateway Error,GATEWAY_INTERNAL_ERROR,True
fail_14682,pay_104643,OTP Failed,OTP_AUTHENTICATION_FAILED,True
fail_14683,pay_102963,Network Timeout,GATEWAY_TIMEOUT,True
fail_14684,pay_103916,Insufficient Funds,INSUFFICIENT_FUNDS,True
fail_14685,pay_101034,OTP Failed,OTP_AUTHENTICATION_FAILED,True
fail_14686,pay_100517,User Abandoned,BAD_REQUEST_ABANDONED,True
fail_14687,pay_104691,Insufficient Funds,INSUFFICIENT_FUNDS,True
fail_14688,pay_102439,Insufficient Funds,INSUFFICIENT_FUNDS,True
fail_14689,pay_102710,Bank Declined,BANK_DECLINED_TRANSACTION,False
fail_14690,pay_101455,Gateway Error,GATEWAY_INTERNAL_ERROR,True
fail_14691,pay_102330,OTP Failed,OTP_AUTHENTICATION_FAILED,True
fail_14692,pay_103797,Bank Declined,BANK_DECLINED_TRANSACTION,False
fail_14693,pay_100278,Network Timeout,GATEWAY_TIMEOUT,True
fail_14694,pay_102128,Bank Declined,BANK_DECLINED_TRANSACTION,False
fail_14695,pay_100035,Bank Declined,BANK_DECLINED_TRANSACTION,False
fail_14696,pay_102887,Network Timeout,GATEWAY_TIMEOUT,True
fail_14697,pay_102803,User Abandoned,BAD_REQUEST_ABANDONED,True
fail_14698,pay_102524,Gateway Error,GATEWAY_INTERNAL_ERROR,True
fail_14699,pay_102001,Insufficient Funds,INSUFFICIENT_FUNDS,True
fail_14700,pay_101888,Bank Declined,BANK_DECLINED_TRANSACTION,False
fail_14701,pay_102372,Bank Declined,BANK_DECLINED_TRANSACTION,False
fail_14702,pay_100618,Gateway Error,GATEWAY_INTERNAL_ERROR,True
fail_14703,pay_103532,Bank Declined,BANK_DECLINED_TRANSACTION,False
fail_14704,pay_104736,OTP Failed,OTP_AUTHENTICATION_FAILED,True
fail_14705,pay_103500,Insufficient Funds,INSUFFICIENT_FUNDS,True
fail_14706,pay_103918,Insufficient Funds,INSUFFICIENT_FUNDS,True
fail_14707,pay_104483,Insufficient Funds,INSUFFICIENT_FUNDS,True
fail_14708,pay_101469,Network Timeout,GATEWAY_TIMEOUT,True
fail_14709,pay_101410,User Abandoned,BAD_REQUEST_ABANDONED,True
fail_14710,pay_101350,Network Timeout,GATEWAY_TIMEOUT,True
fail_14711,pay_102981,OTP Failed,OTP_AUTHENTICATION_FAILED,True
fail_14712,pay_101614,Bank Declined,BANK_DECLINED_TRANSACTION,False
fail_14713,pay_102787,Insufficient Funds,INSUFFICIENT_FUNDS,True
fail_14714,pay_102459,User Abandoned,BAD_REQUEST_ABANDONED,True
fail_14715,pay_103188,Bank Declined,BANK_DECLINED_TRANSACTION,False
fail_14716,pay_104872,OTP Failed,OTP_AUTHENTICATION_FAILED,True
fail_14717,pay_104860,OTP Failed,OTP_AUTHENTICATION_FAILED,True
fail_14718,pay_103112,OTP Failed,OTP_AUTHENTICATION_FAILED,True
fail_14719,pay_104387,OTP Failed,OTP_AUTHENTICATION_FAILED,True
fail_14720,pay_104517,OTP Failed,OTP_AUTHENTICATION_FAILED,True
fail_14721,pay_100149,User Abandoned,BAD_REQUEST_ABANDONED,True
fail_14722,pay_101135,Bank Declined,BANK_DECLINED_TRANSACTION,False
fail_14723,pay_102656,Network Timeout,GATEWAY_TIMEOUT,True
fail_14724,pay_103508,Bank Declined,BANK_DECLINED_TRANSACTION,False
fail_14725,pay_103183,Gateway Error,GATEWAY_INTERNAL_ERROR,True
fail_14726,pay_104892,OTP Failed,OTP_AUTHENTICATION_FAILED,True
fail_14727,pay_100857,Network Timeout,GATEWAY_TIMEOUT,True
fail_14728,pay_101978,Network Timeout,GATEWAY_TIMEOUT,True
fail_14729,pay_101800,Bank Declined,BANK_DECLINED_TRANSACTION,False
fail_14730,pay_103356,OTP Failed,OTP_AUTHENTICATION_FAILED,True
fail_14731,pay_104701,Insufficient Funds,INSUFFICIENT_FUNDS,True
fail_14732,pay_103780,OTP Failed,OTP_AUTHENTICATION_FAILED,True
fail_14733,pay_101020,OTP Failed,OTP_AUTHENTICATION_FAILED,True
fail_14734,pay_104184,Network Timeout,GATEWAY_TIMEOUT,True
fail_14735,pay_104854,User Abandoned,BAD_REQUEST_ABANDONED,True
fail_14736,pay_101025,Insufficient Funds,INSUFFICIENT_FUNDS,True
fail_14737,pay_100541,Insufficient Funds,INSUFFICIENT_FUNDS,True
fail_14738,pay_103451,Network Timeout,GATEWAY_TIMEOUT,True
fail_14739,pay_102487,Bank Declined,BANK_DECLINED_TRANSACTION,False
fail_14740,pay_103799,Insufficient Funds,INSUFFICIENT_FUNDS,True
fail_14741,pay_101266,Gateway Error,GATEWAY_INTERNAL_ERROR,True
fail_14742,pay_100897,Bank Declined,BANK_DECLINED_TRANSACTION,False
fail_14743,pay_101982,User Abandoned,BAD_REQUEST_ABANDONED,True
fail_14744,pay_100545,Bank Declined,BANK_DECLINED_TRANSACTION,False
fail_14745,pay_100886,Bank Declined,BANK_DECLINED_TRANSACTION,False
fail_14746,pay_102313,Gateway Error,GATEWAY_INTERNAL_ERROR,True
fail_14747,pay_102617,Bank Declined,BANK_DECLINED_TRANSACTION,False
fail_14748,pay_104340,User Abandoned,BAD_REQUEST_ABANDONED,True
fail_14749,pay_100583,Network Timeout,GATEWAY_TIMEOUT,True
fail_14750,pay_101652,Network Timeout,GATEWAY_TIMEOUT,True
fail_14751,pay_104723,Bank Declined,BANK_DECLINED_TRANSACTION,False
fail_14752,pay_100847,Bank Declined,BANK_DECLINED_TRANSACTION,False
fail_14753,pay_104119,Gateway Error,GATEWAY_INTERNAL_ERROR,True
fail_14754,pay_103616,Insufficient Funds,INSUFFICIENT_FUNDS,True
fail_14755,pay_102277,Gateway Error,GATEWAY_INTERNAL_ERROR,True
fail_14756,pay_101452,Bank Declined,BANK_DECLINED_TRANSACTION,False
fail_14757,pay_101463,User Abandoned,BAD_REQUEST_ABANDONED,True
fail_14758,pay_104985,Bank Declined,BANK_DECLINED_TRANSACTION,False
fail_14759,pay_102504,Insufficient Funds,INSUFFICIENT_FUNDS,True
fail_14760,pay_103463,OTP Failed,OTP_AUTHENTICATION_FAILED,True
fail_14761,pay_102971,Insufficient Funds,INSUFFICIENT_FUNDS,True
fail_14762,pay_103337,Network Timeout,GATEWAY_TIMEOUT,True
fail_14763,pay_101641,Insufficient Funds,INSUFFICIENT_FUNDS,True
fail_14764,pay_104951,Gateway Error,GATEWAY_INTERNAL_ERROR,True
fail_14765,pay_101975,OTP Failed,OTP_AUTHENTICATION_FAILED,True
fail_14766,pay_100698,User Abandoned,BAD_REQUEST_ABANDONED,True
fail_14767,pay_104346,OTP Failed,OTP_AUTHENTICATION_FAILED,True
fail_14768,pay_102411,Gateway Error,GATEWAY_INTERNAL_ERROR,True
fail_14769,pay_102883,Insufficient Funds,INSUFFICIENT_FUNDS,True
fail_14770,pay_100573,Gateway Error,GATEWAY_INTERNAL_ERROR,True
fail_14771,pay_101285,Network Timeout,GATEWAY_TIMEOUT,True
fail_14772,pay_104893,Gateway Error,GATEWAY_INTERNAL_ERROR,True
fail_14773,pay_101269,Insufficient Funds,INSUFFICIENT_FUNDS,True
fail_14774,pay_101517,Gateway Error,GATEWAY_INTERNAL_ERROR,True
fail_14775,pay_104328,Bank Declined,BANK_DECLINED_TRANSACTION,False
fail_14776,pay_101462,Insufficient Funds,INSUFFICIENT_FUNDS,True
fail_14777,pay_104021,Insufficient Funds,INSUFFICIENT_FUNDS,True
fail_14778,pay_104769,Network Timeout,GATEWAY_TIMEOUT,True
fail_14779,pay_101525,OTP Failed,OTP_AUTHENTICATION_FAILED,True
fail_14780,pay_101780,Bank Declined,BANK_DECLINED_TRANSACTION,False
fail_14781,pay_103362,Gateway Error,GATEWAY_INTERNAL_ERROR,True
fail_14782,pay_104126,Network Timeout,GATEWAY_TIMEOUT,True
fail_14783,pay_103851,Bank Declined,BANK_DECLINED_TRANSACTION,False
fail_14784,pay_103870,Bank Declined,BANK_DECLINED_TRANSACTION,False
fail_14785,pay_103012,Gateway Error,GATEWAY_INTERNAL_ERROR,True
fail_14786,pay_101805,OTP Failed,OTP_AUTHENTICATION_FAILED,True
fail_14787,pay_104268,Bank Declined,BANK_DECLINED_TRANSACTION,False
fail_14788,pay_102779,OTP Failed,OTP_AUTHENTICATION_FAILED,True
fail_14789,pay_100351,Bank Declined,BANK_DECLINED_TRANSACTION,False
fail_14790,pay_100396,Network Timeout,GATEWAY_TIMEOUT,True
fail_14791,pay_104550,Network Timeout,GATEWAY_TIMEOUT,True
fail_14792,pay_104775,Network Timeout,GATEWAY_TIMEOUT,True
fail_14793,pay_101109,Insufficient Funds,INSUFFICIENT_FUNDS,True
fail_14794,pay_100810,OTP Failed,OTP_AUTHENTICATION_FAILED,True
fail_14795,pay_102521,User Abandoned,BAD_REQUEST_ABANDONED,True
fail_14796,pay_102370,Network Timeout,GATEWAY_TIMEOUT,True
fail_14797,pay_100055,Network Timeout,GATEWAY_TIMEOUT,True
fail_14798,pay_102338,Insufficient Funds,INSUFFICIENT_FUNDS,True
fail_14799,pay_100561,Gateway Error,GATEWAY_INTERNAL_ERROR,True
fail_14800,pay_104595,OTP Failed,OTP_AUTHENTICATION_FAILED,True
fail_14801,pay_101870,Gateway Error,GATEWAY_INTERNAL_ERROR,True
fail_14802,pay_100816,Gateway Error,GATEWAY_INTERNAL_ERROR,True
fail_14803,pay_104319,Insufficient Funds,INSUFFICIENT_FUNDS,True
fail_14804,pay_103879,User Abandoned,BAD_REQUEST_ABANDONED,True
fail_14805,pay_100901,Bank Declined,BANK_DECLINED_TRANSACTION,False
fail_14806,pay_104091,Gateway Error,GATEWAY_INTERNAL_ERROR,True
fail_14807,pay_104188,User Abandoned,BAD_REQUEST_ABANDONED,True
fail_14808,pay_100249,Bank Declined,BANK_DECLINED_TRANSACTION,False
fail_14809,pay_101018,Insufficient Funds,INSUFFICIENT_FUNDS,True
fail_14810,pay_101098,Gateway Error,GATEWAY_INTERNAL_ERROR,True
fail_14811,pay_101451,Network Timeout,GATEWAY_TIMEOUT,True
fail_14812,pay_101239,User Abandoned,BAD_REQUEST_ABANDONED,True
fail_14813,pay_102880,Bank Declined,BANK_DECLINED_TRANSACTION,False
fail_14814,pay_104750,Insufficient Funds,INSUFFICIENT_FUNDS,True
fail_14815,pay_102771,Network Timeout,GATEWAY_TIMEOUT,True
fail_14816,pay_100869,User Abandoned,BAD_REQUEST_ABANDONED,True
fail_14817,pay_102727,User Abandoned,BAD_REQUEST_ABANDONED,True
fail_14818,pay_102037,Gateway Error,GATEWAY_INTERNAL_ERROR,True
fail_14819,pay_104235,Bank Declined,BANK_DECLINED_TRANSACTION,False
fail_14820,pay_104591,Network Timeout,GATEWAY_TIMEOUT,True
fail_14821,pay_102202,Network Timeout,GATEWAY_TIMEOUT,True
fail_14822,pay_104193,Gateway Error,GATEWAY_INTERNAL_ERROR,True
fail_14823,pay_104457,OTP Failed,OTP_AUTHENTICATION_FAILED,True
fail_14824,pay_103239,OTP Failed,OTP_AUTHENTICATION_FAILED,True
fail_14825,pay_102629,Network Timeout,GATEWAY_TIMEOUT,True
fail_14826,pay_103754,OTP Failed,OTP_AUTHENTICATION_FAILED,True
fail_14827,pay_100327,Bank Declined,BANK_DECLINED_TRANSACTION,False
fail_14828,pay_103632,User Abandoned,BAD_REQUEST_ABANDONED,True
fail_14829,pay_100116,Insufficient Funds,INSUFFICIENT_FUNDS,True
fail_14830,pay_104968,Gateway Error,GATEWAY_INTERNAL_ERROR,True
fail_14831,pay_103544,Gateway Error,GATEWAY_INTERNAL_ERROR,True
fail_14832,pay_101265,Bank Declined,BANK_DECLINED_TRANSACTION,False
fail_14833,pay_104551,Network Timeout,GATEWAY_TIMEOUT,True
fail_14834,pay_101908,OTP Failed,OTP_AUTHENTICATION_FAILED,True
fail_14835,pay_100843,OTP Failed,OTP_AUTHENTICATION_FAILED,True
fail_14836,pay_104298,Network Timeout,GATEWAY_TIMEOUT,True
fail_14837,pay_102763,Bank Declined,BANK_DECLINED_TRANSACTION,False
fail_14838,pay_100969,Network Timeout,GATEWAY_TIMEOUT,True
fail_14839,pay_101445,Gateway Error,GATEWAY_INTERNAL_ERROR,True
fail_14840,pay_104944,Insufficient Funds,INSUFFICIENT_FUNDS,True
fail_14841,pay_104002,Network Timeout,GATEWAY_TIMEOUT,True
fail_14842,pay_102865,Bank Declined,BANK_DECLINED_TRANSACTION,False
fail_14843,pay_100662,Bank Declined,BANK_DECLINED_TRANSACTION,False
fail_14844,pay_103319,Insufficient Funds,INSUFFICIENT_FUNDS,True
fail_14845,pay_101682,Bank Declined,BANK_DECLINED_TRANSACTION,False
fail_14846,pay_102321,Insufficient Funds,INSUFFICIENT_FUNDS,True
fail_14847,pay_100146,OTP Failed,OTP_AUTHENTICATION_FAILED,True
fail_14848,pay_104303,Network Timeout,GATEWAY_TIMEOUT,True
fail_14849,pay_104274,Bank Declined,BANK_DECLINED_TRANSACTION,False
fail_14850,pay_104243,Network Timeout,GATEWAY_TIMEOUT,True
fail_14851,pay_104641,Gateway Error,GATEWAY_INTERNAL_ERROR,True
fail_14852,pay_102498,Bank Declined,BANK_DECLINED_TRANSACTION,False
fail_14853,pay_100786,Insufficient Funds,INSUFFICIENT_FUNDS,True
fail_14854,pay_103681,Network Timeout,GATEWAY_TIMEOUT,True
fail_14855,pay_104035,Network Timeout,GATEWAY_TIMEOUT,True
fail_14856,pay_102262,Gateway Error,GATEWAY_INTERNAL_ERROR,True
fail_14857,pay_100384,Bank Declined,BANK_DECLINED_TRANSACTION,False
fail_14858,pay_101535,Insufficient Funds,INSUFFICIENT_FUNDS,True
fail_14859,pay_102950,Gateway Error,GATEWAY_INTERNAL_ERROR,True
fail_14860,pay_104159,Gateway Error,GATEWAY_INTERNAL_ERROR,True
fail_14861,pay_102558,Insufficient Funds,INSUFFICIENT_FUNDS,True
fail_14862,pay_103457,OTP Failed,OTP_AUTHENTICATION_FAILED,True
fail_14863,pay_100137,Network Timeout,GATEWAY_TIMEOUT,True
fail_14864,pay_104530,Bank Declined,BANK_DECLINED_TRANSACTION,False
fail_14865,pay_103536,Network Timeout,GATEWAY_TIMEOUT,True
fail_14866,pay_101868,Insufficient Funds,INSUFFICIENT_FUNDS,True
fail_14867,pay_101943,Bank Declined,BANK_DECLINED_TRANSACTION,False
fail_14868,pay_104534,Bank Declined,BANK_DECLINED_TRANSACTION,False
fail_14869,pay_101589,Bank Declined,BANK_DECLINED_TRANSACTION,False
fail_14870,pay_101299,Insufficient Funds,INSUFFICIENT_FUNDS,True
fail_14871,pay_101492,User Abandoned,BAD_REQUEST_ABANDONED,True
fail_14872,pay_100829,User Abandoned,BAD_REQUEST_ABANDONED,True
fail_14873,pay_104714,OTP Failed,OTP_AUTHENTICATION_FAILED,True
fail_14874,pay_103485,Bank Declined,BANK_DECLINED_TRANSACTION,False
fail_14875,pay_102468,Network Timeout,GATEWAY_TIMEOUT,True
fail_14876,pay_102635,Insufficient Funds,INSUFFICIENT_FUNDS,True
fail_14877,pay_102409,Bank Declined,BANK_DECLINED_TRANSACTION,False
fail_14878,pay_102222,Network Timeout,GATEWAY_TIMEOUT,True
fail_14879,pay_104644,Insufficient Funds,INSUFFICIENT_FUNDS,True
fail_14880,pay_102328,OTP Failed,OTP_AUTHENTICATION_FAILED,True
fail_14881,pay_103996,Insufficient Funds,INSUFFICIENT_FUNDS,True
fail_14882,pay_101398,Gateway Error,GATEWAY_INTERNAL_ERROR,True
fail_14883,pay_104259,Network Timeout,GATEWAY_TIMEOUT,True
fail_14884,pay_100428,Bank Declined,BANK_DECLINED_TRANSACTION,False
fail_14885,pay_104912,Bank Declined,BANK_DECLINED_TRANSACTION,False
fail_14886,pay_100453,Insufficient Funds,INSUFFICIENT_FUNDS,True
fail_14887,pay_101179,Gateway Error,GATEWAY_INTERNAL_ERROR,True
fail_14888,pay_103441,Insufficient Funds,INSUFFICIENT_FUNDS,True
fail_14889,pay_102711,User Abandoned,BAD_REQUEST_ABANDONED,True
fail_14890,pay_100820,Bank Declined,BANK_DECLINED_TRANSACTION,False
fail_14891,pay_102260,Bank Declined,BANK_DECLINED_TRANSACTION,False
fail_14892,pay_104699,OTP Failed,OTP_AUTHENTICATION_FAILED,True
fail_14893,pay_103118,Insufficient Funds,INSUFFICIENT_FUNDS,True
fail_14894,pay_101782,Bank Declined,BANK_DECLINED_TRANSACTION,False
fail_14895,pay_103308,User Abandoned,BAD_REQUEST_ABANDONED,True
fail_14896,pay_102137,Network Timeout,GATEWAY_TIMEOUT,True
fail_14897,pay_103946,Network Timeout,GATEWAY_TIMEOUT,True
fail_14898,pay_101743,Gateway Error,GATEWAY_INTERNAL_ERROR,True
fail_14899,pay_100271,OTP Failed,OTP_AUTHENTICATION_FAILED,True
fail_14900,pay_100169,Insufficient Funds,INSUFFICIENT_FUNDS,True
fail_14901,pay_103804,Insufficient Funds,INSUFFICIENT_FUNDS,True
fail_14902,pay_104075,OTP Failed,OTP_AUTHENTICATION_FAILED,True
fail_14903,pay_100368,User Abandoned,BAD_REQUEST_ABANDONED,True
fail_14904,pay_101166,Insufficient Funds,INSUFFICIENT_FUNDS,True
fail_14905,pay_104061,OTP Failed,OTP_AUTHENTICATION_FAILED,True
fail_14906,pay_103803,Bank Declined,BANK_DECLINED_TRANSACTION,False
fail_14907,pay_100299,Network Timeout,GATEWAY_TIMEOUT,True
fail_14908,pay_103787,User Abandoned,BAD_REQUEST_ABANDONED,True
fail_14909,pay_100539,Network Timeout,GATEWAY_TIMEOUT,True
fail_14910,pay_102170,User Abandoned,BAD_REQUEST_ABANDONED,True
fail_14911,pay_101528,Gateway Error,GATEWAY_INTERNAL_ERROR,True
fail_14912,pay_104562,Bank Declined,BANK_DECLINED_TRANSACTION,False
fail_14913,pay_102089,Gateway Error,GATEWAY_INTERNAL_ERROR,True
fail_14914,pay_100232,OTP Failed,OTP_AUTHENTICATION_FAILED,True
fail_14915,pay_101593,Bank Declined,BANK_DECLINED_TRANSACTION,False
fail_14916,pay_104526,Insufficient Funds,INSUFFICIENT_FUNDS,True
fail_14917,pay_104116,Network Timeout,GATEWAY_TIMEOUT,True
fail_14918,pay_103857,Bank Declined,BANK_DECLINED_TRANSACTION,False
fail_14919,pay_101651,Bank Declined,BANK_DECLINED_TRANSACTION,False
fail_14920,pay_100477,OTP Failed,OTP_AUTHENTICATION_FAILED,True
fail_14921,pay_103897,User Abandoned,BAD_REQUEST_ABANDONED,True
fail_14922,pay_100414,Insufficient Funds,INSUFFICIENT_FUNDS,True
fail_14923,pay_101365,Gateway Error,GATEWAY_INTERNAL_ERROR,True
fail_14924,pay_103504,User Abandoned,BAD_REQUEST_ABANDONED,True
fail_14925,pay_102974,User Abandoned,BAD_REQUEST_ABANDONED,True
fail_14926,pay_104504,Insufficient Funds,INSUFFICIENT_FUNDS,True
fail_14927,pay_101623,User Abandoned,BAD_REQUEST_ABANDONED,True
fail_14928,pay_104103,Insufficient Funds,INSUFFICIENT_FUNDS,True
fail_14929,pay_103135,Insufficient Funds,INSUFFICIENT_FUNDS,True
fail_14930,pay_100888,Insufficient Funds,INSUFFICIENT_FUNDS,True
fail_14931,pay_104930,User Abandoned,BAD_REQUEST_ABANDONED,True
fail_14932,pay_101037,Gateway Error,GATEWAY_INTERNAL_ERROR,True
fail_14933,pay_103102,Gateway Error,GATEWAY_INTERNAL_ERROR,True
fail_14934,pay_100838,Gateway Error,GATEWAY_INTERNAL_ERROR,True
fail_14935,pay_104229,OTP Failed,OTP_AUTHENTICATION_FAILED,True
fail_14936,pay_100409,Insufficient Funds,INSUFFICIENT_FUNDS,True
fail_14937,pay_101120,Network Timeout,GATEWAY_TIMEOUT,True
fail_14938,pay_104045,Network Timeout,GATEWAY_TIMEOUT,True
fail_14939,pay_100789,Insufficient Funds,INSUFFICIENT_FUNDS,True
fail_14940,pay_101681,Gateway Error,GATEWAY_INTERNAL_ERROR,True
fail_14941,pay_103903,Gateway Error,GATEWAY_INTERNAL_ERROR,True
fail_14942,pay_104392,Network Timeout,GATEWAY_TIMEOUT,True
fail_14943,pay_100800,Network Timeout,GATEWAY_TIMEOUT,True
fail_14944,pay_103821,Bank Declined,BANK_DECLINED_TRANSACTION,False
fail_14945,pay_104787,Network Timeout,GATEWAY_TIMEOUT,True
fail_14946,pay_101069,OTP Failed,OTP_AUTHENTICATION_FAILED,True
fail_14947,pay_101762,Insufficient Funds,INSUFFICIENT_FUNDS,True
fail_14948,pay_103798,Network Timeout,GATEWAY_TIMEOUT,True
fail_14949,pay_100302,Bank Declined,BANK_DECLINED_TRANSACTION,False
fail_14950,pay_101531,Insufficient Funds,INSUFFICIENT_FUNDS,True
fail_14951,pay_102442,OTP Failed,OTP_AUTHENTICATION_FAILED,True
fail_14952,pay_103724,User Abandoned,BAD_REQUEST_ABANDONED,True
fail_14953,pay_101806,Network Timeout,GATEWAY_TIMEOUT,True
fail_14954,pay_104767,User Abandoned,BAD_REQUEST_ABANDONED,True
fail_14955,pay_104130,Gateway Error,GATEWAY_INTERNAL_ERROR,True
fail_14956,pay_101174,Network Timeout,GATEWAY_TIMEOUT,True
fail_14957,pay_101278,Bank Declined,BANK_DECLINED_TRANSACTION,False
fail_14958,pay_104688,Gateway Error,GATEWAY_INTERNAL_ERROR,True
fail_14959,pay_103398,Insufficient Funds,INSUFFICIENT_FUNDS,True
fail_14960,pay_100706,OTP Failed,OTP_AUTHENTICATION_FAILED,True
fail_14961,pay_102201,User Abandoned,BAD_REQUEST_ABANDONED,True
fail_14962,pay_104360,OTP Failed,OTP_AUTHENTICATION_FAILED,True
fail_14963,pay_100103,User Abandoned,BAD_REQUEST_ABANDONED,True
fail_14964,pay_101189,Gateway Error,GATEWAY_INTERNAL_ERROR,True
fail_14965,pay_100574,Insufficient Funds,INSUFFICIENT_FUNDS,True
fail_14966,pay_100464,Network Timeout,GATEWAY_TIMEOUT,True
fail_14967,pay_102400,Bank Declined,BANK_DECLINED_TRANSACTION,False
fail_14968,pay_104884,Gateway Error,GATEWAY_INTERNAL_ERROR,True
fail_14969,pay_104054,User Abandoned,BAD_REQUEST_ABANDONED,True
fail_14970,pay_102645,User Abandoned,BAD_REQUEST_ABANDONED,True
fail_14971,pay_100844,Insufficient Funds,INSUFFICIENT_FUNDS,True
fail_14972,pay_103216,Insufficient Funds,INSUFFICIENT_FUNDS,True
fail_14973,pay_100845,OTP Failed,OTP_AUTHENTICATION_FAILED,True
fail_14974,pay_100380,Bank Declined,BANK_DECLINED_TRANSACTION,False
fail_14975,pay_100772,Gateway Error,GATEWAY_INTERNAL_ERROR,True
fail_14976,pay_101236,Insufficient Funds,INSUFFICIENT_FUNDS,True
fail_14977,pay_102788,OTP Failed,OTP_AUTHENTICATION_FAILED,True
fail_14978,pay_101549,Bank Declined,BANK_DECLINED_TRANSACTION,False
fail_14979,pay_104597,OTP Failed,OTP_AUTHENTICATION_FAILED,True
fail_14980,pay_102627,Bank Declined,BANK_DECLINED_TRANSACTION,False
fail_14981,pay_101293,Network Timeout,GATEWAY_TIMEOUT,True
fail_14982,pay_100900,Bank Declined,BANK_DECLINED_TRANSACTION,False
fail_14983,pay_103233,Insufficient Funds,INSUFFICIENT_FUNDS,True
fail_14984,pay_101621,Network Timeout,GATEWAY_TIMEOUT,True
fail_14985,pay_101738,Network Timeout,GATEWAY_TIMEOUT,True
fail_14986,pay_103190,Insufficient Funds,INSUFFICIENT_FUNDS,True
fail_14987,pay_104110,Insufficient Funds,INSUFFICIENT_FUNDS,True
fail_14988,pay_104626,Bank Declined,BANK_DECLINED_TRANSACTION,False
fail_14989,pay_101912,Bank Declined,BANK_DECLINED_TRANSACTION,False
fail_14990,pay_101995,Insufficient Funds,INSUFFICIENT_FUNDS,True
fail_14991,pay_101481,Gateway Error,GATEWAY_INTERNAL_ERROR,True
fail_14992,pay_101948,Insufficient Funds,INSUFFICIENT_FUNDS,True
fail_14993,pay_104690,OTP Failed,OTP_AUTHENTICATION_FAILED,True
fail_14994,pay_101408,Insufficient Funds,INSUFFICIENT_FUNDS,True
fail_14995,pay_101487,Bank Declined,BANK_DECLINED_TRANSACTION,False
fail_14996,pay_102258,Network Timeout,GATEWAY_TIMEOUT,True
fail_14997,pay_102441,Gateway Error,GATEWAY_INTERNAL_ERROR,True
fail_14998,pay_103673,User Abandoned,BAD_REQUEST_ABANDONED,True
fail_14999,pay_102315,Insufficient Funds,INSUFFICIENT_FUNDS,True
