payment_id,merchant_id,customer_id,created_at,payment_method,gateway,amount_inr,status
pay_104421,m_1004,cust_1000,2026-02-22 16:00:00,Card,ICICI UPI,2823.02,Success
pay_102261,m_1002,cust_1001,2026-02-22 17:00:00,Card,Razorpay,9292.42,Failed
pay_103206,m_1001,cust_1002,2026-02-22 18:00:00,UPI,ICICI UPI,1147.68,Failed
pay_100819,m_1001,cust_1003,2026-02-22 18:00:00,UPI,SBI Card Gateway,2677.31,Success
pay_101335,m_1004,cust_1004,2026-02-22 20:00:00,UPI,Razorpay,6433.44,Success
pay_103121,m_1004,cust_1005,2026-02-22 20:00:00,Card,Razorpay,1520.64,Failed
pay_103648,m_1004,cust_1006,2026-02-22 20:00:00,UPI,Razorpay,459.63,Success
pay_103711,m_1001,cust_1007,2026-02-22 20:00:00,Card,Razorpay,1468.71,Failed
pay_102217,m_1001,cust_1008,2026-02-22 21:00:00,UPI,ICICI UPI,692.47,Success
pay_101168,m_1003,cust_1009,2026-02-22 22:00:00,Card,Razorpay,2573.53,Failed
pay_100400,m_1004,cust_1010,2026-02-22 23:00:00,Wallet,Razorpay,5208.53,Failed
pay_104881,m_1004,cust_1011,2026-02-23 01:00:00,NetBanking,Razorpay,1539.95,Failed
pay_104502,m_1004,cust_1012,2026-02-23 01:00:00,Card,HDFC Gateway,2547.32,Failed
pay_101345,m_1002,cust_1013,2026-02-23 01:00:00,Card,Razorpay,1173.32,Failed
pay_100809,m_1004,cust_1014,2026-02-23 03:00:00,Wallet,Razorpay,2600.65,Failed
pay_102172,m_1002,cust_1015,2026-02-23 05:00:00,UPI,Razorpay,6417.82,Failed
pay_100690,m_1000,cust_1016,2026-02-23 05:00:00,NetBanking,Razorpay,2689.77,Success
pay_102519,m_1000,cust_1017,2026-02-23 05:00:00,UPI,ICICI UPI,8094.87,Failed
pay_103620,m_1003,cust_1018,2026-02-23 07:00:00,Card,Razorpay,4359.02,Success
pay_100160,m_1000,cust_1019,2026-02-23 07:00:00,UPI,Razorpay,4696.94,Success
pay_101116,m_1004,cust_1020,2026-02-23 09:00:00,UPI,Razorpay,4167.03,Failed
pay_101055,m_1003,cust_1021,2026-02-23 10:00:00,Card,Axis Wallet,11565.15,Failed
pay_101558,m_1003,cust_1022,2026-02-23 11:00:00,Card,Razorpay,1485.56,Success
pay_104621,m_1001,cust_1023,2026-02-23 12:00:00,Card,SBI Card Gateway,1219.96,Failed
pay_102955,m_1004,cust_1024,2026-02-23 13:00:00,UPI,Razorpay,1909.19,Failed
pay_101421,m_1002,cust_1025,2026-02-23 13:00:00,UPI,SBI Card Gateway,1931.41,Failed
pay_103157,m_1000,cust_1026,2026-02-23 13:00:00,Card,SBI Card Gateway,4073.05,Failed
pay_100510,m_1000,cust_1027,2026-02-23 14:00:00,Card,Razorpay,2507.58,Success
pay_103174,m_1002,cust_1028,2026-02-23 14:00:00,UPI,Razorpay,3584.14,Failed
pay_104295,m_1002,cust_1029,2026-02-23 15:00:00,NetBanking,Razorpay,3112.08,Failed
pay_103237,m_1003,cust_1030,2026-02-23 16:00:00,Card,SBI Card Gateway,3388.63,Failed
pay_103723,m_1002,cust_1031,2026-02-23 18:00:00,Card,ICICI UPI,598.41,Failed
pay_102767,m_1000,cust_1032,2026-02-23 18:00:00,UPI,HDFC Gateway,369.07,Failed
pay_101997,m_1002,cust_1033,2026-02-23 19:00:00,Card,SBI Card Gateway,1710.68,Failed
pay_101625,m_1000,cust_1034,2026-02-23 20:00:00,UPI,SBI Card Gateway,1839.92,Success
pay_103278,m_1004,cust_1035,2026-02-23 21:00:00,UPI,Razorpay,2186.43,Failed
pay_104215,m_1002,cust_1036,2026-02-23 22:00:00,UPI,Axis Wallet,9099.94,Success
pay_100144,m_1003,cust_1037,2026-02-23 22:00:00,Card,Razorpay,2865.41,Success
pay_100355,m_1004,cust_1038,2026-02-23 23:00:00,Card,Razorpay,7120.41,Failed
pay_102616,m_1001,cust_1039,2026-02-24 00:00:00,Card,Axis Wallet,5008.39,Failed
pay_102259,m_1004,cust_1040,2026-02-24 01:00:00,NetBanking,SBI Card Gateway,3671.0,Success
pay_102045,m_1004,cust_1041,2026-02-24 02:00:00,Card,Axis Wallet,30268.65,Success
pay_101619,m_1004,cust_1042,2026-02-24 02:00:00,UPI,ICICI UPI,1270.44,Failed
pay_104992,m_1000,cust_1043,2026-02-24 03:00:00,UPI,SBI Card Gateway,1273.52,Failed
pay_104791,m_1004,cust_1044,2026-02-24 04:00:00,NetBanking,SBI Card Gateway,1938.5,Failed
pay_100346,m_1003,cust_1045,2026-02-24 04:00:00,Card,Razorpay,1629.82,Failed
pay_102754,m_1000,cust_1046,2026-02-24 06:00:00,Wallet,Razorpay,2541.11,Success
pay_104265,m_1001,cust_1047,2026-02-24 06:00:00,Card,Axis Wallet,1438.07,Failed
pay_103725,m_1003,cust_1048,2026-02-24 08:00:00,Wallet,SBI Card Gateway,608.86,Failed
pay_102375,m_1001,cust_1049,2026-02-24 08:00:00,UPI,SBI Card Gateway,2628.98,Failed
pay_101087,m_1002,cust_1050,2026-02-24 08:00:00,Card,Razorpay,14366.92,Failed
pay_104692,m_1004,cust_1051,2026-02-24 08:00:00,Card,SBI Card Gateway,7847.53,Failed
pay_104520,m_1002,cust_1052,2026-02-24 08:00:00,UPI,Razorpay,626.88,Failed
pay_103533,m_1002,cust_1053,2026-02-24 10:00:00,Wallet,ICICI UPI,1646.35,Failed
pay_100264,m_1004,cust_1054,2026-02-24 11:00:00,UPI,Razorpay,16701.59,Failed
pay_103148,m_1000,cust_1055,2026-02-24 12:00:00,Card,ICICI UPI,1832.15,Success
pay_101081,m_1000,cust_1056,2026-02-24 13:00:00,Card,SBI Card Gateway,9869.03,Failed
pay_102802,m_1002,cust_1057,2026-02-24 13:00:00,UPI,Razorpay,1866.0,Failed
pay_104717,m_1002,cust_1058,2026-02-24 14:00:00,Card,Axis Wallet,4766.11,Failed
pay_101961,m_1000,cust_1059,2026-02-24 16:00:00,UPI,SBI Card Gateway,2035.2,Failed
pay_102652,m_1000,cust_1060,2026-02-24 17:00:00,UPI,Razorpay,1217.7,Failed
pay_102038,m_1000,cust_1061,2026-02-24 18:00:00,Card,Razorpay,5423.33,Failed
pay_104600,m_1001,cust_1062,2026-02-24 18:00:00,Card,Razorpay,2998.32,Failed
pay_101746,m_1004,cust_1063,2026-02-24 18:00:00,UPI,Razorpay,2574.85,Failed
pay_102378,m_1000,cust_1064,2026-02-24 19:00:00,NetBanking,SBI Card Gateway,915.66,Failed
pay_104101,m_1004,cust_1065,2026-02-24 20:00:00,UPI,Razorpay,1266.87,Failed
pay_103977,m_1004,cust_1066,2026-02-24 21:00:00,Wallet,ICICI UPI,8983.93,Failed
pay_104773,m_1003,cust_1067,2026-02-24 22:00:00,UPI,HDFC Gateway,2660.89,Success
pay_104134,m_1003,cust_1068,2026-02-24 23:00:00,Card,Razorpay,6026.37,Success
pay_103411,m_1004,cust_1069,2026-02-25 00:00:00,UPI,HDFC Gateway,3462.39,Failed
pay_103370,m_1000,cust_1070,2026-02-25 00:00:00,UPI,SBI Card Gateway,1457.82,Success
pay_100771,m_1001,cust_1071,2026-02-25 00:00:00,UPI,Razorpay,4030.28,Failed
pay_104523,m_1000,cust_1072,2026-02-25 00:00:00,NetBanking,Razorpay,2474.62,Failed
pay_102034,m_1001,cust_1073,2026-02-25 02:00:00,UPI,Razorpay,1467.66,Failed
pay_104651,m_1000,cust_1074,2026-02-25 03:00:00,UPI,Razorpay,2275.46,Failed
pay_103218,m_1004,cust_1075,2026-02-25 03:00:00,Card,Razorpay,6263.8,Success
pay_104962,m_1003,cust_1076,2026-02-25 04:00:00,UPI,Axis Wallet,4376.46,Failed
pay_101245,m_1003,cust_1077,2026-02-25 05:00:00,Card,Razorpay,766.76,Success
pay_103745,m_1003,cust_1078,2026-02-25 05:00:00,NetBanking,Axis Wallet,1874.64,Failed
pay_104122,m_1001,cust_1079,2026-02-25 06:00:00,Card,Axis Wallet,6767.98,Failed
pay_103778,m_1004,cust_1080,2026-02-25 06:00:00,UPI,Razorpay,1672.77,Failed
pay_103747,m_1004,cust_1081,2026-02-25 07:00:00,Card,Razorpay,2581.43,Failed
pay_101202,m_1003,cust_1082,2026-02-25 08:00:00,Card,Razorpay,1394.3,Success
pay_103592,m_1003,cust_1083,2026-02-25 08:00:00,Card,Razorpay,1173.72,Success
pay_101569,m_1000,cust_1084,2026-02-25 09:00:00,Card,Razorpay,2072.5,Success
pay_101227,m_1003,cust_1085,2026-02-25 09:00:00,Card,ICICI UPI,469.65,Failed
pay_103784,m_1001,cust_1086,2026-02-25 09:00:00,NetBanking,Razorpay,10154.71,Success
pay_101456,m_1000,cust_1087,2026-02-25 09:00:00,UPI,ICICI UPI,3272.66,Failed
pay_103360,m_1002,cust_1088,2026-02-25 09:00:00,UPI,HDFC Gateway,3772.23,Success
pay_101827,m_1001,cust_1089,2026-02-25 09:00:00,UPI,Razorpay,1265.23,Failed
pay_100554,m_1002,cust_1090,2026-02-25 10:00:00,NetBanking,SBI Card Gateway,2457.3,Failed
pay_103403,m_1004,cust_1091,2026-02-25 11:00:00,Card,Razorpay,4072.75,Success
pay_101392,m_1003,cust_1092,2026-02-25 12:00:00,Card,Razorpay,1354.58,Failed
pay_101675,m_1000,cust_1093,2026-02-25 14:00:00,UPI,Axis Wallet,1547.25,Success
pay_101706,m_1003,cust_1094,2026-02-25 14:00:00,Card,Razorpay,5221.41,Failed
pay_104088,m_1000,cust_1095,2026-02-25 15:00:00,Card,Razorpay,1558.79,Success
pay_103269,m_1000,cust_1096,2026-02-25 16:00:00,NetBanking,SBI Card Gateway,2508.87,Failed
pay_100140,m_1000,cust_1097,2026-02-25 17:00:00,UPI,HDFC Gateway,2150.05,Failed
pay_101829,m_1000,cust_1098,2026-02-25 19:00:00,UPI,SBI Card Gateway,1423.17,Failed
pay_102689,m_1003,cust_1099,2026-02-25 20:00:00,Card,Razorpay,677.69,Success
pay_102554,m_1000,cust_1100,2026-02-25 21:00:00,Wallet,Razorpay,4097.65,Failed
pay_101197,m_1002,cust_1101,2026-02-25 21:00:00,UPI,Razorpay,1126.24,Failed
pay_102973,m_1001,cust_1102,2026-02-25 23:00:00,NetBanking,ICICI UPI,2551.47,Success
pay_102229,m_1000,cust_1103,2026-02-26 01:00:00,Card,ICICI UPI,748.2,Failed
pay_104089,m_1002,cust_1104,2026-02-26 01:00:00,UPI,Razorpay,1108.86,Failed
pay_101380,m_1000,cust_1105,2026-02-26 03:00:00,Card,Axis Wallet,2574.84,Failed
pay_104252,m_1004,cust_1106,2026-02-26 04:00:00,Card,HDFC Gateway,704.3,Success
pay_100893,m_1004,cust_1107,2026-02-26 04:00:00,Card,SBI Card Gateway,9524.43,Failed
pay_104076,m_1001,cust_1108,2026-02-26 05:00:00,UPI,Razorpay,10122.59,Failed
pay_100913,m_1001,cust_1109,2026-02-26 05:00:00,Card,SBI Card Gateway,5221.14,Failed
pay_103425,m_1000,cust_1110,2026-02-26 05:00:00,UPI,Razorpay,4322.64,Success
pay_100850,m_1000,cust_1111,2026-02-26 05:00:00,Card,Razorpay,720.54,Failed
pay_100593,m_1001,cust_1112,2026-02-26 07:00:00,Card,Razorpay,809.43,Failed
pay_101745,m_1001,cust_1113,2026-02-26 08:00:00,Wallet,HDFC Gateway,3709.61,Failed
pay_103198,m_1001,cust_1114,2026-02-26 09:00:00,UPI,ICICI UPI,1101.03,Success
pay_104316,m_1003,cust_1115,2026-02-26 10:00:00,Card,HDFC Gateway,1387.19,Failed
pay_102626,m_1000,cust_1116,2026-02-26 10:00:00,Card,Razorpay,12741.27,Failed
pay_102535,m_1004,cust_1117,2026-02-26 11:00:00,Wallet,ICICI UPI,1039.55,Failed
pay_104113,m_1001,cust_1118,2026-02-26 13:00:00,UPI,Razorpay,2976.17,Success
pay_102169,m_1004,cust_1119,2026-02-26 13:00:00,Card,Razorpay,1385.65,Failed
pay_101249,m_1004,cust_1120,2026-02-26 14:00:00,Card,ICICI UPI,13871.09,Success
pay_101474,m_1001,cust_1121,2026-02-26 17:00:00,UPI,HDFC Gateway,1683.54,Failed
pay_102879,m_1004,cust_1122,2026-02-26 17:00:00,UPI,Razorpay,1622.82,Failed
pay_102269,m_1000,cust_1123,2026-02-26 19:00:00,UPI,SBI Card Gateway,3245.78,Failed
pay_101648,m_1002,cust_1124,2026-02-26 19:00:00,UPI,ICICI UPI,1954.75,Success
pay_104834,m_1001,cust_1125,2026-02-26 19:00:00,NetBanking,ICICI UPI,4730.68,Failed
pay_104153,m_1000,cust_1126,2026-02-26 20:00:00,UPI,HDFC Gateway,17340.24,Success
pay_104920,m_1001,cust_1127,2026-02-26 20:00:00,Card,Razorpay,543.32,Success
pay_102131,m_1001,cust_1128,2026-02-26 22:00:00,UPI,Razorpay,6857.57,Success
pay_103788,m_1000,cust_1129,2026-02-26 22:00:00,UPI,Axis Wallet,2752.59,Failed
pay_102871,m_1004,cust_1130,2026-02-26 23:00:00,UPI,Axis Wallet,2345.58,Success
pay_102823,m_1002,cust_1131,2026-02-26 23:00:00,Card,ICICI UPI,10999.19,Failed
pay_103684,m_1002,cust_1132,2026-02-27 00:00:00,UPI,Axis Wallet,21391.02,Success
pay_100011,m_1003,cust_1133,2026-02-27 00:00:00,Card,Razorpay,4724.61,Failed
pay_102387,m_1000,cust_1134,2026-02-27 00:00:00,Card,SBI Card Gateway,223.57,Failed
pay_101796,m_1004,cust_1135,2026-02-27 00:00:00,Card,HDFC Gateway,806.66,Failed
pay_103354,m_1000,cust_1136,2026-02-27 02:00:00,NetBanking,Razorpay,3239.56,Success
pay_100324,m_1004,cust_1137,2026-02-27 02:00:00,UPI,Axis Wallet,3528.77,Success
pay_104823,m_1003,cust_1138,2026-02-27 04:00:00,Wallet,ICICI UPI,1972.51,Failed
pay_102749,m_1000,cust_1139,2026-02-27 05:00:00,UPI,Razorpay,2631.18,Failed
pay_104136,m_1001,cust_1140,2026-02-27 07:00:00,Card,ICICI UPI,6637.09,Failed
pay_100946,m_1003,cust_1141,2026-02-27 09:00:00,Wallet,Razorpay,4702.21,Failed
pay_102962,m_1004,cust_1142,2026-02-27 10:00:00,NetBanking,Razorpay,1605.29,Success
pay_100440,m_1002,cust_1143,2026-02-27 11:00:00,UPI,Razorpay,9147.62,Failed
pay_103515,m_1004,cust_1144,2026-02-27 14:00:00,NetBanking,SBI Card Gateway,2709.62,Failed
pay_104581,m_1001,cust_1145,2026-02-27 15:00:00,UPI,Razorpay,3337.37,Failed
pay_102839,m_1003,cust_1146,2026-02-27 16:00:00,Wallet,SBI Card Gateway,1733.87,Failed
pay_100403,m_1002,cust_1147,2026-02-27 16:00:00,Card,SBI Card Gateway,833.32,Failed
pay_103510,m_1000,cust_1148,2026-02-27 18:00:00,UPI,HDFC Gateway,2164.76,Failed
pay_100958,m_1001,cust_1149,2026-02-27 18:00:00,Card,Razorpay,1829.0,Failed
pay_104324,m_1002,cust_1150,2026-02-27 19:00:00,Card,Axis Wallet,1147.51,Success
pay_104792,m_1002,cust_1151,2026-02-27 19:00:00,NetBanking,Axis Wallet,12939.05,Success
pay_104135,m_1004,cust_1152,2026-02-27 19:00:00,Card,ICICI UPI,2489.6,Failed
pay_101954,m_1002,cust_1153,2026-02-27 20:00:00,NetBanking,HDFC Gateway,1825.46,Success
pay_102541,m_1000,cust_1154,2026-02-27 20:00:00,Card,Razorpay,2372.52,Failed
pay_103911,m_1000,cust_1155,2026-02-27 21:00:00,UPI,Razorpay,1148.4,Success
pay_102610,m_1001,cust_1156,2026-02-27 21:00:00,Card,Razorpay,3159.16,Success
pay_100045,m_1002,cust_1157,2026-02-27 21:00:00,Card,ICICI UPI,5569.36,Failed
pay_101232,m_1001,cust_1158,2026-02-27 23:00:00,UPI,Razorpay,2666.27,Failed
pay_102588,m_1002,cust_1159,2026-02-27 23:00:00,Card,HDFC Gateway,842.08,Failed
pay_103907,m_1003,cust_1160,2026-02-27 23:00:00,Card,Razorpay,4782.42,Failed
pay_103948,m_1004,cust_1161,2026-02-28 00:00:00,Wallet,HDFC Gateway,3896.74,Failed
pay_104359,m_1002,cust_1162,2026-02-28 01:00:00,Card,HDFC Gateway,1675.25,Failed
pay_101225,m_1004,cust_1163,2026-02-28 01:00:00,UPI,Razorpay,4372.06,Failed
pay_103282,m_1000,cust_1164,2026-02-28 02:00:00,Wallet,Axis Wallet,4544.97,Failed
pay_103943,m_1000,cust_1165,2026-02-28 02:00:00,UPI,HDFC Gateway,5449.24,Failed
pay_102578,m_1004,cust_1166,2026-02-28 03:00:00,UPI,HDFC Gateway,2683.37,Failed
pay_100354,m_1002,cust_1167,2026-02-28 03:00:00,Card,Razorpay,5093.68,Success
pay_100416,m_1002,cust_1168,2026-02-28 03:00:00,Card,Razorpay,2308.25,Failed
pay_100207,m_1002,cust_1169,2026-02-28 04:00:00,UPI,ICICI UPI,1455.72,Failed
pay_102805,m_1003,cust_1170,2026-02-28 05:00:00,UPI,Axis Wallet,4006.6,Failed
pay_102598,m_1001,cust_1171,2026-02-28 07:00:00,Card,Razorpay,195.07,Failed
pay_100796,m_1003,cust_1172,2026-02-28 07:00:00,UPI,Razorpay,2962.58,Failed
pay_103662,m_1002,cust_1173,2026-02-28 08:00:00,Wallet,HDFC Gateway,11520.13,Failed
pay_100860,m_1003,cust_1174,2026-02-28 08:00:00,UPI,Razorpay,4242.32,Failed
pay_101566,m_1000,cust_1175,2026-02-28 08:00:00,Card,Razorpay,2146.37,Failed
pay_104363,m_1000,cust_1176,2026-02-28 10:00:00,Card,Razorpay,1039.93,Failed
pay_100063,m_1000,cust_1177,2026-02-28 11:00:00,UPI,Razorpay,3540.85,Failed
pay_100608,m_1000,cust_1178,2026-02-28 13:00:00,Wallet,Razorpay,14627.77,Failed
pay_104760,m_1004,cust_1179,2026-02-28 13:00:00,UPI,ICICI UPI,6269.52,Success
pay_103688,m_1003,cust_1180,2026-02-28 14:00:00,UPI,HDFC Gateway,1890.85,Failed
pay_104986,m_1002,cust_1181,2026-02-28 16:00:00,NetBanking,ICICI UPI,1093.45,Failed
pay_100465,m_1001,cust_1182,2026-02-28 16:00:00,NetBanking,Razorpay,533.34,Success
pay_104509,m_1003,cust_1183,2026-02-28 17:00:00,Wallet,SBI Card Gateway,812.05,Failed
pay_102836,m_1000,cust_1184,2026-02-28 20:00:00,Wallet,Razorpay,2035.59,Failed
pay_102667,m_1002,cust_1185,2026-02-28 20:00:00,Card,Razorpay,3205.16,Success
pay_104356,m_1002,cust_1186,2026-02-28 21:00:00,UPI,Razorpay,1727.91,Failed
pay_103213,m_1001,cust_1187,2026-03-01 00:00:00,UPI,Razorpay,3616.89,Failed
pay_102813,m_1002,cust_1188,2026-03-01 00:00:00,UPI,Razorpay,1292.49,Failed
pay_102669,m_1001,cust_1189,2026-03-01 04:00:00,NetBanking,SBI Card Gateway,9915.38,Success
pay_101209,m_1003,cust_1190,2026-03-01 05:00:00,UPI,Razorpay,7615.95,Success
pay_101242,m_1004,cust_1191,2026-03-01 05:00:00,Card,ICICI UPI,2885.55,Failed
pay_100336,m_1002,cust_1192,2026-03-01 05:00:00,Card,HDFC Gateway,3757.51,Failed
pay_100852,m_1001,cust_1193,2026-03-01 06:00:00,Card,ICICI UPI,1707.99,Success
pay_101368,m_1002,cust_1194,2026-03-01 06:00:00,Card,Razorpay,8087.42,Success
pay_102512,m_1001,cust_1195,2026-03-01 08:00:00,UPI,HDFC Gateway,3093.48,Success
pay_100502,m_1003,cust_1196,2026-03-01 08:00:00,UPI,Razorpay,1824.63,Failed
pay_102142,m_1003,cust_1197,2026-03-01 09:00:00,NetBanking,HDFC Gateway,4300.31,Success
pay_101376,m_1002,cust_1198,2026-03-01 09:00:00,NetBanking,Razorpay,221.44,Success
pay_102676,m_1004,cust_1199,2026-03-01 10:00:00,UPI,ICICI UPI,1763.65,Failed
pay_103663,m_1000,cust_1200,2026-03-01 10:00:00,Card,SBI Card Gateway,9483.87,Failed
pay_102362,m_1001,cust_1201,2026-03-01 11:00:00,UPI,Razorpay,16046.04,Success
pay_100199,m_1002,cust_1202,2026-03-01 11:00:00,NetBanking,HDFC Gateway,3047.37,Failed
pay_100998,m_1003,cust_1203,2026-03-01 12:00:00,Card,SBI Card Gateway,1025.41,Success
pay_101699,m_1000,cust_1204,2026-03-01 13:00:00,NetBanking,Axis Wallet,3367.94,Failed
pay_101222,m_1003,cust_1205,2026-03-01 13:00:00,UPI,HDFC Gateway,906.51,Success
pay_100750,m_1004,cust_1206,2026-03-01 14:00:00,UPI,Razorpay,1340.92,Failed
pay_103382,m_1000,cust_1207,2026-03-01 15:00:00,UPI,Razorpay,1000.15,Failed
pay_102730,m_1002,cust_1208,2026-03-01 15:00:00,Wallet,Razorpay,9383.66,Failed
pay_103634,m_1004,cust_1209,2026-03-01 15:00:00,NetBanking,ICICI UPI,684.09,Success
pay_104936,m_1003,cust_1210,2026-03-01 16:00:00,Card,Razorpay,6070.57,Failed
pay_102116,m_1002,cust_1211,2026-03-01 17:00:00,UPI,Razorpay,560.45,Failed
pay_100648,m_1002,cust_1212,2026-03-01 17:00:00,UPI,HDFC Gateway,3229.89,Failed
pay_103003,m_1001,cust_1213,2026-03-01 17:00:00,Card,Razorpay,573.96,Success
pay_103752,m_1002,cust_1214,2026-03-01 17:00:00,NetBanking,Axis Wallet,1354.48,Failed
pay_103397,m_1001,cust_1215,2026-03-01 17:00:00,UPI,Razorpay,6101.2,Failed
pay_103210,m_1004,cust_1216,2026-03-01 18:00:00,Card,Razorpay,3997.42,Failed
pay_100450,m_1004,cust_1217,2026-03-01 18:00:00,Card,Razorpay,5349.02,Failed
pay_101938,m_1003,cust_1218,2026-03-01 20:00:00,UPI,ICICI UPI,3591.94,Success
pay_100682,m_1002,cust_1219,2026-03-01 20:00:00,NetBanking,Razorpay,787.58,Failed
pay_104094,m_1004,cust_1220,2026-03-01 20:00:00,UPI,Razorpay,722.96,Failed
pay_101447,m_1004,cust_1221,2026-03-01 20:00:00,UPI,Razorpay,2581.67,Failed
pay_100194,m_1002,cust_1222,2026-03-01 21:00:00,UPI,HDFC Gateway,2715.07,Failed
pay_103838,m_1002,cust_1223,2026-03-01 21:00:00,Card,Razorpay,1439.45,Success
pay_101809,m_1004,cust_1224,2026-03-01 22:00:00,NetBanking,Razorpay,3604.61,Failed
pay_101375,m_1002,cust_1225,2026-03-01 23:00:00,UPI,ICICI UPI,2822.99,Failed
pay_104981,m_1001,cust_1226,2026-03-01 23:00:00,Card,HDFC Gateway,1193.01,Success
pay_100514,m_1002,cust_1227,2026-03-01 23:00:00,Wallet,Razorpay,9040.26,Failed
pay_100683,m_1001,cust_1228,2026-03-02 00:00:00,NetBanking,ICICI UPI,886.61,Failed
pay_103644,m_1002,cust_1229,2026-03-02 00:00:00,UPI,HDFC Gateway,1796.41,Failed
pay_102769,m_1002,cust_1230,2026-03-02 01:00:00,UPI,HDFC Gateway,1593.9,Success
pay_100273,m_1002,cust_1231,2026-03-02 02:00:00,UPI,SBI Card Gateway,11977.61,Failed
pay_101053,m_1001,cust_1232,2026-03-02 02:00:00,Card,SBI Card Gateway,34723.02,Success
pay_103487,m_1001,cust_1233,2026-03-02 02:00:00,UPI,Razorpay,2145.1,Failed
pay_101082,m_1000,cust_1234,2026-03-02 04:00:00,UPI,SBI Card Gateway,3849.67,Failed
pay_104871,m_1001,cust_1235,2026-03-02 08:00:00,Wallet,HDFC Gateway,664.31,Success
pay_102542,m_1001,cust_1236,2026-03-02 10:00:00,UPI,Razorpay,713.63,Failed
pay_103035,m_1001,cust_1237,2026-03-02 12:00:00,Card,Razorpay,10874.33,Success
pay_102388,m_1000,cust_1238,2026-03-02 14:00:00,NetBanking,HDFC Gateway,3093.6,Success
pay_100447,m_1001,cust_1239,2026-03-02 14:00:00,UPI,Razorpay,1563.19,Success
pay_101439,m_1004,cust_1240,2026-03-02 15:00:00,NetBanking,Razorpay,2004.87,Failed
pay_104598,m_1000,cust_1241,2026-03-02 15:00:00,Card,HDFC Gateway,822.07,Failed
pay_101783,m_1002,cust_1242,2026-03-02 17:00:00,Card,Razorpay,1170.11,Failed
pay_102164,m_1001,cust_1243,2026-03-02 19:00:00,UPI,SBI Card Gateway,2566.72,Success
pay_100292,m_1002,cust_1244,2026-03-02 22:00:00,NetBanking,SBI Card Gateway,8949.43,Failed
pay_101268,m_1004,cust_1245,2026-03-03 01:00:00,UPI,ICICI UPI,1834.63,Failed
pay_101933,m_1001,cust_1246,2026-03-03 01:00:00,Card,HDFC Gateway,4209.08,Failed
pay_103839,m_1004,cust_1247,2026-03-03 01:00:00,Card,HDFC Gateway,896.23,Success
pay_104642,m_1004,cust_1248,2026-03-03 02:00:00,Card,Razorpay,417.7,Failed
pay_102386,m_1003,cust_1249,2026-03-03 02:00:00,UPI,SBI Card Gateway,3458.17,Failed
pay_104005,m_1003,cust_1000,2026-03-03 02:00:00,NetBanking,ICICI UPI,3589.35,Failed
pay_103574,m_1000,cust_1001,2026-03-03 02:00:00,Card,HDFC Gateway,6732.96,Failed
pay_102121,m_1001,cust_1002,2026-03-03 02:00:00,Card,Razorpay,6286.93,Failed
pay_101831,m_1004,cust_1003,2026-03-03 02:00:00,UPI,SBI Card Gateway,980.54,Success
pay_100339,m_1002,cust_1004,2026-03-03 02:00:00,Card,HDFC Gateway,4378.76,Failed
pay_100670,m_1002,cust_1005,2026-03-03 04:00:00,UPI,ICICI UPI,1676.95,Failed
pay_104198,m_1002,cust_1006,2026-03-03 04:00:00,Wallet,SBI Card Gateway,6061.28,Failed
pay_101929,m_1003,cust_1007,2026-03-03 05:00:00,NetBanking,Razorpay,11022.55,Success
pay_103901,m_1004,cust_1008,2026-03-03 06:00:00,Card,Razorpay,1890.88,Success
pay_101294,m_1004,cust_1009,2026-03-03 07:00:00,Card,Razorpay,6548.31,Success
pay_100775,m_1001,cust_1010,2026-03-03 09:00:00,UPI,ICICI UPI,3461.54,Failed
pay_102027,m_1004,cust_1011,2026-03-03 14:00:00,Card,Razorpay,1446.45,Failed
pay_101420,m_1003,cust_1012,2026-03-03 15:00:00,Card,Axis Wallet,8085.92,Success
pay_104467,m_1000,cust_1013,2026-03-03 15:00:00,UPI,Axis Wallet,3450.14,Success
pay_101726,m_1002,cust_1014,2026-03-03 16:00:00,Card,Axis Wallet,1262.24,Failed
pay_100964,m_1002,cust_1015,2026-03-03 18:00:00,Card,Razorpay,1594.25,Failed
pay_103185,m_1000,cust_1016,2026-03-03 18:00:00,UPI,Razorpay,1647.33,Success
pay_104601,m_1000,cust_1017,2026-03-03 19:00:00,NetBanking,Axis Wallet,4045.15,Failed
pay_100762,m_1002,cust_1018,2026-03-03 19:00:00,UPI,Razorpay,665.43,Success
pay_100639,m_1002,cust_1019,2026-03-03 19:00:00,UPI,Razorpay,1571.13,Failed
pay_102907,m_1004,cust_1020,2026-03-03 19:00:00,Card,SBI Card Gateway,384.94,Failed
pay_102527,m_1003,cust_1021,2026-03-03 20:00:00,UPI,ICICI UPI,362.79,Failed
pay_100570,m_1004,cust_1022,2026-03-03 20:00:00,Card,Razorpay,2516.08,Failed
pay_104686,m_1004,cust_1023,2026-03-03 22:00:00,UPI,Razorpay,4068.75,Success
pay_103440,m_1000,cust_1024,2026-03-03 23:00:00,NetBanking,Axis Wallet,1208.16,Failed
pay_100382,m_1000,cust_1025,2026-03-04 00:00:00,UPI,ICICI UPI,4273.43,Failed
pay_100948,m_1001,cust_1026,2026-03-04 00:00:00,Card,Razorpay,2182.0,Success
pay_102053,m_1004,cust_1027,2026-03-04 01:00:00,Card,Razorpay,1793.59,Failed
pay_104437,m_1004,cust_1028,2026-03-04 01:00:00,Card,HDFC Gateway,3046.81,Failed
pay_102743,m_1004,cust_1029,2026-03-04 02:00:00,Card,ICICI UPI,2173.51,Failed
pay_103960,m_1004,cust_1030,2026-03-04 04:00:00,Wallet,Razorpay,30553.06,Success
pay_104910,m_1003,cust_1031,2026-03-04 05:00:00,UPI,Razorpay,3274.57,Failed
pay_102396,m_1002,cust_1032,2026-03-04 05:00:00,UPI,Razorpay,1192.8,Success
pay_102220,m_1001,cust_1033,2026-03-04 08:00:00,Card,ICICI UPI,2468.42,Failed
pay_100693,m_1002,cust_1034,2026-03-04 08:00:00,UPI,ICICI UPI,1619.54,Failed
pay_100925,m_1003,cust_1035,2026-03-04 08:00:00,UPI,ICICI UPI,2566.63,Success
pay_102917,m_1000,cust_1036,2026-03-04 09:00:00,NetBanking,Razorpay,12291.58,Failed
pay_102619,m_1004,cust_1037,2026-03-04 10:00:00,Wallet,Razorpay,1300.11,Success
pay_104121,m_1003,cust_1038,2026-03-04 10:00:00,UPI,Razorpay,2513.87,Failed
pay_103461,m_1000,cust_1039,2026-03-04 11:00:00,Card,Razorpay,3656.11,Failed
pay_104722,m_1002,cust_1040,2026-03-04 12:00:00,Card,Razorpay,8627.24,Failed
pay_104236,m_1000,cust_1041,2026-03-04 13:00:00,Wallet,SBI Card Gateway,5910.88,Failed
pay_104964,m_1001,cust_1042,2026-03-04 13:00:00,Card,Razorpay,2401.91,Failed
pay_103704,m_1003,cust_1043,2026-03-04 14:00:00,UPI,Razorpay,1653.21,Success
pay_104959,m_1000,cust_1044,2026-03-04 16:00:00,UPI,ICICI UPI,1517.57,Success
pay_103309,m_1002,cust_1045,2026-03-04 17:00:00,UPI,Razorpay,2879.2,Failed
pay_102827,m_1002,cust_1046,2026-03-04 19:00:00,UPI,Razorpay,3091.92,Failed
pay_101680,m_1002,cust_1047,2026-03-04 22:00:00,Card,Razorpay,7828.37,Failed
pay_103955,m_1003,cust_1048,2026-03-04 23:00:00,Card,ICICI UPI,1382.6,Failed
pay_104073,m_1004,cust_1049,2026-03-04 23:00:00,Card,Axis Wallet,3150.16,Failed
pay_101873,m_1002,cust_1050,2026-03-05 03:00:00,UPI,Axis Wallet,511.31,Failed
pay_101836,m_1000,cust_1051,2026-03-05 04:00:00,Card,HDFC Gateway,4581.4,Failed
pay_103687,m_1001,cust_1052,2026-03-05 05:00:00,UPI,SBI Card Gateway,1635.95,Failed
pay_100935,m_1004,cust_1053,2026-03-05 07:00:00,UPI,Razorpay,5227.07,Failed
pay_101108,m_1003,cust_1054,2026-03-05 07:00:00,Card,ICICI UPI,4724.75,Failed
pay_100080,m_1002,cust_1055,2026-03-05 08:00:00,Card,Razorpay,6278.66,Success
pay_104380,m_1000,cust_1056,2026-03-05 09:00:00,Card,Razorpay,1984.93,Failed
pay_101909,m_1000,cust_1057,2026-03-05 10:00:00,Card,SBI Card Gateway,6466.65,Success
pay_102712,m_1001,cust_1058,2026-03-05 10:00:00,Card,Axis Wallet,820.76,Success
pay_102096,m_1004,cust_1059,2026-03-05 11:00:00,UPI,Razorpay,2706.92,Failed
pay_101688,m_1002,cust_1060,2026-03-05 12:00:00,Card,HDFC Gateway,6019.04,Failed
pay_100318,m_1002,cust_1061,2026-03-05 15:00:00,Wallet,Razorpay,16481.34,Failed
pay_103742,m_1004,cust_1062,2026-03-05 15:00:00,Card,Razorpay,2609.33,Failed
pay_103171,m_1000,cust_1063,2026-03-05 15:00:00,UPI,SBI Card Gateway,1591.84,Failed
pay_104476,m_1001,cust_1064,2026-03-05 15:00:00,Card,SBI Card Gateway,3655.43,Success
pay_103552,m_1003,cust_1065,2026-03-05 15:00:00,UPI,Razorpay,6091.78,Failed
pay_103351,m_1004,cust_1066,2026-03-05 16:00:00,NetBanking,ICICI UPI,1998.7,Failed
pay_102232,m_1003,cust_1067,2026-03-05 16:00:00,UPI,ICICI UPI,6115.47,Failed
pay_103920,m_1001,cust_1068,2026-03-05 17:00:00,NetBanking,Axis Wallet,3601.35,Success
pay_101446,m_1000,cust_1069,2026-03-05 18:00:00,NetBanking,Razorpay,2947.92,Failed
pay_100180,m_1000,cust_1070,2026-03-05 18:00:00,NetBanking,Razorpay,1049.59,Success
pay_100285,m_1001,cust_1071,2026-03-05 19:00:00,UPI,Razorpay,1547.9,Failed
pay_104403,m_1000,cust_1072,2026-03-05 22:00:00,Card,HDFC Gateway,1423.4,Failed
pay_100381,m_1000,cust_1073,2026-03-05 23:00:00,Card,Razorpay,584.34,Failed
pay_104207,m_1001,cust_1074,2026-03-05 23:00:00,Wallet,ICICI UPI,4810.74,Success
pay_102790,m_1002,cust_1075,2026-03-05 23:00:00,Card,ICICI UPI,1495.97,Failed
pay_102952,m_1000,cust_1076,2026-03-06 00:00:00,UPI,Razorpay,2920.55,Success
pay_102941,m_1004,cust_1077,2026-03-06 00:00:00,Card,Razorpay,1927.28,Failed
pay_102288,m_1001,cust_1078,2026-03-06 01:00:00,Wallet,Razorpay,2346.09,Failed
pay_100763,m_1000,cust_1079,2026-03-06 02:00:00,NetBanking,HDFC Gateway,1196.04,Failed
pay_100753,m_1003,cust_1080,2026-03-06 02:00:00,UPI,HDFC Gateway,5354.22,Failed
pay_102648,m_1004,cust_1081,2026-03-06 02:00:00,UPI,Razorpay,3352.18,Success
pay_102877,m_1002,cust_1082,2026-03-06 02:00:00,UPI,Axis Wallet,15783.71,Failed
pay_100347,m_1002,cust_1083,2026-03-06 03:00:00,Card,Razorpay,9917.82,Failed
pay_100679,m_1001,cust_1084,2026-03-06 03:00:00,Card,SBI Card Gateway,5649.52,Failed
pay_102147,m_1002,cust_1085,2026-03-06 03:00:00,NetBanking,Razorpay,3028.0,Success
pay_102168,m_1002,cust_1086,2026-03-06 03:00:00,UPI,SBI Card Gateway,3384.41,Failed
pay_102630,m_1001,cust_1087,2026-03-06 04:00:00,UPI,HDFC Gateway,3818.85,Failed
pay_102781,m_1003,cust_1088,2026-03-06 04:00:00,Card,ICICI UPI,1353.04,Success
pay_102457,m_1000,cust_1089,2026-03-06 05:00:00,Card,HDFC Gateway,2000.43,Success
pay_101765,m_1000,cust_1090,2026-03-06 06:00:00,UPI,Axis Wallet,1245.56,Success
pay_102694,m_1001,cust_1091,2026-03-06 08:00:00,Card,Razorpay,3837.88,Success
pay_103438,m_1003,cust_1092,2026-03-06 08:00:00,UPI,Razorpay,1769.57,Failed
pay_101442,m_1004,cust_1093,2026-03-06 09:00:00,UPI,Razorpay,4460.23,Failed
pay_100408,m_1000,cust_1094,2026-03-06 10:00:00,Card,Razorpay,713.25,Failed
pay_104272,m_1004,cust_1095,2026-03-06 15:00:00,NetBanking,SBI Card Gateway,1824.07,Success
pay_100490,m_1003,cust_1096,2026-03-06 15:00:00,UPI,SBI Card Gateway,3936.76,Success
pay_102886,m_1001,cust_1097,2026-03-06 16:00:00,UPI,ICICI UPI,1489.43,Success
pay_102227,m_1000,cust_1098,2026-03-06 16:00:00,Card,HDFC Gateway,31709.91,Failed
pay_101532,m_1003,cust_1099,2026-03-06 16:00:00,UPI,ICICI UPI,12106.96,Success
pay_100469,m_1004,cust_1100,2026-03-06 16:00:00,UPI,Razorpay,2090.73,Failed
pay_103733,m_1003,cust_1101,2026-03-06 16:00:00,NetBanking,Axis Wallet,5355.21,Failed
pay_102571,m_1001,cust_1102,2026-03-06 17:00:00,Wallet,Razorpay,4901.65,Failed
pay_104819,m_1004,cust_1103,2026-03-06 21:00:00,UPI,Axis Wallet,1585.82,Failed
pay_104988,m_1001,cust_1104,2026-03-06 21:00:00,Card,HDFC Gateway,4235.31,Success
pay_101976,m_1001,cust_1105,2026-03-06 21:00:00,UPI,Razorpay,1144.7,Failed
pay_102732,m_1001,cust_1106,2026-03-06 22:00:00,UPI,ICICI UPI,4967.76,Failed
pay_101272,m_1001,cust_1107,2026-03-06 22:00:00,Wallet,Razorpay,569.78,Failed
pay_100692,m_1000,cust_1108,2026-03-06 23:00:00,UPI,Razorpay,5210.58,Failed
pay_101750,m_1002,cust_1109,2026-03-06 23:00:00,NetBanking,Razorpay,1107.21,Failed
pay_101142,m_1000,cust_1110,2026-03-06 23:00:00,Card,Razorpay,3501.15,Failed
pay_104839,m_1004,cust_1111,2026-03-06 23:00:00,UPI,Razorpay,498.69,Failed
pay_100721,m_1003,cust_1112,2026-03-07 00:00:00,UPI,Razorpay,2672.85,Failed
pay_102674,m_1001,cust_1113,2026-03-07 00:00:00,UPI,SBI Card Gateway,277.94,Success
pay_102412,m_1002,cust_1114,2026-03-07 01:00:00,Wallet,Razorpay,1225.33,Failed
pay_102861,m_1003,cust_1115,2026-03-07 02:00:00,NetBanking,ICICI UPI,3280.4,Success
pay_101515,m_1001,cust_1116,2026-03-07 03:00:00,UPI,HDFC Gateway,1984.52,Failed
pay_104131,m_1002,cust_1117,2026-03-07 04:00:00,Wallet,ICICI UPI,3298.96,Success
pay_103002,m_1000,cust_1118,2026-03-07 05:00:00,NetBanking,Axis Wallet,3926.21,Failed
pay_103113,m_1003,cust_1119,2026-03-07 05:00:00,UPI,Razorpay,6948.28,Success
pay_103312,m_1003,cust_1120,2026-03-07 05:00:00,UPI,HDFC Gateway,2249.93,Failed
pay_104435,m_1000,cust_1121,2026-03-07 06:00:00,NetBanking,ICICI UPI,1297.22,Failed
pay_103642,m_1000,cust_1122,2026-03-07 06:00:00,Card,SBI Card Gateway,1415.57,Failed
pay_102499,m_1002,cust_1123,2026-03-07 06:00:00,UPI,Razorpay,8495.58,Success
pay_103895,m_1002,cust_1124,2026-03-07 07:00:00,NetBanking,Razorpay,2784.82,Failed
pay_104379,m_1000,cust_1125,2026-03-07 07:00:00,Card,ICICI UPI,3056.21,Failed
pay_102492,m_1003,cust_1126,2026-03-07 08:00:00,Card,ICICI UPI,935.41,Failed
pay_104291,m_1002,cust_1127,2026-03-07 08:00:00,Card,ICICI UPI,4282.82,Failed
pay_104087,m_1002,cust_1128,2026-03-07 09:00:00,UPI,HDFC Gateway,6462.19,Failed
pay_104850,m_1000,cust_1129,2026-03-07 10:00:00,Card,HDFC Gateway,5422.13,Failed
pay_104267,m_1001,cust_1130,2026-03-07 11:00:00,NetBanking,Razorpay,1914.54,Failed
pay_103494,m_1004,cust_1131,2026-03-07 13:00:00,Card,Razorpay,2315.7,Success
pay_103641,m_1003,cust_1132,2026-03-07 14:00:00,Card,Razorpay,2464.07,Failed
pay_100861,m_1001,cust_1133,2026-03-07 14:00:00,NetBanking,ICICI UPI,1663.13,Success
pay_103942,m_1004,cust_1134,2026-03-07 14:00:00,Card,Razorpay,4231.49,Failed
pay_100437,m_1003,cust_1135,2026-03-07 15:00:00,Wallet,HDFC Gateway,185.78,Success
pay_104231,m_1002,cust_1136,2026-03-07 15:00:00,UPI,ICICI UPI,3640.06,Success
pay_102611,m_1002,cust_1137,2026-03-07 16:00:00,UPI,HDFC Gateway,1741.06,Failed
pay_101181,m_1001,cust_1138,2026-03-07 16:00:00,UPI,SBI Card Gateway,6632.18,Success
pay_100420,m_1000,cust_1139,2026-03-07 16:00:00,UPI,SBI Card Gateway,2912.17,Failed
pay_104294,m_1000,cust_1140,2026-03-07 18:00:00,Card,Razorpay,2508.46,Failed
pay_102569,m_1003,cust_1141,2026-03-07 19:00:00,Card,SBI Card Gateway,6580.88,Failed
pay_103971,m_1001,cust_1142,2026-03-07 19:00:00,UPI,Razorpay,3645.96,Failed
pay_100023,m_1002,cust_1143,2026-03-07 19:00:00,Wallet,SBI Card Gateway,1339.25,Success
pay_100498,m_1002,cust_1144,2026-03-07 20:00:00,Card,Razorpay,1557.75,Failed
pay_104542,m_1002,cust_1145,2026-03-07 20:00:00,Card,SBI Card Gateway,7571.85,Success
pay_104368,m_1003,cust_1146,2026-03-07 20:00:00,Wallet,ICICI UPI,1926.38,Failed
pay_100576,m_1003,cust_1147,2026-03-07 23:00:00,NetBanking,Axis Wallet,12475.53,Failed
pay_103891,m_1001,cust_1148,2026-03-08 00:00:00,NetBanking,HDFC Gateway,863.68,Failed
pay_101066,m_1004,cust_1149,2026-03-08 00:00:00,NetBanking,Razorpay,3115.89,Success
pay_100263,m_1003,cust_1150,2026-03-08 02:00:00,UPI,Razorpay,4236.54,Success
pay_102532,m_1000,cust_1151,2026-03-08 03:00:00,UPI,Razorpay,1943.79,Failed
pay_100585,m_1000,cust_1152,2026-03-08 03:00:00,Card,HDFC Gateway,5887.97,Failed
pay_103899,m_1001,cust_1153,2026-03-08 03:00:00,Card,HDFC Gateway,2285.63,Failed
pay_100451,m_1001,cust_1154,2026-03-08 03:00:00,NetBanking,SBI Card Gateway,3329.34,Failed
pay_101261,m_1003,cust_1155,2026-03-08 04:00:00,NetBanking,ICICI UPI,2554.23,Failed
pay_103604,m_1000,cust_1156,2026-03-08 04:00:00,UPI,Razorpay,771.48,Failed
pay_101678,m_1002,cust_1157,2026-03-08 06:00:00,Card,ICICI UPI,1508.52,Failed
pay_101622,m_1001,cust_1158,2026-03-08 06:00:00,Card,SBI Card Gateway,7951.21,Success
pay_102623,m_1004,cust_1159,2026-03-08 07:00:00,Card,SBI Card Gateway,1956.3,Success
pay_102165,m_1002,cust_1160,2026-03-08 07:00:00,UPI,SBI Card Gateway,1850.73,Failed
pay_101989,m_1003,cust_1161,2026-03-08 08:00:00,Card,SBI Card Gateway,1627.4,Failed
pay_104978,m_1002,cust_1162,2026-03-08 09:00:00,NetBanking,SBI Card Gateway,3065.62,Success
pay_103275,m_1003,cust_1163,2026-03-08 10:00:00,Wallet,Razorpay,7088.42,Success
pay_100526,m_1003,cust_1164,2026-03-08 10:00:00,Wallet,Razorpay,1495.28,Failed
pay_104987,m_1000,cust_1165,2026-03-08 10:00:00,UPI,SBI Card Gateway,5028.8,Success
pay_103800,m_1000,cust_1166,2026-03-08 11:00:00,UPI,Razorpay,2167.62,Success
pay_102830,m_1004,cust_1167,2026-03-08 12:00:00,UPI,SBI Card Gateway,4036.34,Success
pay_100060,m_1003,cust_1168,2026-03-08 13:00:00,NetBanking,Razorpay,5014.82,Failed
pay_104429,m_1000,cust_1169,2026-03-08 14:00:00,Card,Axis Wallet,10254.87,Failed
pay_102013,m_1002,cust_1170,2026-03-08 16:00:00,UPI,HDFC Gateway,11950.17,Failed
pay_103519,m_1002,cust_1171,2026-03-08 16:00:00,Card,Razorpay,4167.92,Failed
pay_102960,m_1003,cust_1172,2026-03-08 17:00:00,UPI,HDFC Gateway,1035.86,Failed
pay_100732,m_1001,cust_1173,2026-03-08 17:00:00,Card,Razorpay,7373.95,Success
pay_103657,m_1000,cust_1174,2026-03-08 17:00:00,Card,Razorpay,3138.49,Failed
pay_104868,m_1001,cust_1175,2026-03-08 17:00:00,Card,Axis Wallet,2067.35,Failed
pay_102624,m_1001,cust_1176,2026-03-08 18:00:00,Wallet,Axis Wallet,1336.58,Failed
pay_103200,m_1001,cust_1177,2026-03-08 18:00:00,NetBanking,ICICI UPI,1578.21,Success
pay_103844,m_1001,cust_1178,2026-03-08 20:00:00,Card,Razorpay,12922.38,Failed
pay_104430,m_1003,cust_1179,2026-03-08 20:00:00,UPI,Razorpay,1482.44,Failed
pay_101005,m_1001,cust_1180,2026-03-08 20:00:00,UPI,Axis Wallet,5432.95,Failed
pay_100529,m_1003,cust_1181,2026-03-08 20:00:00,Card,Razorpay,2161.56,Failed
pay_101971,m_1004,cust_1182,2026-03-08 21:00:00,UPI,Axis Wallet,1515.55,Failed
pay_100968,m_1003,cust_1183,2026-03-08 22:00:00,Card,Razorpay,5363.19,Failed
pay_101080,m_1002,cust_1184,2026-03-08 23:00:00,Card,Razorpay,7034.08,Failed
pay_101704,m_1003,cust_1185,2026-03-09 00:00:00,UPI,Razorpay,6540.23,Failed
pay_100714,m_1001,cust_1186,2026-03-09 00:00:00,Card,HDFC Gateway,1749.99,Failed
pay_103748,m_1002,cust_1187,2026-03-09 03:00:00,UPI,Razorpay,1423.62,Failed
pay_104639,m_1004,cust_1188,2026-03-09 03:00:00,NetBanking,SBI Card Gateway,3361.2,Failed
pay_101102,m_1001,cust_1189,2026-03-09 05:00:00,Card,Razorpay,1033.71,Success
pay_100668,m_1001,cust_1190,2026-03-09 05:00:00,UPI,Razorpay,289.37,Failed
pay_104958,m_1003,cust_1191,2026-03-09 05:00:00,NetBanking,Razorpay,3268.43,Failed
pay_101529,m_1003,cust_1192,2026-03-09 05:00:00,Card,Razorpay,3910.7,Failed
pay_101563,m_1002,cust_1193,2026-03-09 05:00:00,UPI,HDFC Gateway,3291.26,Failed
pay_104730,m_1004,cust_1194,2026-03-09 06:00:00,Card,HDFC Gateway,2475.13,Success
pay_100803,m_1003,cust_1195,2026-03-09 07:00:00,UPI,Axis Wallet,2943.91,Success
pay_104828,m_1004,cust_1196,2026-03-09 07:00:00,Card,Razorpay,6210.07,Failed
pay_102382,m_1002,cust_1197,2026-03-09 09:00:00,NetBanking,Axis Wallet,521.64,Failed
pay_103444,m_1000,cust_1198,2026-03-09 09:00:00,Card,ICICI UPI,8002.65,Failed
pay_103401,m_1000,cust_1199,2026-03-09 09:00:00,Card,Razorpay,606.13,Success
pay_100152,m_1002,cust_1200,2026-03-09 10:00:00,UPI,ICICI UPI,816.96,Failed
pay_103329,m_1002,cust_1201,2026-03-09 11:00:00,Card,Razorpay,1860.43,Failed
pay_101169,m_1000,cust_1202,2026-03-09 12:00:00,NetBanking,Axis Wallet,532.09,Failed
pay_104334,m_1004,cust_1203,2026-03-09 14:00:00,UPI,ICICI UPI,3653.92,Success
pay_101947,m_1000,cust_1204,2026-03-09 14:00:00,Card,Razorpay,5291.0,Success
pay_100641,m_1003,cust_1205,2026-03-09 16:00:00,NetBanking,Razorpay,2599.25,Failed
pay_100323,m_1004,cust_1206,2026-03-09 17:00:00,Card,Razorpay,1731.86,Failed
pay_102530,m_1003,cust_1207,2026-03-09 18:00:00,UPI,SBI Card Gateway,6641.36,Failed
pay_102795,m_1001,cust_1208,2026-03-09 18:00:00,Card,HDFC Gateway,4876.49,Failed
pay_102304,m_1004,cust_1209,2026-03-09 19:00:00,Card,ICICI UPI,14222.02,Success
pay_101353,m_1003,cust_1210,2026-03-09 20:00:00,UPI,ICICI UPI,2080.32,Failed
pay_101950,m_1001,cust_1211,2026-03-09 20:00:00,NetBanking,ICICI UPI,12995.51,Failed
pay_100528,m_1002,cust_1212,2026-03-09 21:00:00,UPI,HDFC Gateway,3134.9,Failed
pay_102112,m_1001,cust_1213,2026-03-10 00:00:00,Card,Razorpay,18408.02,Failed
pay_101506,m_1003,cust_1214,2026-03-10 01:00:00,Card,Razorpay,3521.74,Success
pay_100942,m_1001,cust_1215,2026-03-10 03:00:00,Card,Razorpay,1190.29,Success
pay_102632,m_1002,cust_1216,2026-03-10 04:00:00,Wallet,Razorpay,2747.78,Failed
pay_102100,m_1001,cust_1217,2026-03-10 05:00:00,UPI,Razorpay,1727.62,Success
pay_103201,m_1001,cust_1218,2026-03-10 05:00:00,UPI,Razorpay,708.34,Success
pay_103383,m_1001,cust_1219,2026-03-10 06:00:00,UPI,HDFC Gateway,614.23,Failed
pay_101707,m_1000,cust_1220,2026-03-10 08:00:00,UPI,Razorpay,6080.27,Success
pay_102163,m_1001,cust_1221,2026-03-10 08:00:00,Card,Razorpay,914.62,Success
pay_104248,m_1003,cust_1222,2026-03-10 09:00:00,UPI,SBI Card Gateway,1935.08,Failed
pay_102893,m_1000,cust_1223,2026-03-10 09:00:00,UPI,Razorpay,314.27,Failed
pay_104152,m_1003,cust_1224,2026-03-10 11:00:00,Wallet,Razorpay,907.89,Failed
pay_104514,m_1000,cust_1225,2026-03-10 11:00:00,Card,Razorpay,2129.87,Success
pay_102784,m_1003,cust_1226,2026-03-10 12:00:00,Card,Razorpay,2209.33,Failed
pay_100839,m_1002,cust_1227,2026-03-10 17:00:00,Card,SBI Card Gateway,1096.56,Failed
pay_102113,m_1003,cust_1228,2026-03-10 18:00:00,UPI,ICICI UPI,6896.87,Success
pay_102692,m_1003,cust_1229,2026-03-10 19:00:00,Wallet,Axis Wallet,3573.97,Failed
pay_104513,m_1003,cust_1230,2026-03-10 20:00:00,Card,ICICI UPI,654.0,Failed
pay_103589,m_1000,cust_1231,2026-03-10 20:00:00,Card,Razorpay,1723.95,Failed
pay_103094,m_1000,cust_1232,2026-03-10 20:00:00,UPI,Razorpay,26168.55,Success
pay_101153,m_1000,cust_1233,2026-03-10 21:00:00,NetBanking,Razorpay,214.99,Failed
pay_100842,m_1003,cust_1234,2026-03-10 22:00:00,UPI,Razorpay,2559.27,Failed
pay_101568,m_1002,cust_1235,2026-03-10 22:00:00,Card,Axis Wallet,2263.99,Failed
pay_101389,m_1004,cust_1236,2026-03-10 23:00:00,UPI,Razorpay,12443.89,Failed
pay_100201,m_1004,cust_1237,2026-03-11 01:00:00,NetBanking,Razorpay,1462.28,Success
pay_104822,m_1002,cust_1238,2026-03-11 01:00:00,UPI,Razorpay,24766.55,Success
pay_103127,m_1003,cust_1239,2026-03-11 01:00:00,Card,Razorpay,3225.59,Failed
pay_101286,m_1003,cust_1240,2026-03-11 05:00:00,Wallet,Razorpay,8078.1,Failed
pay_103297,m_1001,cust_1241,2026-03-11 06:00:00,UPI,Razorpay,4006.73,Failed
pay_101107,m_1003,cust_1242,2026-03-11 08:00:00,Card,SBI Card Gateway,4599.81,Success
pay_102067,m_1004,cust_1243,2026-03-11 08:00:00,Wallet,Razorpay,1449.79,Success
pay_104206,m_1004,cust_1244,2026-03-11 10:00:00,NetBanking,Razorpay,519.49,Failed
pay_103749,m_1002,cust_1245,2026-03-11 12:00:00,Card,Razorpay,2618.23,Success
pay_102286,m_1000,cust_1246,2026-03-11 12:00:00,Card,HDFC Gateway,1230.5,Failed
pay_103703,m_1002,cust_1247,2026-03-11 13:00:00,Card,Razorpay,1122.19,Failed
pay_103909,m_1002,cust_1248,2026-03-11 13:00:00,UPI,HDFC Gateway,1475.3,Success
pay_100066,m_1003,cust_1249,2026-03-11 15:00:00,UPI,ICICI UPI,964.45,Failed
pay_100344,m_1003,cust_1000,2026-03-11 15:00:00,UPI,HDFC Gateway,545.77,Success
pay_101731,m_1004,cust_1001,2026-03-11 21:00:00,UPI,HDFC Gateway,4403.92,Failed
pay_103825,m_1001,cust_1002,2026-03-11 22:00:00,Card,HDFC Gateway,2872.59,Failed
pay_104080,m_1000,cust_1003,2026-03-11 22:00:00,Card,HDFC Gateway,10897.12,Failed
pay_102988,m_1000,cust_1004,2026-03-12 00:00:00,Card,SBI Card Gateway,1913.52,Success
pay_101205,m_1003,cust_1005,2026-03-12 00:00:00,UPI,HDFC Gateway,5571.4,Success
pay_101036,m_1001,cust_1006,2026-03-12 02:00:00,Card,Razorpay,1212.56,Failed
pay_103517,m_1001,cust_1007,2026-03-12 02:00:00,UPI,Axis Wallet,5976.05,Failed
pay_102777,m_1003,cust_1008,2026-03-12 02:00:00,UPI,Razorpay,775.37,Success
pay_100591,m_1003,cust_1009,2026-03-12 03:00:00,NetBanking,Razorpay,5536.95,Failed
pay_101427,m_1003,cust_1010,2026-03-12 03:00:00,UPI,Razorpay,3137.78,Failed
pay_100219,m_1004,cust_1011,2026-03-12 03:00:00,Card,HDFC Gateway,7036.33,Failed
pay_102938,m_1003,cust_1012,2026-03-12 03:00:00,NetBanking,Razorpay,9036.8,Failed
pay_101314,m_1003,cust_1013,2026-03-12 04:00:00,UPI,Razorpay,7996.77,Failed
pay_101825,m_1003,cust_1014,2026-03-12 07:00:00,UPI,HDFC Gateway,6655.69,Failed
pay_104980,m_1001,cust_1015,2026-03-12 09:00:00,UPI,Razorpay,571.75,Success
pay_103108,m_1001,cust_1016,2026-03-12 11:00:00,NetBanking,HDFC Gateway,1126.3,Success
pay_100178,m_1001,cust_1017,2026-03-12 12:00:00,UPI,HDFC Gateway,3982.08,Failed
pay_104849,m_1000,cust_1018,2026-03-12 13:00:00,UPI,SBI Card Gateway,1733.27,Success
pay_104189,m_1002,cust_1019,2026-03-12 14:00:00,NetBanking,HDFC Gateway,2005.95,Success
pay_104932,m_1000,cust_1020,2026-03-12 17:00:00,NetBanking,Razorpay,214.71,Failed
pay_102837,m_1004,cust_1021,2026-03-12 19:00:00,UPI,Razorpay,8046.6,Failed
pay_104596,m_1004,cust_1022,2026-03-12 19:00:00,UPI,Razorpay,593.87,Failed
pay_104449,m_1003,cust_1023,2026-03-12 22:00:00,Card,Axis Wallet,4329.07,Success
pay_104432,m_1001,cust_1024,2026-03-12 22:00:00,NetBanking,HDFC Gateway,5948.78,Failed
pay_100739,m_1003,cust_1025,2026-03-12 22:00:00,UPI,Razorpay,1715.8,Success
pay_104619,m_1003,cust_1026,2026-03-12 23:00:00,UPI,SBI Card Gateway,1345.67,Success
pay_100094,m_1001,cust_1027,2026-03-12 23:00:00,NetBanking,HDFC Gateway,22430.97,Success
pay_101470,m_1000,cust_1028,2026-03-13 00:00:00,UPI,Razorpay,514.62,Failed
pay_103242,m_1001,cust_1029,2026-03-13 01:00:00,Wallet,Razorpay,998.34,Failed
pay_101631,m_1002,cust_1030,2026-03-13 02:00:00,Card,Razorpay,4558.58,Success
pay_103830,m_1003,cust_1031,2026-03-13 02:00:00,UPI,ICICI UPI,5712.62,Failed
pay_100827,m_1004,cust_1032,2026-03-13 03:00:00,Card,ICICI UPI,6531.26,Failed
pay_104564,m_1001,cust_1033,2026-03-13 03:00:00,Card,Razorpay,1972.83,Success
pay_101383,m_1004,cust_1034,2026-03-13 03:00:00,Card,Razorpay,2483.11,Success
pay_101556,m_1003,cust_1035,2026-03-13 05:00:00,UPI,Razorpay,730.8,Failed
pay_102977,m_1000,cust_1036,2026-03-13 05:00:00,Card,Axis Wallet,25089.94,Success
pay_101877,m_1004,cust_1037,2026-03-13 07:00:00,UPI,Razorpay,20713.08,Success
pay_100303,m_1001,cust_1038,2026-03-13 07:00:00,Card,Razorpay,1469.43,Failed
pay_101303,m_1002,cust_1039,2026-03-13 09:00:00,NetBanking,Razorpay,8227.29,Failed
pay_104281,m_1003,cust_1040,2026-03-13 10:00:00,UPI,Razorpay,6637.43,Success
pay_103029,m_1004,cust_1041,2026-03-13 13:00:00,UPI,SBI Card Gateway,2343.36,Failed
pay_104405,m_1004,cust_1042,2026-03-13 13:00:00,NetBanking,ICICI UPI,452.94,Failed
pay_102445,m_1003,cust_1043,2026-03-13 14:00:00,UPI,Razorpay,1691.15,Failed
pay_102060,m_1002,cust_1044,2026-03-13 15:00:00,UPI,Axis Wallet,765.19,Failed
pay_104333,m_1004,cust_1045,2026-03-13 18:00:00,UPI,Razorpay,2331.42,Success
pay_100578,m_1004,cust_1046,2026-03-13 18:00:00,UPI,HDFC Gateway,926.49,Failed
pay_100363,m_1003,cust_1047,2026-03-13 19:00:00,Card,ICICI UPI,8941.33,Failed
pay_100047,m_1000,cust_1048,2026-03-13 20:00:00,Card,Razorpay,2089.97,Success
pay_102299,m_1003,cust_1049,2026-03-13 21:00:00,UPI,Razorpay,3747.54,Failed
pay_103819,m_1003,cust_1050,2026-03-13 21:00:00,NetBanking,ICICI UPI,895.29,Success
pay_104807,m_1002,cust_1051,2026-03-13 23:00:00,UPI,SBI Card Gateway,1984.1,Success
pay_102041,m_1003,cust_1052,2026-03-13 23:00:00,NetBanking,ICICI UPI,4923.47,Failed
pay_102470,m_1000,cust_1053,2026-03-14 00:00:00,Card,Axis Wallet,1755.43,Failed
pay_100388,m_1001,cust_1054,2026-03-14 01:00:00,UPI,HDFC Gateway,1230.16,Failed
pay_103794,m_1004,cust_1055,2026-03-14 02:00:00,UPI,Razorpay,6940.46,Failed
pay_104862,m_1003,cust_1056,2026-03-14 02:00:00,UPI,ICICI UPI,4696.85,Failed
pay_100357,m_1004,cust_1057,2026-03-14 02:00:00,Card,Razorpay,1194.88,Failed
pay_100361,m_1004,cust_1058,2026-03-14 06:00:00,Card,Razorpay,2937.94,Failed
pay_101388,m_1004,cust_1059,2026-03-14 06:00:00,UPI,SBI Card Gateway,328.74,Failed
pay_102451,m_1004,cust_1060,2026-03-14 09:00:00,NetBanking,Razorpay,1207.32,Failed
pay_103161,m_1002,cust_1061,2026-03-14 10:00:00,UPI,SBI Card Gateway,16847.17,Failed
pay_101605,m_1001,cust_1062,2026-03-14 10:00:00,UPI,Razorpay,582.6,Failed
pay_101691,m_1002,cust_1063,2026-03-14 11:00:00,Card,ICICI UPI,1160.85,Success
pay_103125,m_1002,cust_1064,2026-03-14 11:00:00,UPI,HDFC Gateway,586.9,Success
pay_104716,m_1001,cust_1065,2026-03-14 13:00:00,Card,ICICI UPI,1671.6,Success
pay_100564,m_1002,cust_1066,2026-03-14 14:00:00,Card,HDFC Gateway,1705.99,Failed
pay_104468,m_1000,cust_1067,2026-03-14 15:00:00,UPI,SBI Card Gateway,2473.3,Failed
pay_104700,m_1003,cust_1068,2026-03-14 17:00:00,Wallet,Razorpay,1948.67,Failed
pay_102497,m_1003,cust_1069,2026-03-14 17:00:00,UPI,ICICI UPI,2443.24,Success
pay_101911,m_1000,cust_1070,2026-03-14 18:00:00,NetBanking,Razorpay,542.31,Success
pay_103505,m_1003,cust_1071,2026-03-14 18:00:00,Card,SBI Card Gateway,2936.67,Success
pay_104573,m_1001,cust_1072,2026-03-14 18:00:00,UPI,HDFC Gateway,772.96,Failed
pay_100034,m_1002,cust_1073,2026-03-14 19:00:00,Wallet,ICICI UPI,16668.81,Failed
pay_101751,m_1002,cust_1074,2026-03-14 20:00:00,UPI,HDFC Gateway,10461.58,Failed
pay_101374,m_1003,cust_1075,2026-03-14 21:00:00,UPI,SBI Card Gateway,6599.43,Failed
pay_102090,m_1002,cust_1076,2026-03-14 21:00:00,Card,Razorpay,1319.39,Failed
pay_101323,m_1002,cust_1077,2026-03-15 01:00:00,NetBanking,HDFC Gateway,5249.7,Failed
pay_101003,m_1004,cust_1078,2026-03-15 01:00:00,Wallet,Razorpay,10213.25,Success
pay_104712,m_1004,cust_1079,2026-03-15 01:00:00,Wallet,HDFC Gateway,3736.95,Success
pay_100374,m_1001,cust_1080,2026-03-15 02:00:00,Card,SBI Card Gateway,6658.08,Failed
pay_104727,m_1004,cust_1081,2026-03-15 02:00:00,UPI,Razorpay,3132.37,Failed
pay_103473,m_1001,cust_1082,2026-03-15 04:00:00,UPI,HDFC Gateway,2523.73,Failed
pay_104011,m_1003,cust_1083,2026-03-15 07:00:00,Card,SBI Card Gateway,6751.41,Failed
pay_102239,m_1003,cust_1084,2026-03-15 08:00:00,NetBanking,Razorpay,1292.8,Failed
pay_102756,m_1003,cust_1085,2026-03-15 11:00:00,UPI,Razorpay,614.16,Failed
pay_100903,m_1003,cust_1086,2026-03-15 11:00:00,Card,Axis Wallet,1808.29,Success
pay_104989,m_1001,cust_1087,2026-03-15 13:00:00,NetBanking,Razorpay,2249.16,Failed
pay_101814,m_1001,cust_1088,2026-03-15 13:00:00,Card,Axis Wallet,8849.53,Failed
pay_103427,m_1000,cust_1089,2026-03-15 14:00:00,Card,Axis Wallet,5596.51,Success
pay_103238,m_1004,cust_1090,2026-03-15 16:00:00,UPI,Razorpay,5089.26,Failed
pay_103045,m_1004,cust_1091,2026-03-15 17:00:00,NetBanking,Razorpay,5291.36,Failed
pay_103547,m_1003,cust_1092,2026-03-15 20:00:00,UPI,ICICI UPI,2113.33,Success
pay_100516,m_1001,cust_1093,2026-03-15 22:00:00,UPI,HDFC Gateway,1706.33,Failed
pay_103580,m_1004,cust_1094,2026-03-15 22:00:00,UPI,Razorpay,4347.7,Failed
pay_103578,m_1000,cust_1095,2026-03-15 23:00:00,NetBanking,Axis Wallet,2660.42,Failed
pay_101140,m_1000,cust_1096,2026-03-16 00:00:00,UPI,HDFC Gateway,4347.26,Failed
pay_101791,m_1002,cust_1097,2026-03-16 00:00:00,Card,HDFC Gateway,3517.18,Failed
pay_102700,m_1001,cust_1098,2026-03-16 00:00:00,Card,ICICI UPI,531.72,Failed
pay_104138,m_1000,cust_1099,2026-03-16 01:00:00,UPI,Razorpay,4636.5,Failed
pay_102650,m_1002,cust_1100,2026-03-16 02:00:00,UPI,Razorpay,7221.2,Success
pay_101370,m_1000,cust_1101,2026-03-16 02:00:00,UPI,Razorpay,2567.95,Failed
pay_101633,m_1004,cust_1102,2026-03-16 03:00:00,UPI,Razorpay,2618.92,Failed
pay_101712,m_1000,cust_1103,2026-03-16 05:00:00,UPI,Razorpay,903.48,Failed
pay_104329,m_1000,cust_1104,2026-03-16 07:00:00,UPI,Axis Wallet,2891.94,Success
pay_104864,m_1002,cust_1105,2026-03-16 08:00:00,UPI,ICICI UPI,2088.71,Failed
pay_100811,m_1000,cust_1106,2026-03-16 08:00:00,Card,HDFC Gateway,2811.53,Success
pay_101892,m_1000,cust_1107,2026-03-16 09:00:00,Card,Razorpay,8277.19,Failed
pay_102303,m_1004,cust_1108,2026-03-16 09:00:00,Card,Razorpay,696.78,Success
pay_101200,m_1003,cust_1109,2026-03-16 09:00:00,Card,Razorpay,6781.83,Failed
pay_102651,m_1004,cust_1110,2026-03-16 10:00:00,NetBanking,SBI Card Gateway,649.65,Failed
pay_101715,m_1000,cust_1111,2026-03-16 12:00:00,NetBanking,Razorpay,3716.5,Success
pay_102677,m_1000,cust_1112,2026-03-16 13:00:00,Card,HDFC Gateway,1850.72,Failed
pay_102000,m_1004,cust_1113,2026-03-16 13:00:00,Card,HDFC Gateway,1765.84,Failed
pay_100780,m_1000,cust_1114,2026-03-16 14:00:00,Card,Razorpay,384.2,Success
pay_102226,m_1004,cust_1115,2026-03-16 15:00:00,UPI,Razorpay,499.78,Success
pay_103357,m_1003,cust_1116,2026-03-16 19:00:00,UPI,Razorpay,613.18,Failed
pay_101823,m_1002,cust_1117,2026-03-16 19:00:00,Card,Axis Wallet,8581.19,Failed
pay_104471,m_1002,cust_1118,2026-03-16 21:00:00,UPI,ICICI UPI,3718.87,Failed
pay_103417,m_1001,cust_1119,2026-03-17 00:00:00,UPI,SBI Card Gateway,577.74,Failed
pay_102385,m_1000,cust_1120,2026-03-17 02:00:00,UPI,Razorpay,1894.96,Success
pay_100557,m_1001,cust_1121,2026-03-17 02:00:00,UPI,Razorpay,915.7,Failed
pay_101244,m_1004,cust_1122,2026-03-17 02:00:00,NetBanking,Razorpay,3087.66,Failed
pay_102141,m_1003,cust_1123,2026-03-17 02:00:00,Card,Razorpay,2083.76,Failed
pay_101897,m_1000,cust_1124,2026-03-17 04:00:00,UPI,Axis Wallet,5378.06,Failed
pay_100395,m_1004,cust_1125,2026-03-17 04:00:00,Card,Axis Wallet,1721.29,Failed
pay_102709,m_1002,cust_1126,2026-03-17 05:00:00,UPI,SBI Card Gateway,734.12,Failed
pay_101407,m_1002,cust_1127,2026-03-17 05:00:00,UPI,Razorpay,919.76,Failed
pay_101942,m_1001,cust_1128,2026-03-17 05:00:00,UPI,Razorpay,845.77,Failed
pay_101657,m_1004,cust_1129,2026-03-17 07:00:00,Card,Razorpay,12127.16,Failed
pay_104921,m_1002,cust_1130,2026-03-17 11:00:00,NetBanking,ICICI UPI,6624.14,Success
pay_103904,m_1003,cust_1131,2026-03-17 11:00:00,UPI,Razorpay,2972.29,Success
pay_102389,m_1003,cust_1132,2026-03-17 12:00:00,NetBanking,Axis Wallet,2239.08,Failed
pay_103159,m_1001,cust_1133,2026-03-17 12:00:00,UPI,Razorpay,992.91,Success
pay_100920,m_1003,cust_1134,2026-03-17 12:00:00,Card,Razorpay,3871.52,Failed
pay_104816,m_1002,cust_1135,2026-03-17 13:00:00,NetBanking,Razorpay,3796.45,Failed
pay_104425,m_1004,cust_1136,2026-03-17 13:00:00,Card,Razorpay,2573.63,Failed
pay_104608,m_1001,cust_1137,2026-03-17 14:00:00,Card,Razorpay,2658.87,Failed
pay_104753,m_1004,cust_1138,2026-03-17 15:00:00,NetBanking,Axis Wallet,1919.7,Failed
pay_102755,m_1003,cust_1139,2026-03-17 18:00:00,NetBanking,ICICI UPI,2528.92,Failed
pay_102796,m_1004,cust_1140,2026-03-17 19:00:00,NetBanking,Axis Wallet,4461.07,Failed
pay_102878,m_1001,cust_1141,2026-03-17 19:00:00,Card,Razorpay,28364.43,Failed
pay_102104,m_1001,cust_1142,2026-03-17 19:00:00,Card,Razorpay,1642.82,Failed
pay_103840,m_1000,cust_1143,2026-03-17 19:00:00,UPI,SBI Card Gateway,3407.08,Success
pay_104539,m_1000,cust_1144,2026-03-18 03:00:00,NetBanking,HDFC Gateway,1256.59,Failed
pay_104478,m_1001,cust_1145,2026-03-18 03:00:00,UPI,Razorpay,8215.1,Success
pay_104549,m_1003,cust_1146,2026-03-18 04:00:00,UPI,Razorpay,6317.34,Success
pay_101022,m_1002,cust_1147,2026-03-18 06:00:00,Wallet,Axis Wallet,5397.4,Failed
pay_104673,m_1000,cust_1148,2026-03-18 08:00:00,Card,Razorpay,11444.77,Failed
pay_100491,m_1002,cust_1149,2026-03-18 10:00:00,Card,Razorpay,1730.89,Success
pay_100503,m_1001,cust_1150,2026-03-18 11:00:00,Card,Axis Wallet,2187.92,Failed
pay_103339,m_1001,cust_1151,2026-03-18 11:00:00,UPI,Razorpay,705.3,Success
pay_102817,m_1002,cust_1152,2026-03-18 12:00:00,NetBanking,Razorpay,2689.21,Failed
pay_103119,m_1004,cust_1153,2026-03-18 12:00:00,Card,SBI Card Gateway,2074.56,Success
pay_103462,m_1003,cust_1154,2026-03-18 12:00:00,Card,Razorpay,7175.62,Success
pay_101213,m_1001,cust_1155,2026-03-18 14:00:00,UPI,Razorpay,4329.3,Success
pay_103469,m_1000,cust_1156,2026-03-18 15:00:00,UPI,Razorpay,5594.58,Failed
pay_101324,m_1000,cust_1157,2026-03-18 16:00:00,UPI,Razorpay,1728.65,Failed
pay_102557,m_1004,cust_1158,2026-03-18 17:00:00,UPI,ICICI UPI,18149.04,Success
pay_101733,m_1000,cust_1159,2026-03-18 19:00:00,UPI,Razorpay,4737.05,Success
pay_101279,m_1001,cust_1160,2026-03-18 20:00:00,UPI,Razorpay,5604.18,Success
pay_103455,m_1003,cust_1161,2026-03-18 21:00:00,Card,Axis Wallet,2786.97,Success
pay_104748,m_1003,cust_1162,2026-03-18 22:00:00,Wallet,Razorpay,3585.1,Failed
pay_103872,m_1004,cust_1163,2026-03-18 23:00:00,NetBanking,SBI Card Gateway,1417.74,Failed
pay_103880,m_1000,cust_1164,2026-03-18 23:00:00,Card,Razorpay,800.67,Success
pay_100426,m_1001,cust_1165,2026-03-19 01:00:00,UPI,ICICI UPI,3549.73,Failed
pay_102905,m_1001,cust_1166,2026-03-19 01:00:00,NetBanking,Razorpay,12636.44,Failed
pay_101520,m_1002,cust_1167,2026-03-19 02:00:00,Card,ICICI UPI,20786.56,Failed
pay_104943,m_1000,cust_1168,2026-03-19 02:00:00,UPI,Razorpay,10249.45,Failed
pay_100828,m_1004,cust_1169,2026-03-19 04:00:00,Card,SBI Card Gateway,4725.01,Failed
pay_101508,m_1000,cust_1170,2026-03-19 05:00:00,NetBanking,HDFC Gateway,3990.7,Success
pay_102600,m_1000,cust_1171,2026-03-19 05:00:00,Card,HDFC Gateway,5455.04,Success
pay_102902,m_1000,cust_1172,2026-03-19 06:00:00,NetBanking,Axis Wallet,16009.02,Failed
pay_101485,m_1004,cust_1173,2026-03-19 07:00:00,Card,Axis Wallet,1651.91,Failed
pay_102846,m_1000,cust_1174,2026-03-19 08:00:00,Card,Axis Wallet,3769.29,Success
pay_104148,m_1003,cust_1175,2026-03-19 08:00:00,Card,Razorpay,2578.62,Failed
pay_104693,m_1004,cust_1176,2026-03-19 08:00:00,UPI,HDFC Gateway,2220.84,Success
pay_101588,m_1002,cust_1177,2026-03-19 11:00:00,UPI,ICICI UPI,3173.6,Failed
pay_103263,m_1003,cust_1178,2026-03-19 11:00:00,UPI,Razorpay,1454.78,Success
pay_101734,m_1001,cust_1179,2026-03-19 14:00:00,NetBanking,Razorpay,2062.13,Success
pay_104332,m_1001,cust_1180,2026-03-19 15:00:00,UPI,SBI Card Gateway,1620.39,Failed
pay_101418,m_1001,cust_1181,2026-03-19 15:00:00,NetBanking,Razorpay,3365.44,Failed
pay_100667,m_1003,cust_1182,2026-03-19 16:00:00,UPI,Axis Wallet,2697.54,Success
pay_102331,m_1003,cust_1183,2026-03-19 16:00:00,Card,Razorpay,985.5,Failed
pay_103106,m_1002,cust_1184,2026-03-19 17:00:00,NetBanking,Razorpay,549.7,Success
pay_102197,m_1002,cust_1185,2026-03-19 17:00:00,UPI,Razorpay,495.45,Failed
pay_102097,m_1003,cust_1186,2026-03-19 17:00:00,UPI,HDFC Gateway,6043.12,Failed
pay_102868,m_1003,cust_1187,2026-03-19 18:00:00,UPI,SBI Card Gateway,626.76,Success
pay_104557,m_1003,cust_1188,2026-03-19 18:00:00,NetBanking,ICICI UPI,2616.06,Success
pay_102481,m_1000,cust_1189,2026-03-19 18:00:00,Card,Razorpay,1029.49,Failed
pay_103731,m_1001,cust_1190,2026-03-19 19:00:00,Card,Razorpay,5077.18,Failed
pay_101246,m_1004,cust_1191,2026-03-19 20:00:00,UPI,HDFC Gateway,4701.35,Failed
pay_103961,m_1004,cust_1192,2026-03-19 21:00:00,UPI,Razorpay,2241.49,Success
pay_104141,m_1000,cust_1193,2026-03-19 21:00:00,UPI,Axis Wallet,6793.71,Success
pay_104450,m_1004,cust_1194,2026-03-20 00:00:00,NetBanking,ICICI UPI,4972.76,Success
pay_101705,m_1004,cust_1195,2026-03-20 00:00:00,Card,Razorpay,4036.47,Failed
pay_100005,m_1000,cust_1196,2026-03-20 01:00:00,UPI,Razorpay,1109.08,Success
pay_103338,m_1003,cust_1197,2026-03-20 03:00:00,Card,ICICI UPI,14462.51,Failed
pay_100036,m_1004,cust_1198,2026-03-20 03:00:00,NetBanking,ICICI UPI,5140.55,Failed
pay_101291,m_1002,cust_1199,2026-03-20 03:00:00,UPI,Razorpay,2658.54,Failed
pay_103984,m_1000,cust_1200,2026-03-20 05:00:00,Wallet,ICICI UPI,606.3,Failed
pay_103378,m_1002,cust_1201,2026-03-20 05:00:00,NetBanking,Axis Wallet,736.83,Failed
pay_100609,m_1001,cust_1202,2026-03-20 06:00:00,NetBanking,HDFC Gateway,6517.85,Failed
pay_104311,m_1004,cust_1203,2026-03-20 09:00:00,UPI,ICICI UPI,758.98,Success
pay_102152,m_1003,cust_1204,2026-03-20 10:00:00,NetBanking,HDFC Gateway,2839.25,Failed
pay_101041,m_1000,cust_1205,2026-03-20 10:00:00,UPI,Razorpay,1911.88,Success
pay_100231,m_1004,cust_1206,2026-03-20 10:00:00,NetBanking,ICICI UPI,688.32,Success
pay_103577,m_1002,cust_1207,2026-03-20 11:00:00,Wallet,Razorpay,3105.78,Success
pay_102993,m_1004,cust_1208,2026-03-20 12:00:00,UPI,Razorpay,3544.69,Success
pay_100150,m_1004,cust_1209,2026-03-20 14:00:00,Card,Razorpay,3039.5,Failed
pay_101346,m_1000,cust_1210,2026-03-20 14:00:00,Card,Razorpay,5079.96,Success
pay_102671,m_1000,cust_1211,2026-03-20 14:00:00,Wallet,Razorpay,2335.06,Failed
pay_104147,m_1003,cust_1212,2026-03-20 15:00:00,Wallet,ICICI UPI,550.27,Success
pay_104970,m_1003,cust_1213,2026-03-20 15:00:00,Card,Axis Wallet,5094.54,Failed
pay_101559,m_1001,cust_1214,2026-03-20 15:00:00,Card,Razorpay,3613.53,Failed
pay_100124,m_1000,cust_1215,2026-03-20 17:00:00,UPI,Razorpay,750.4,Failed
pay_101400,m_1001,cust_1216,2026-03-20 19:00:00,NetBanking,ICICI UPI,440.45,Failed
pay_100834,m_1002,cust_1217,2026-03-20 20:00:00,UPI,Razorpay,10979.82,Success
pay_104066,m_1001,cust_1218,2026-03-20 20:00:00,Wallet,HDFC Gateway,752.71,Success
pay_100642,m_1003,cust_1219,2026-03-20 20:00:00,NetBanking,Razorpay,2945.35,Success
pay_101126,m_1003,cust_1220,2026-03-20 21:00:00,UPI,ICICI UPI,2483.44,Success
pay_102149,m_1004,cust_1221,2026-03-20 21:00:00,Card,Razorpay,453.72,Failed
pay_102376,m_1000,cust_1222,2026-03-20 22:00:00,UPI,Axis Wallet,1775.11,Failed
pay_104703,m_1003,cust_1223,2026-03-20 23:00:00,UPI,Razorpay,1819.02,Success
pay_101313,m_1004,cust_1224,2026-03-21 00:00:00,UPI,Axis Wallet,4388.16,Success
pay_100145,m_1000,cust_1225,2026-03-21 00:00:00,Wallet,Razorpay,1945.33,Failed
pay_101551,m_1001,cust_1226,2026-03-21 00:00:00,NetBanking,HDFC Gateway,3543.26,Failed
pay_101309,m_1003,cust_1227,2026-03-21 02:00:00,UPI,Axis Wallet,762.83,Failed
pay_104183,m_1000,cust_1228,2026-03-21 03:00:00,UPI,Razorpay,1598.44,Failed
pay_102511,m_1001,cust_1229,2026-03-21 04:00:00,UPI,Razorpay,3123.54,Success
pay_102639,m_1004,cust_1230,2026-03-21 05:00:00,Card,ICICI UPI,965.69,Failed
pay_101149,m_1004,cust_1231,2026-03-21 06:00:00,Card,Razorpay,1743.69,Failed
pay_101464,m_1003,cust_1232,2026-03-21 06:00:00,NetBanking,Razorpay,2183.05,Failed
pay_101855,m_1001,cust_1233,2026-03-21 06:00:00,UPI,Razorpay,3065.44,Success
pay_103965,m_1004,cust_1234,2026-03-21 07:00:00,Wallet,Axis Wallet,1032.12,Failed
pay_104318,m_1002,cust_1235,2026-03-21 07:00:00,Card,HDFC Gateway,1829.46,Failed
pay_102672,m_1002,cust_1236,2026-03-21 08:00:00,UPI,Razorpay,1380.39,Failed
pay_101895,m_1003,cust_1237,2026-03-21 09:00:00,UPI,ICICI UPI,5747.18,Failed
pay_100559,m_1003,cust_1238,2026-03-21 10:00:00,NetBanking,Axis Wallet,3331.98,Success
pay_100881,m_1000,cust_1239,2026-03-21 10:00:00,NetBanking,Razorpay,6404.74,Failed
pay_103331,m_1001,cust_1240,2026-03-21 10:00:00,Card,ICICI UPI,11698.23,Failed
pay_102654,m_1002,cust_1241,2026-03-21 11:00:00,UPI,Razorpay,3170.32,Success
pay_102318,m_1004,cust_1242,2026-03-21 11:00:00,Card,Razorpay,2560.09,Failed
pay_104838,m_1003,cust_1243,2026-03-21 11:00:00,Card,HDFC Gateway,2189.84,Success
pay_104896,m_1000,cust_1244,2026-03-21 12:00:00,UPI,SBI Card Gateway,9129.32,Failed
pay_100779,m_1003,cust_1245,2026-03-21 12:00:00,Card,Razorpay,3250.82,Success
pay_104326,m_1002,cust_1246,2026-03-21 12:00:00,UPI,Axis Wallet,5128.85,Failed
pay_104474,m_1002,cust_1247,2026-03-21 12:00:00,Card,Razorpay,1748.27,Failed
pay_103777,m_1001,cust_1248,2026-03-21 12:00:00,NetBanking,Razorpay,2556.61,Success
pay_101157,m_1004,cust_1249,2026-03-21 13:00:00,NetBanking,ICICI UPI,5763.65,Failed
pay_101006,m_1002,cust_1000,2026-03-21 14:00:00,NetBanking,ICICI UPI,1916.4,Failed
pay_103917,m_1002,cust_1001,2026-03-21 15:00:00,Card,SBI Card Gateway,3235.33,Failed
pay_100296,m_1004,cust_1002,2026-03-21 15:00:00,Card,Razorpay,1187.55,Failed
pay_103709,m_1003,cust_1003,2026-03-21 16:00:00,UPI,ICICI UPI,1678.13,Success
pay_101547,m_1003,cust_1004,2026-03-21 17:00:00,UPI,Razorpay,1369.6,Failed
pay_102918,m_1003,cust_1005,2026-03-21 17:00:00,UPI,HDFC Gateway,1122.19,Failed
pay_100855,m_1002,cust_1006,2026-03-21 17:00:00,UPI,Axis Wallet,17964.04,Failed
pay_104780,m_1000,cust_1007,2026-03-21 17:00:00,Card,ICICI UPI,1203.19,Failed
pay_103935,m_1003,cust_1008,2026-03-21 19:00:00,Card,SBI Card Gateway,2854.61,Failed
pay_103805,m_1002,cust_1009,2026-03-21 20:00:00,UPI,HDFC Gateway,4586.9,Failed
pay_100649,m_1004,cust_1010,2026-03-21 21:00:00,UPI,Razorpay,2676.76,Success
pay_103333,m_1003,cust_1011,2026-03-21 21:00:00,UPI,Axis Wallet,961.97,Failed
pay_101162,m_1003,cust_1012,2026-03-21 23:00:00,UPI,HDFC Gateway,820.62,Success
pay_101862,m_1001,cust_1013,2026-03-22 00:00:00,NetBanking,Razorpay,608.49,Success
pay_103155,m_1003,cust_1014,2026-03-22 00:00:00,NetBanking,Razorpay,1184.63,Failed
pay_104761,m_1001,cust_1015,2026-03-22 01:00:00,Card,HDFC Gateway,2239.16,Failed
pay_102148,m_1002,cust_1016,2026-03-22 02:00:00,UPI,Razorpay,1586.21,Success
pay_101656,m_1003,cust_1017,2026-03-22 02:00:00,UPI,Razorpay,1127.59,Failed
pay_102620,m_1004,cust_1018,2026-03-22 03:00:00,Card,Razorpay,1710.69,Failed
pay_100476,m_1001,cust_1019,2026-03-22 04:00:00,Card,Razorpay,2902.71,Failed
pay_104056,m_1002,cust_1020,2026-03-22 04:00:00,Card,HDFC Gateway,390.57,Failed
pay_103315,m_1000,cust_1021,2026-03-22 05:00:00,UPI,SBI Card Gateway,1393.73,Failed
pay_100774,m_1001,cust_1022,2026-03-22 06:00:00,UPI,Razorpay,3458.51,Failed
pay_101883,m_1001,cust_1023,2026-03-22 06:00:00,Wallet,Razorpay,984.84,Success
pay_100864,m_1003,cust_1024,2026-03-22 07:00:00,Card,SBI Card Gateway,346.9,Failed
pay_102035,m_1000,cust_1025,2026-03-22 08:00:00,NetBanking,SBI Card Gateway,847.95,Failed
pay_104856,m_1001,cust_1026,2026-03-22 08:00:00,Card,SBI Card Gateway,2736.77,Failed
pay_101843,m_1004,cust_1027,2026-03-22 09:00:00,Card,SBI Card Gateway,1369.49,Failed
pay_100360,m_1001,cust_1028,2026-03-22 09:00:00,NetBanking,ICICI UPI,1319.87,Success
pay_103997,m_1004,cust_1029,2026-03-22 09:00:00,Card,Razorpay,6188.97,Success
pay_103628,m_1003,cust_1030,2026-03-22 10:00:00,NetBanking,Razorpay,945.94,Failed
pay_101598,m_1000,cust_1031,2026-03-22 11:00:00,Card,ICICI UPI,347.2,Failed
pay_100722,m_1004,cust_1032,2026-03-22 12:00:00,UPI,ICICI UPI,1961.65,Success
pay_101143,m_1002,cust_1033,2026-03-22 14:00:00,UPI,Axis Wallet,2684.14,Failed
pay_104784,m_1000,cust_1034,2026-03-22 15:00:00,UPI,Razorpay,2253.14,Failed
pay_104279,m_1001,cust_1035,2026-03-22 15:00:00,Card,HDFC Gateway,2105.35,Failed
pay_104918,m_1000,cust_1036,2026-03-22 15:00:00,NetBanking,Razorpay,7291.85,Failed
pay_102438,m_1004,cust_1037,2026-03-22 15:00:00,Card,Razorpay,3810.16,Success
pay_101125,m_1002,cust_1038,2026-03-22 18:00:00,UPI,ICICI UPI,2462.34,Failed
pay_100589,m_1003,cust_1039,2026-03-22 18:00:00,Card,ICICI UPI,4337.43,Success
pay_102167,m_1000,cust_1040,2026-03-22 19:00:00,Wallet,Razorpay,721.55,Failed
pay_101092,m_1003,cust_1041,2026-03-22 21:00:00,Card,Razorpay,7868.99,Failed
pay_104001,m_1003,cust_1042,2026-03-22 22:00:00,Card,Axis Wallet,1005.74,Failed
pay_104107,m_1000,cust_1043,2026-03-22 22:00:00,UPI,HDFC Gateway,343.24,Failed
pay_104640,m_1003,cust_1044,2026-03-22 22:00:00,Card,Razorpay,2171.44,Success
pay_104547,m_1002,cust_1045,2026-03-22 23:00:00,UPI,HDFC Gateway,5181.32,Failed
pay_102825,m_1003,cust_1046,2026-03-23 00:00:00,NetBanking,ICICI UPI,3126.75,Failed
pay_101023,m_1003,cust_1047,2026-03-23 01:00:00,NetBanking,SBI Card Gateway,5735.24,Failed
pay_103571,m_1000,cust_1048,2026-03-23 01:00:00,UPI,HDFC Gateway,2468.35,Success
pay_100092,m_1002,cust_1049,2026-03-23 02:00:00,UPI,Razorpay,9907.62,Success
pay_103458,m_1001,cust_1050,2026-03-23 04:00:00,Card,ICICI UPI,2735.13,Success
pay_101499,m_1000,cust_1051,2026-03-23 04:00:00,UPI,Razorpay,803.08,Failed
pay_103230,m_1002,cust_1052,2026-03-23 05:00:00,Card,Razorpay,3980.55,Success
pay_100512,m_1002,cust_1053,2026-03-23 06:00:00,UPI,Axis Wallet,3074.32,Failed
pay_100458,m_1001,cust_1054,2026-03-23 06:00:00,UPI,Razorpay,2484.24,Success
pay_101124,m_1000,cust_1055,2026-03-23 07:00:00,Wallet,HDFC Gateway,1212.28,Failed
pay_102456,m_1000,cust_1056,2026-03-23 08:00:00,UPI,SBI Card Gateway,18244.29,Failed
pay_100962,m_1000,cust_1057,2026-03-23 09:00:00,Wallet,HDFC Gateway,2699.42,Failed
pay_102450,m_1002,cust_1058,2026-03-23 10:00:00,UPI,Razorpay,1668.25,Failed
pay_101960,m_1000,cust_1059,2026-03-23 11:00:00,Card,Axis Wallet,6702.62,Failed
pay_100018,m_1000,cust_1060,2026-03-23 11:00:00,UPI,Razorpay,1349.18,Success
pay_101968,m_1001,cust_1061,2026-03-23 13:00:00,Card,Razorpay,1660.72,Success
pay_102207,m_1004,cust_1062,2026-03-23 13:00:00,UPI,Razorpay,3596.92,Success
pay_101658,m_1003,cust_1063,2026-03-23 14:00:00,UPI,HDFC Gateway,2287.26,Failed
pay_101085,m_1004,cust_1064,2026-03-23 14:00:00,Wallet,HDFC Gateway,2169.52,Failed
pay_100867,m_1000,cust_1065,2026-03-23 18:00:00,UPI,Razorpay,8877.42,Success
pay_104890,m_1000,cust_1066,2026-03-23 18:00:00,Wallet,HDFC Gateway,1300.76,Failed
pay_104365,m_1004,cust_1067,2026-03-23 18:00:00,NetBanking,ICICI UPI,1456.86,Failed
pay_104846,m_1003,cust_1068,2026-03-23 19:00:00,UPI,ICICI UPI,2638.13,Success
pay_102703,m_1000,cust_1069,2026-03-23 20:00:00,Card,Razorpay,5102.03,Success
pay_102783,m_1003,cust_1070,2026-03-23 21:00:00,Card,Axis Wallet,846.78,Success
pay_101015,m_1004,cust_1071,2026-03-23 21:00:00,Card,Razorpay,7794.97,Failed
pay_104942,m_1003,cust_1072,2026-03-23 21:00:00,Card,Razorpay,4038.75,Failed
pay_100588,m_1004,cust_1073,2026-03-23 22:00:00,UPI,Razorpay,904.37,Success
pay_103506,m_1004,cust_1074,2026-03-23 22:00:00,UPI,SBI Card Gateway,1613.15,Success
pay_100815,m_1004,cust_1075,2026-03-23 23:00:00,UPI,ICICI UPI,699.24,Failed
pay_103147,m_1003,cust_1076,2026-03-24 00:00:00,UPI,ICICI UPI,6285.42,Success
pay_104972,m_1003,cust_1077,2026-03-24 01:00:00,Card,Axis Wallet,5465.21,Failed
pay_103050,m_1001,cust_1078,2026-03-24 02:00:00,UPI,Axis Wallet,4125.58,Failed
pay_101079,m_1004,cust_1079,2026-03-24 02:00:00,NetBanking,Razorpay,2693.17,Failed
pay_101649,m_1004,cust_1080,2026-03-24 02:00:00,NetBanking,Axis Wallet,3085.0,Failed
pay_104482,m_1002,cust_1081,2026-03-24 04:00:00,NetBanking,Axis Wallet,896.46,Failed
pay_104695,m_1001,cust_1082,2026-03-24 05:00:00,Card,Razorpay,1103.52,Success
pay_101096,m_1001,cust_1083,2026-03-24 05:00:00,UPI,Razorpay,4480.2,Success
pay_101864,m_1002,cust_1084,2026-03-24 06:00:00,UPI,ICICI UPI,2582.35,Success
pay_103229,m_1002,cust_1085,2026-03-24 07:00:00,Card,SBI Card Gateway,4538.27,Success
pay_102862,m_1004,cust_1086,2026-03-24 07:00:00,UPI,Razorpay,9182.8,Failed
pay_102789,m_1001,cust_1087,2026-03-24 09:00:00,UPI,Razorpay,3691.95,Failed
pay_101932,m_1000,cust_1088,2026-03-24 10:00:00,UPI,Razorpay,7641.49,Failed
pay_103189,m_1001,cust_1089,2026-03-24 11:00:00,NetBanking,ICICI UPI,2367.36,Failed
pay_104538,m_1002,cust_1090,2026-03-24 11:00:00,Wallet,Razorpay,16161.59,Success
pay_104072,m_1002,cust_1091,2026-03-24 12:00:00,Card,Axis Wallet,2430.08,Success
pay_100610,m_1003,cust_1092,2026-03-24 13:00:00,UPI,Razorpay,13647.76,Success
pay_100581,m_1003,cust_1093,2026-03-24 14:00:00,Card,Razorpay,2458.61,Failed
pay_100100,m_1001,cust_1094,2026-03-24 17:00:00,Wallet,HDFC Gateway,874.01,Success
pay_100083,m_1001,cust_1095,2026-03-24 17:00:00,Wallet,ICICI UPI,3169.12,Failed
pay_103739,m_1003,cust_1096,2026-03-24 17:00:00,Card,Razorpay,785.31,Failed
pay_104674,m_1002,cust_1097,2026-03-24 18:00:00,Wallet,SBI Card Gateway,4754.41,Failed
pay_103624,m_1000,cust_1098,2026-03-24 18:00:00,UPI,Razorpay,26028.44,Failed
pay_102245,m_1000,cust_1099,2026-03-24 18:00:00,Card,Razorpay,1429.15,Failed
pay_100089,m_1002,cust_1100,2026-03-24 19:00:00,Card,HDFC Gateway,2611.04,Failed
pay_103126,m_1000,cust_1101,2026-03-24 19:00:00,Card,Razorpay,3768.56,Success
pay_102285,m_1000,cust_1102,2026-03-24 20:00:00,UPI,Razorpay,9684.94,Failed
pay_104660,m_1001,cust_1103,2026-03-24 20:00:00,Card,Razorpay,930.89,Failed
pay_103380,m_1003,cust_1104,2026-03-24 20:00:00,UPI,Razorpay,1978.8,Failed
pay_100387,m_1001,cust_1105,2026-03-25 00:00:00,Card,Razorpay,10046.73,Failed
pay_100544,m_1003,cust_1106,2026-03-25 01:00:00,UPI,ICICI UPI,2254.89,Success
pay_104721,m_1000,cust_1107,2026-03-25 02:00:00,UPI,ICICI UPI,7348.78,Failed
pay_102454,m_1003,cust_1108,2026-03-25 05:00:00,Card,Razorpay,6819.79,Failed
pay_102821,m_1001,cust_1109,2026-03-25 05:00:00,UPI,Razorpay,9449.28,Failed
pay_100333,m_1003,cust_1110,2026-03-25 06:00:00,UPI,HDFC Gateway,14705.65,Failed
pay_103629,m_1000,cust_1111,2026-03-25 06:00:00,Card,ICICI UPI,2548.99,Failed
pay_100481,m_1002,cust_1112,2026-03-25 07:00:00,UPI,Razorpay,2271.58,Failed
pay_103439,m_1000,cust_1113,2026-03-25 07:00:00,UPI,Razorpay,865.09,Success
pay_103066,m_1000,cust_1114,2026-03-25 08:00:00,NetBanking,Razorpay,547.33,Failed
pay_101970,m_1003,cust_1115,2026-03-25 10:00:00,NetBanking,ICICI UPI,4134.49,Success
pay_102405,m_1001,cust_1116,2026-03-25 11:00:00,Card,HDFC Gateway,1032.86,Success
pay_104861,m_1000,cust_1117,2026-03-25 13:00:00,Card,HDFC Gateway,1234.85,Failed
pay_100552,m_1002,cust_1118,2026-03-25 13:00:00,Wallet,HDFC Gateway,3144.54,Success
pay_103522,m_1002,cust_1119,2026-03-25 14:00:00,Card,Axis Wallet,743.32,Failed
pay_100037,m_1001,cust_1120,2026-03-25 15:00:00,Card,Razorpay,2588.6,Failed
pay_104734,m_1001,cust_1121,2026-03-25 16:00:00,Card,HDFC Gateway,7174.98,Failed
pay_104933,m_1001,cust_1122,2026-03-25 16:00:00,UPI,Razorpay,1442.73,Success
pay_101986,m_1000,cust_1123,2026-03-25 16:00:00,UPI,Razorpay,6677.1,Failed
pay_102080,m_1000,cust_1124,2026-03-25 17:00:00,Wallet,ICICI UPI,4305.61,Failed
pay_103539,m_1004,cust_1125,2026-03-25 17:00:00,Wallet,Razorpay,1456.57,Success
pay_101039,m_1003,cust_1126,2026-03-25 17:00:00,NetBanking,Razorpay,2303.69,Success
pay_102609,m_1003,cust_1127,2026-03-25 19:00:00,NetBanking,Razorpay,2741.76,Failed
pay_104665,m_1003,cust_1128,2026-03-25 19:00:00,Card,Razorpay,1343.49,Success
pay_102423,m_1000,cust_1129,2026-03-25 20:00:00,UPI,Razorpay,2486.6,Failed
pay_104622,m_1002,cust_1130,2026-03-25 20:00:00,Wallet,ICICI UPI,11552.03,Failed
pay_100301,m_1004,cust_1131,2026-03-25 21:00:00,Card,Razorpay,9113.93,Failed
pay_101602,m_1000,cust_1132,2026-03-25 22:00:00,UPI,Razorpay,500.81,Success
pay_100432,m_1000,cust_1133,2026-03-25 22:00:00,UPI,Axis Wallet,5665.12,Failed
pay_100604,m_1004,cust_1134,2026-03-25 22:00:00,Card,HDFC Gateway,3330.58,Failed
pay_103520,m_1002,cust_1135,2026-03-25 22:00:00,Card,Razorpay,815.33,Failed
pay_100793,m_1002,cust_1136,2026-03-26 01:00:00,Wallet,Razorpay,2566.67,Success
pay_104222,m_1001,cust_1137,2026-03-26 01:00:00,NetBanking,Razorpay,1884.53,Failed
pay_101922,m_1002,cust_1138,2026-03-26 01:00:00,Card,ICICI UPI,1125.83,Success
pay_100523,m_1004,cust_1139,2026-03-26 04:00:00,Card,Razorpay,1270.42,Failed
pay_104636,m_1002,cust_1140,2026-03-26 05:00:00,Card,SBI Card Gateway,1369.16,Success
pay_103889,m_1003,cust_1141,2026-03-26 05:00:00,UPI,ICICI UPI,2992.37,Failed
pay_104242,m_1003,cust_1142,2026-03-26 05:00:00,NetBanking,SBI Card Gateway,4844.5,Failed
pay_104355,m_1003,cust_1143,2026-03-26 07:00:00,NetBanking,Razorpay,534.62,Failed
pay_101586,m_1003,cust_1144,2026-03-26 10:00:00,NetBanking,SBI Card Gateway,4867.33,Failed
pay_102325,m_1004,cust_1145,2026-03-26 11:00:00,UPI,HDFC Gateway,5606.81,Failed
pay_102371,m_1000,cust_1146,2026-03-26 11:00:00,UPI,Razorpay,4166.24,Success
pay_102333,m_1002,cust_1147,2026-03-26 11:00:00,UPI,ICICI UPI,7373.03,Success
pay_100027,m_1003,cust_1148,2026-03-26 12:00:00,UPI,Razorpay,3008.01,Success
pay_101263,m_1004,cust_1149,2026-03-26 13:00:00,UPI,Razorpay,783.96,Success
pay_102944,m_1004,cust_1150,2026-03-26 15:00:00,Card,SBI Card Gateway,2226.05,Success
pay_102983,m_1000,cust_1151,2026-03-26 15:00:00,Card,ICICI UPI,1799.23,Success
pay_103168,m_1004,cust_1152,2026-03-26 15:00:00,Card,ICICI UPI,1340.38,Success
pay_101024,m_1000,cust_1153,2026-03-26 16:00:00,UPI,Axis Wallet,4405.8,Success
pay_100148,m_1000,cust_1154,2026-03-26 17:00:00,Card,Razorpay,4506.56,Success
pay_101230,m_1003,cust_1155,2026-03-26 18:00:00,UPI,Razorpay,2463.67,Success
pay_102287,m_1001,cust_1156,2026-03-26 19:00:00,NetBanking,SBI Card Gateway,14116.46,Failed
pay_103363,m_1000,cust_1157,2026-03-26 22:00:00,Wallet,HDFC Gateway,6973.3,Failed
pay_103081,m_1000,cust_1158,2026-03-26 22:00:00,Card,HDFC Gateway,1255.21,Failed
pay_100848,m_1000,cust_1159,2026-03-27 00:00:00,NetBanking,Axis Wallet,453.27,Failed
pay_102515,m_1000,cust_1160,2026-03-27 01:00:00,Card,Razorpay,4044.27,Failed
pay_100866,m_1003,cust_1161,2026-03-27 01:00:00,UPI,Razorpay,2966.42,Success
pay_104997,m_1001,cust_1162,2026-03-27 02:00:00,UPI,ICICI UPI,779.89,Success
pay_102337,m_1002,cust_1163,2026-03-27 04:00:00,Card,HDFC Gateway,1113.61,Failed
pay_101963,m_1000,cust_1164,2026-03-27 07:00:00,UPI,ICICI UPI,1037.19,Failed
pay_102872,m_1004,cust_1165,2026-03-27 08:00:00,UPI,Razorpay,1135.08,Success
pay_103454,m_1000,cust_1166,2026-03-27 08:00:00,UPI,Axis Wallet,3543.44,Failed
pay_104373,m_1004,cust_1167,2026-03-27 08:00:00,UPI,SBI Card Gateway,3505.15,Success
pay_100740,m_1004,cust_1168,2026-03-27 13:00:00,Wallet,HDFC Gateway,26578.74,Failed
pay_101964,m_1002,cust_1169,2026-03-27 13:00:00,UPI,HDFC Gateway,1959.59,Failed
pay_100513,m_1000,cust_1170,2026-03-27 15:00:00,Card,Razorpay,4932.03,Success
pay_101842,m_1000,cust_1171,2026-03-27 15:00:00,Card,Razorpay,883.51,Failed
pay_101534,m_1004,cust_1172,2026-03-27 15:00:00,UPI,Razorpay,1532.82,Failed
pay_102195,m_1003,cust_1173,2026-03-27 17:00:00,UPI,ICICI UPI,9902.26,Success
pay_104391,m_1001,cust_1174,2026-03-27 18:00:00,Card,Razorpay,324.97,Failed
pay_104969,m_1003,cust_1175,2026-03-27 19:00:00,Wallet,Razorpay,9810.68,Failed
pay_103077,m_1001,cust_1176,2026-03-27 21:00:00,NetBanking,Razorpay,2984.74,Success
pay_101425,m_1003,cust_1177,2026-03-27 23:00:00,Card,Razorpay,12936.53,Success
pay_103207,m_1003,cust_1178,2026-03-28 00:00:00,NetBanking,Axis Wallet,1828.81,Failed
pay_103400,m_1002,cust_1179,2026-03-28 01:00:00,UPI,SBI Card Gateway,2071.61,Failed
pay_100165,m_1000,cust_1180,2026-03-28 02:00:00,Wallet,Razorpay,544.67,Success
pay_100884,m_1000,cust_1181,2026-03-28 05:00:00,NetBanking,SBI Card Gateway,706.31,Success
pay_101573,m_1002,cust_1182,2026-03-28 06:00:00,Wallet,Razorpay,899.8,Failed
pay_102158,m_1000,cust_1183,2026-03-28 06:00:00,UPI,Axis Wallet,2559.04,Success
pay_103009,m_1000,cust_1184,2026-03-28 10:00:00,UPI,Razorpay,4688.35,Success
pay_103197,m_1002,cust_1185,2026-03-28 11:00:00,NetBanking,Razorpay,1572.67,Success
pay_103507,m_1003,cust_1186,2026-03-28 12:00:00,NetBanking,Razorpay,4384.29,Failed
pay_102683,m_1000,cust_1187,2026-03-28 15:00:00,UPI,ICICI UPI,806.07,Failed
pay_103867,m_1002,cust_1188,2026-03-28 17:00:00,NetBanking,SBI Card Gateway,4652.2,Failed
pay_104053,m_1002,cust_1189,2026-03-28 18:00:00,NetBanking,SBI Card Gateway,628.74,Success
pay_103245,m_1004,cust_1190,2026-03-28 20:00:00,Wallet,ICICI UPI,7231.88,Success
pay_102160,m_1002,cust_1191,2026-03-28 23:00:00,UPI,ICICI UPI,544.73,Failed
pay_101218,m_1001,cust_1192,2026-03-28 23:00:00,Card,HDFC Gateway,1552.38,Failed
pay_102747,m_1003,cust_1193,2026-03-29 00:00:00,UPI,SBI Card Gateway,6837.01,Failed
pay_100226,m_1001,cust_1194,2026-03-29 01:00:00,Card,Razorpay,1049.62,Success
pay_100836,m_1004,cust_1195,2026-03-29 02:00:00,UPI,Razorpay,11155.37,Success
pay_103832,m_1004,cust_1196,2026-03-29 03:00:00,Card,ICICI UPI,9732.26,Failed
pay_100335,m_1001,cust_1197,2026-03-29 03:00:00,Wallet,Razorpay,412.52,Failed
pay_101000,m_1004,cust_1198,2026-03-29 03:00:00,NetBanking,SBI Card Gateway,1943.62,Success
pay_102934,m_1002,cust_1199,2026-03-29 04:00:00,Wallet,Razorpay,492.65,Failed
pay_103768,m_1000,cust_1200,2026-03-29 05:00:00,UPI,SBI Card Gateway,3867.53,Success
pay_100290,m_1000,cust_1201,2026-03-29 06:00:00,UPI,SBI Card Gateway,4592.42,Success
pay_101333,m_1003,cust_1202,2026-03-29 06:00:00,Card,ICICI UPI,6906.26,Success
pay_103712,m_1003,cust_1203,2026-03-29 08:00:00,Wallet,Razorpay,3627.82,Failed
pay_104205,m_1003,cust_1204,2026-03-29 09:00:00,UPI,ICICI UPI,9001.24,Failed
pay_104752,m_1000,cust_1205,2026-03-29 11:00:00,UPI,Razorpay,1622.95,Success
pay_104287,m_1000,cust_1206,2026-03-29 11:00:00,UPI,Razorpay,260.14,Success
pay_102531,m_1002,cust_1207,2026-03-29 12:00:00,Card,SBI Card Gateway,5117.58,Failed
pay_104809,m_1002,cust_1208,2026-03-29 14:00:00,UPI,Razorpay,3324.11,Failed
pay_103802,m_1003,cust_1209,2026-03-29 16:00:00,UPI,Razorpay,779.24,Failed
pay_102544,m_1002,cust_1210,2026-03-29 16:00:00,Card,HDFC Gateway,4335.97,Failed
pay_101748,m_1001,cust_1211,2026-03-29 17:00:00,UPI,SBI Card Gateway,2743.93,Success
pay_102092,m_1004,cust_1212,2026-03-29 17:00:00,UPI,SBI Card Gateway,988.63,Success
pay_100102,m_1002,cust_1213,2026-03-29 17:00:00,Wallet,SBI Card Gateway,3459.67,Failed
pay_100091,m_1001,cust_1214,2026-03-29 18:00:00,UPI,HDFC Gateway,1545.03,Failed
pay_100653,m_1003,cust_1215,2026-03-29 20:00:00,UPI,Razorpay,3219.42,Failed
pay_100471,m_1001,cust_1216,2026-03-29 20:00:00,Card,Razorpay,1758.1,Failed
pay_100427,m_1001,cust_1217,2026-03-29 21:00:00,NetBanking,SBI Card Gateway,7657.32,Success
pay_100550,m_1004,cust_1218,2026-03-30 01:00:00,Wallet,SBI Card Gateway,4233.74,Failed
pay_104308,m_1000,cust_1219,2026-03-30 02:00:00,Card,HDFC Gateway,2176.38,Success
pay_103299,m_1000,cust_1220,2026-03-30 03:00:00,Card,Razorpay,1995.87,Failed
pay_101198,m_1001,cust_1221,2026-03-30 03:00:00,UPI,Razorpay,908.46,Failed
pay_103817,m_1003,cust_1222,2026-03-30 03:00:00,NetBanking,Razorpay,563.9,Failed
pay_104975,m_1004,cust_1223,2026-03-30 03:00:00,Card,Razorpay,3141.03,Failed
pay_103036,m_1003,cust_1224,2026-03-30 04:00:00,Wallet,HDFC Gateway,204.03,Failed
pay_103056,m_1004,cust_1225,2026-03-30 05:00:00,UPI,Razorpay,6338.21,Failed
pay_102570,m_1000,cust_1226,2026-03-30 06:00:00,Card,Razorpay,2300.53,Success
pay_100595,m_1004,cust_1227,2026-03-30 06:00:00,Card,Razorpay,2121.33,Failed
pay_101259,m_1002,cust_1228,2026-03-30 06:00:00,UPI,ICICI UPI,2066.38,Failed
pay_101086,m_1004,cust_1229,2026-03-30 07:00:00,Card,Razorpay,21779.36,Failed
pay_100851,m_1000,cust_1230,2026-03-30 08:00:00,Card,Razorpay,1178.54,Success
pay_102295,m_1001,cust_1231,2026-03-30 08:00:00,NetBanking,Axis Wallet,1857.9,Failed
pay_104974,m_1002,cust_1232,2026-03-30 08:00:00,UPI,Razorpay,3409.0,Success
pay_102534,m_1004,cust_1233,2026-03-30 09:00:00,UPI,Razorpay,2126.34,Failed
pay_100859,m_1003,cust_1234,2026-03-30 10:00:00,Card,Axis Wallet,1383.36,Failed
pay_102982,m_1004,cust_1235,2026-03-30 10:00:00,Card,Axis Wallet,12494.94,Success
pay_102496,m_1000,cust_1236,2026-03-30 10:00:00,Card,Axis Wallet,3750.2,Failed
pay_104004,m_1002,cust_1237,2026-03-30 10:00:00,UPI,HDFC Gateway,1201.32,Failed
pay_100590,m_1000,cust_1238,2026-03-30 11:00:00,UPI,HDFC Gateway,2751.41,Failed
pay_100685,m_1000,cust_1239,2026-03-30 11:00:00,Card,Razorpay,2865.82,Failed
pay_101283,m_1001,cust_1240,2026-03-30 11:00:00,UPI,Razorpay,583.87,Success
pay_102566,m_1000,cust_1241,2026-03-30 12:00:00,Card,Razorpay,640.17,Failed
pay_102901,m_1001,cust_1242,2026-03-30 12:00:00,Card,Razorpay,5657.95,Success
pay_104524,m_1000,cust_1243,2026-03-30 12:00:00,Wallet,ICICI UPI,2041.95,Success
pay_101011,m_1003,cust_1244,2026-03-30 15:00:00,NetBanking,Razorpay,1967.97,Failed
pay_103570,m_1000,cust_1245,2026-03-30 17:00:00,UPI,ICICI UPI,1288.32,Failed
pay_104307,m_1003,cust_1246,2026-03-30 18:00:00,Wallet,Razorpay,2413.4,Failed
pay_101577,m_1001,cust_1247,2026-03-30 18:00:00,UPI,Razorpay,3486.36,Failed
pay_104466,m_1001,cust_1248,2026-03-30 18:00:00,UPI,Razorpay,6925.11,Failed
pay_100715,m_1001,cust_1249,2026-03-30 18:00:00,UPI,Razorpay,1756.69,Success
pay_103480,m_1000,cust_1000,2026-03-30 19:00:00,UPI,HDFC Gateway,7334.7,Success
pay_104270,m_1001,cust_1001,2026-03-30 19:00:00,Wallet,Razorpay,12723.45,Failed
pay_102556,m_1001,cust_1002,2026-03-30 21:00:00,UPI,ICICI UPI,1600.16,Failed
pay_104908,m_1001,cust_1003,2026-03-30 21:00:00,Card,Axis Wallet,1021.71,Failed
pay_103751,m_1001,cust_1004,2026-03-30 21:00:00,Card,ICICI UPI,3836.81,Failed
pay_103384,m_1004,cust_1005,2026-03-30 22:00:00,Card,HDFC Gateway,1623.51,Failed
pay_101735,m_1003,cust_1006,2026-03-30 23:00:00,Wallet,Axis Wallet,545.97,Success
pay_102004,m_1003,cust_1007,2026-03-31 00:00:00,UPI,HDFC Gateway,2329.88,Failed
pay_102205,m_1001,cust_1008,2026-03-31 01:00:00,Card,ICICI UPI,580.18,Success
pay_100483,m_1002,cust_1009,2026-03-31 04:00:00,Card,Razorpay,6607.09,Success
pay_100104,m_1003,cust_1010,2026-03-31 04:00:00,Card,Razorpay,3233.63,Success
pay_103392,m_1001,cust_1011,2026-03-31 05:00:00,NetBanking,Razorpay,3470.07,Failed
pay_103563,m_1004,cust_1012,2026-03-31 05:00:00,UPI,Razorpay,1041.12,Success
pay_102898,m_1002,cust_1013,2026-03-31 06:00:00,NetBanking,ICICI UPI,1037.34,Failed
pay_102256,m_1001,cust_1014,2026-03-31 06:00:00,Card,Razorpay,4238.03,Failed
pay_101683,m_1002,cust_1015,2026-03-31 08:00:00,Wallet,HDFC Gateway,3412.7,Failed
pay_103295,m_1002,cust_1016,2026-03-31 08:00:00,UPI,Axis Wallet,766.93,Failed
pay_102831,m_1001,cust_1017,2026-03-31 09:00:00,Card,Razorpay,995.13,Failed
pay_100070,m_1003,cust_1018,2026-03-31 09:00:00,Card,Razorpay,3083.54,Failed
pay_104711,m_1000,cust_1019,2026-03-31 10:00:00,Card,Razorpay,747.76,Failed
pay_103482,m_1004,cust_1020,2026-03-31 10:00:00,UPI,Razorpay,2011.46,Success
pay_100744,m_1004,cust_1021,2026-03-31 11:00:00,NetBanking,Razorpay,1003.3,Success
pay_103395,m_1001,cust_1022,2026-03-31 11:00:00,Wallet,ICICI UPI,1133.01,Failed
pay_100691,m_1001,cust_1023,2026-03-31 12:00:00,Card,Razorpay,24159.26,Success
pay_100134,m_1003,cust_1024,2026-03-31 12:00:00,Card,HDFC Gateway,1308.27,Failed
pay_102701,m_1001,cust_1025,2026-03-31 13:00:00,Card,Axis Wallet,6117.33,Failed
pay_102546,m_1002,cust_1026,2026-03-31 13:00:00,NetBanking,Razorpay,4646.99,Success
pay_101979,m_1003,cust_1027,2026-03-31 14:00:00,NetBanking,Axis Wallet,413.83,Failed
pay_101132,m_1000,cust_1028,2026-03-31 15:00:00,UPI,Razorpay,1129.51,Failed
pay_101616,m_1003,cust_1029,2026-03-31 15:00:00,UPI,HDFC Gateway,8486.13,Success
pay_104098,m_1002,cust_1030,2026-03-31 18:00:00,Wallet,Razorpay,6576.01,Success
pay_101985,m_1002,cust_1031,2026-03-31 18:00:00,UPI,Razorpay,3970.4,Failed
pay_104515,m_1002,cust_1032,2026-03-31 18:00:00,Card,Razorpay,7586.55,Failed
pay_101253,m_1002,cust_1033,2026-03-31 18:00:00,UPI,Razorpay,2017.57,Failed
pay_100260,m_1002,cust_1034,2026-03-31 19:00:00,NetBanking,Razorpay,436.39,Failed
pay_102800,m_1000,cust_1035,2026-03-31 21:00:00,Wallet,HDFC Gateway,1696.4,Failed
pay_103153,m_1004,cust_1036,2026-03-31 21:00:00,Card,Razorpay,6475.49,Failed
pay_100558,m_1002,cust_1037,2026-03-31 22:00:00,NetBanking,Razorpay,2895.1,Failed
pay_100638,m_1003,cust_1038,2026-03-31 22:00:00,Card,Razorpay,732.5,Success
pay_104803,m_1001,cust_1039,2026-04-01 00:00:00,UPI,SBI Card Gateway,601.24,Failed
pay_101413,m_1001,cust_1040,2026-04-01 01:00:00,Card,Axis Wallet,1892.21,Success
pay_102670,m_1001,cust_1041,2026-04-01 02:00:00,UPI,HDFC Gateway,5614.98,Failed
pay_103129,m_1000,cust_1042,2026-04-01 03:00:00,UPI,HDFC Gateway,1372.21,Success
pay_102808,m_1001,cust_1043,2026-04-01 04:00:00,Wallet,Razorpay,1166.17,Failed
pay_102235,m_1003,cust_1044,2026-04-01 07:00:00,Wallet,Razorpay,530.69,Success
pay_102724,m_1004,cust_1045,2026-04-01 08:00:00,UPI,Razorpay,953.63,Failed
pay_104907,m_1002,cust_1046,2026-04-01 09:00:00,UPI,Razorpay,1167.67,Failed
pay_101460,m_1000,cust_1047,2026-04-01 09:00:00,Card,Razorpay,1620.77,Failed
pay_103914,m_1000,cust_1048,2026-04-01 13:00:00,Wallet,ICICI UPI,2461.33,Success
pay_100212,m_1003,cust_1049,2026-04-01 14:00:00,UPI,HDFC Gateway,1100.82,Success
pay_104124,m_1002,cust_1050,2026-04-01 15:00:00,Card,Razorpay,6767.15,Success
pay_103421,m_1004,cust_1051,2026-04-01 19:00:00,NetBanking,Razorpay,1464.9,Failed
pay_102008,m_1002,cust_1052,2026-04-01 20:00:00,NetBanking,HDFC Gateway,735.23,Failed
pay_101429,m_1001,cust_1053,2026-04-01 20:00:00,NetBanking,Razorpay,796.19,Success
pay_104083,m_1004,cust_1054,2026-04-01 20:00:00,UPI,Razorpay,3744.92,Success
pay_103054,m_1000,cust_1055,2026-04-01 20:00:00,UPI,Razorpay,839.09,Failed
pay_102283,m_1004,cust_1056,2026-04-01 21:00:00,UPI,Razorpay,8652.98,Failed
pay_100989,m_1000,cust_1057,2026-04-01 21:00:00,NetBanking,Razorpay,2739.08,Success
pay_103381,m_1002,cust_1058,2026-04-01 23:00:00,Card,Razorpay,11815.3,Failed
pay_100105,m_1001,cust_1059,2026-04-01 23:00:00,UPI,SBI Card Gateway,4579.17,Failed
pay_100248,m_1004,cust_1060,2026-04-01 23:00:00,UPI,HDFC Gateway,3154.56,Success
pay_103322,m_1004,cust_1061,2026-04-02 00:00:00,NetBanking,ICICI UPI,446.52,Success
pay_102647,m_1003,cust_1062,2026-04-02 00:00:00,UPI,Razorpay,2796.89,Failed
pay_104612,m_1002,cust_1063,2026-04-02 01:00:00,UPI,Razorpay,5277.26,Success
pay_100724,m_1003,cust_1064,2026-04-02 03:00:00,Wallet,Axis Wallet,8273.95,Success
pay_100015,m_1004,cust_1065,2026-04-02 03:00:00,UPI,ICICI UPI,15437.04,Success
pay_100954,m_1002,cust_1066,2026-04-02 05:00:00,Wallet,Razorpay,13923.98,Failed
pay_103966,m_1000,cust_1067,2026-04-02 06:00:00,Card,SBI Card Gateway,27282.69,Failed
pay_100475,m_1002,cust_1068,2026-04-02 08:00:00,UPI,HDFC Gateway,2863.5,Failed
pay_104361,m_1002,cust_1069,2026-04-02 09:00:00,UPI,Axis Wallet,2813.18,Success
pay_100612,m_1002,cust_1070,2026-04-02 11:00:00,NetBanking,HDFC Gateway,603.03,Failed
pay_100917,m_1000,cust_1071,2026-04-02 11:00:00,Card,Razorpay,1158.64,Failed
pay_100159,m_1001,cust_1072,2026-04-02 12:00:00,Card,Razorpay,3206.82,Failed
pay_101415,m_1001,cust_1073,2026-04-02 12:00:00,Card,SBI Card Gateway,5777.27,Failed
pay_103325,m_1003,cust_1074,2026-04-02 16:00:00,Card,SBI Card Gateway,854.83,Success
pay_101725,m_1002,cust_1075,2026-04-02 16:00:00,UPI,Razorpay,2629.93,Failed
pay_104952,m_1002,cust_1076,2026-04-02 17:00:00,Card,Razorpay,303.17,Success
pay_104071,m_1001,cust_1077,2026-04-02 17:00:00,Card,Axis Wallet,1708.46,Failed
pay_100277,m_1002,cust_1078,2026-04-02 17:00:00,Card,ICICI UPI,5039.85,Success
pay_100689,m_1000,cust_1079,2026-04-02 18:00:00,Wallet,Axis Wallet,1188.6,Failed
pay_103073,m_1004,cust_1080,2026-04-02 19:00:00,UPI,Razorpay,1880.13,Success
pay_101211,m_1000,cust_1081,2026-04-02 20:00:00,NetBanking,HDFC Gateway,4074.23,Success
pay_104224,m_1004,cust_1082,2026-04-02 21:00:00,Card,Razorpay,1530.07,Failed
pay_102987,m_1001,cust_1083,2026-04-02 21:00:00,UPI,Razorpay,5279.72,Failed
pay_100024,m_1001,cust_1084,2026-04-02 22:00:00,UPI,ICICI UPI,34497.02,Failed
pay_100805,m_1004,cust_1085,2026-04-02 23:00:00,Card,ICICI UPI,1311.66,Success
pay_103564,m_1002,cust_1086,2026-04-02 23:00:00,Card,HDFC Gateway,3617.32,Success
pay_103349,m_1004,cust_1087,2026-04-03 01:00:00,Card,Razorpay,2060.9,Failed
pay_101497,m_1001,cust_1088,2026-04-03 02:00:00,Wallet,ICICI UPI,686.38,Failed
pay_100111,m_1004,cust_1089,2026-04-03 02:00:00,UPI,Razorpay,768.99,Failed
pay_100106,m_1003,cust_1090,2026-04-03 03:00:00,UPI,Razorpay,4011.57,Failed
pay_102602,m_1004,cust_1091,2026-04-03 03:00:00,Wallet,Razorpay,885.44,Failed
pay_100765,m_1001,cust_1092,2026-04-03 04:00:00,UPI,Razorpay,1637.69,Failed
pay_103428,m_1000,cust_1093,2026-04-03 05:00:00,UPI,HDFC Gateway,1405.9,Success
pay_102857,m_1001,cust_1094,2026-04-03 05:00:00,UPI,SBI Card Gateway,1446.59,Success
pay_100597,m_1001,cust_1095,2026-04-03 07:00:00,Card,Razorpay,549.99,Success
pay_101312,m_1001,cust_1096,2026-04-03 07:00:00,Card,ICICI UPI,943.14,Success
pay_101440,m_1004,cust_1097,2026-04-03 07:00:00,UPI,Razorpay,1845.03,Success
pay_103479,m_1004,cust_1098,2026-04-03 08:00:00,Wallet,Razorpay,1222.61,Failed
pay_100601,m_1000,cust_1099,2026-04-03 09:00:00,NetBanking,Razorpay,7189.56,Failed
pay_100209,m_1004,cust_1100,2026-04-03 10:00:00,UPI,SBI Card Gateway,2107.5,Success
pay_101730,m_1004,cust_1101,2026-04-03 11:00:00,NetBanking,Razorpay,4822.89,Failed
pay_100049,m_1000,cust_1102,2026-04-03 12:00:00,Card,Axis Wallet,520.89,Failed
pay_102448,m_1003,cust_1103,2026-04-03 13:00:00,NetBanking,HDFC Gateway,19474.99,Success
pay_103000,m_1003,cust_1104,2026-04-03 13:00:00,UPI,Razorpay,4356.8,Failed
pay_102095,m_1002,cust_1105,2026-04-03 13:00:00,UPI,SBI Card Gateway,10056.2,Failed
pay_100814,m_1004,cust_1106,2026-04-03 14:00:00,UPI,Razorpay,1780.59,Failed
pay_104914,m_1001,cust_1107,2026-04-03 15:00:00,UPI,Razorpay,6628.97,Failed
pay_101468,m_1004,cust_1108,2026-04-03 16:00:00,NetBanking,Razorpay,2388.7,Failed
pay_101913,m_1004,cust_1109,2026-04-03 16:00:00,UPI,ICICI UPI,1253.33,Failed
pay_101241,m_1001,cust_1110,2026-04-03 16:00:00,UPI,ICICI UPI,756.24,Success
pay_100401,m_1000,cust_1111,2026-04-03 16:00:00,UPI,Razorpay,1482.29,Success
pay_103865,m_1002,cust_1112,2026-04-03 19:00:00,UPI,Razorpay,2702.46,Failed
pay_100835,m_1000,cust_1113,2026-04-03 19:00:00,UPI,SBI Card Gateway,3915.07,Failed
pay_101610,m_1004,cust_1114,2026-04-03 20:00:00,UPI,Razorpay,839.71,Success
pay_103223,m_1001,cust_1115,2026-04-03 23:00:00,UPI,ICICI UPI,912.99,Success
pay_103222,m_1000,cust_1116,2026-04-04 00:00:00,Card,Razorpay,998.17,Success
pay_101338,m_1000,cust_1117,2026-04-04 01:00:00,Card,HDFC Gateway,651.69,Success
pay_102661,m_1000,cust_1118,2026-04-04 03:00:00,UPI,Razorpay,3396.0,Failed
pay_102319,m_1002,cust_1119,2026-04-04 04:00:00,NetBanking,Axis Wallet,1866.42,Failed
pay_103543,m_1003,cust_1120,2026-04-04 05:00:00,UPI,HDFC Gateway,2052.75,Success
pay_102211,m_1002,cust_1121,2026-04-04 05:00:00,UPI,ICICI UPI,8164.16,Success
pay_100733,m_1000,cust_1122,2026-04-04 05:00:00,Wallet,SBI Card Gateway,1845.36,Success
pay_103386,m_1003,cust_1123,2026-04-04 06:00:00,UPI,Axis Wallet,5295.27,Success
pay_100001,m_1002,cust_1124,2026-04-04 07:00:00,Card,Razorpay,1451.59,Failed
pay_104275,m_1004,cust_1125,2026-04-04 07:00:00,Card,Razorpay,3697.2,Success
pay_101277,m_1003,cust_1126,2026-04-04 08:00:00,UPI,Axis Wallet,7952.51,Failed
pay_102446,m_1001,cust_1127,2026-04-04 09:00:00,Card,Razorpay,3106.46,Failed
pay_101557,m_1004,cust_1128,2026-04-04 11:00:00,Wallet,HDFC Gateway,723.37,Success
pay_102574,m_1000,cust_1129,2026-04-04 11:00:00,Card,HDFC Gateway,4587.85,Failed
pay_104973,m_1004,cust_1130,2026-04-04 13:00:00,NetBanking,SBI Card Gateway,2519.36,Failed
pay_101824,m_1001,cust_1131,2026-04-04 13:00:00,Card,Razorpay,1870.26,Failed
pay_101869,m_1003,cust_1132,2026-04-04 14:00:00,UPI,SBI Card Gateway,2779.68,Failed
pay_101690,m_1001,cust_1133,2026-04-04 15:00:00,UPI,Razorpay,5952.99,Failed
pay_101057,m_1004,cust_1134,2026-04-04 15:00:00,UPI,SBI Card Gateway,3525.39,Failed
pay_100369,m_1000,cust_1135,2026-04-04 15:00:00,Wallet,Razorpay,8032.09,Failed
pay_100863,m_1002,cust_1136,2026-04-04 15:00:00,UPI,Axis Wallet,12517.4,Failed
pay_104503,m_1004,cust_1137,2026-04-04 16:00:00,NetBanking,Axis Wallet,4605.42,Success
pay_103225,m_1002,cust_1138,2026-04-04 16:00:00,UPI,ICICI UPI,5965.2,Failed
pay_103846,m_1002,cust_1139,2026-04-04 17:00:00,NetBanking,ICICI UPI,3762.91,Failed
pay_100172,m_1000,cust_1140,2026-04-04 17:00:00,NetBanking,Razorpay,3805.84,Success
pay_104428,m_1003,cust_1141,2026-04-04 20:00:00,UPI,Razorpay,1543.27,Failed
pay_103626,m_1004,cust_1142,2026-04-04 20:00:00,Card,Razorpay,7164.39,Failed
pay_102921,m_1001,cust_1143,2026-04-04 21:00:00,Wallet,Axis Wallet,5517.94,Failed
pay_101060,m_1000,cust_1144,2026-04-04 22:00:00,Card,HDFC Gateway,1216.77,Failed
pay_103156,m_1003,cust_1145,2026-04-04 22:00:00,Card,SBI Card Gateway,4492.25,Failed
pay_102994,m_1001,cust_1146,2026-04-04 22:00:00,NetBanking,Razorpay,1542.11,Failed
pay_100644,m_1004,cust_1147,2026-04-04 23:00:00,Card,ICICI UPI,4101.89,Success
pay_104305,m_1000,cust_1148,2026-04-04 23:00:00,Card,Razorpay,2435.32,Failed
pay_103431,m_1003,cust_1149,2026-04-04 23:00:00,Card,HDFC Gateway,4691.58,Success
pay_100910,m_1004,cust_1150,2026-04-04 23:00:00,Card,Axis Wallet,4064.47,Success
pay_104297,m_1001,cust_1151,2026-04-05 00:00:00,UPI,HDFC Gateway,8088.32,Failed
pay_104082,m_1004,cust_1152,2026-04-05 02:00:00,UPI,SBI Card Gateway,3010.47,Failed
pay_103677,m_1002,cust_1153,2026-04-05 03:00:00,UPI,Razorpay,2504.28,Failed
pay_103202,m_1004,cust_1154,2026-04-05 03:00:00,Card,Razorpay,5932.09,Success
pay_102120,m_1004,cust_1155,2026-04-05 04:00:00,UPI,Razorpay,346.45,Success
pay_101774,m_1001,cust_1156,2026-04-05 05:00:00,UPI,Razorpay,2471.07,Failed
pay_100319,m_1002,cust_1157,2026-04-05 06:00:00,Card,Razorpay,3869.8,Success
pay_101147,m_1002,cust_1158,2026-04-05 06:00:00,UPI,Razorpay,1314.92,Failed
pay_104708,m_1002,cust_1159,2026-04-05 09:00:00,Card,Razorpay,6112.69,Failed
pay_100088,m_1002,cust_1160,2026-04-05 09:00:00,UPI,Razorpay,2987.63,Failed
pay_102936,m_1003,cust_1161,2026-04-05 10:00:00,UPI,Razorpay,5099.49,Failed
pay_103246,m_1004,cust_1162,2026-04-05 10:00:00,Wallet,SBI Card Gateway,1192.96,Failed
pay_104348,m_1000,cust_1163,2026-04-05 14:00:00,Wallet,ICICI UPI,2187.97,Failed
pay_104285,m_1004,cust_1164,2026-04-05 14:00:00,UPI,ICICI UPI,1300.3,Failed
pay_100656,m_1002,cust_1165,2026-04-05 16:00:00,Card,Razorpay,4970.75,Failed
pay_100422,m_1001,cust_1166,2026-04-05 17:00:00,Card,HDFC Gateway,5697.57,Failed
pay_104746,m_1001,cust_1167,2026-04-05 18:00:00,UPI,SBI Card Gateway,761.08,Failed
pay_102106,m_1002,cust_1168,2026-04-05 18:00:00,Card,ICICI UPI,1762.82,Success
pay_103186,m_1004,cust_1169,2026-04-05 19:00:00,UPI,Razorpay,445.55,Success
pay_104845,m_1002,cust_1170,2026-04-05 20:00:00,UPI,Razorpay,912.05,Failed
pay_100488,m_1001,cust_1171,2026-04-05 21:00:00,Wallet,Razorpay,2493.82,Failed
pay_100127,m_1002,cust_1172,2026-04-05 22:00:00,Wallet,Razorpay,4152.34,Failed
pay_103581,m_1002,cust_1173,2026-04-05 22:00:00,UPI,ICICI UPI,2576.68,Success
pay_102173,m_1000,cust_1174,2026-04-05 23:00:00,Card,Razorpay,1182.18,Success
pay_104052,m_1000,cust_1175,2026-04-05 23:00:00,Wallet,HDFC Gateway,2184.61,Failed
pay_101821,m_1003,cust_1176,2026-04-05 23:00:00,UPI,Axis Wallet,3475.65,Failed
pay_104277,m_1003,cust_1177,2026-04-05 23:00:00,UPI,Razorpay,6970.65,Success
pay_100206,m_1002,cust_1178,2026-04-06 01:00:00,Card,SBI Card Gateway,1663.99,Failed
pay_102842,m_1003,cust_1179,2026-04-06 01:00:00,Wallet,ICICI UPI,2602.57,Failed
pay_104575,m_1001,cust_1180,2026-04-06 01:00:00,UPI,Razorpay,3080.87,Success
pay_104288,m_1004,cust_1181,2026-04-06 01:00:00,UPI,Razorpay,1794.08,Failed
pay_100713,m_1000,cust_1182,2026-04-06 02:00:00,UPI,SBI Card Gateway,1715.25,Failed
pay_104635,m_1000,cust_1183,2026-04-06 02:00:00,Card,ICICI UPI,1735.28,Success
pay_104422,m_1002,cust_1184,2026-04-06 02:00:00,Card,Axis Wallet,2217.79,Failed
pay_104079,m_1000,cust_1185,2026-04-06 03:00:00,Card,Razorpay,587.45,Failed
pay_103144,m_1003,cust_1186,2026-04-06 04:00:00,Card,ICICI UPI,865.88,Failed
pay_104732,m_1002,cust_1187,2026-04-06 05:00:00,UPI,Razorpay,510.18,Failed
pay_101670,m_1001,cust_1188,2026-04-06 06:00:00,Card,Axis Wallet,2122.1,Success
pay_102280,m_1000,cust_1189,2026-04-06 06:00:00,UPI,Razorpay,2892.49,Success
pay_103111,m_1004,cust_1190,2026-04-06 06:00:00,UPI,Axis Wallet,16102.62,Failed
pay_102942,m_1004,cust_1191,2026-04-06 06:00:00,Card,Razorpay,6047.98,Failed
pay_104840,m_1002,cust_1192,2026-04-06 06:00:00,UPI,Razorpay,1046.5,Success
pay_103905,m_1004,cust_1193,2026-04-06 06:00:00,Wallet,ICICI UPI,4079.1,Failed
pay_101133,m_1000,cust_1194,2026-04-06 07:00:00,Wallet,Razorpay,9376.13,Failed
pay_101274,m_1000,cust_1195,2026-04-06 08:00:00,UPI,Razorpay,3188.01,Failed
pay_102175,m_1002,cust_1196,2026-04-06 08:00:00,UPI,Razorpay,4440.37,Failed
pay_100741,m_1000,cust_1197,2026-04-06 08:00:00,NetBanking,HDFC Gateway,846.42,Failed
pay_104771,m_1004,cust_1198,2026-04-06 10:00:00,Card,Razorpay,525.15,Success
pay_104628,m_1001,cust_1199,2026-04-06 10:00:00,Card,Razorpay,2149.13,Failed
pay_102782,m_1000,cust_1200,2026-04-06 12:00:00,Card,Razorpay,4760.45,Failed
pay_101203,m_1000,cust_1201,2026-04-06 13:00:00,UPI,SBI Card Gateway,1284.32,Failed
pay_100013,m_1004,cust_1202,2026-04-06 14:00:00,UPI,ICICI UPI,2489.09,Failed
pay_103047,m_1002,cust_1203,2026-04-06 17:00:00,Card,HDFC Gateway,1548.99,Success
pay_103633,m_1004,cust_1204,2026-04-06 17:00:00,UPI,Razorpay,1469.86,Failed
pay_103132,m_1001,cust_1205,2026-04-06 18:00:00,UPI,Razorpay,3578.15,Failed
pay_103345,m_1000,cust_1206,2026-04-06 19:00:00,NetBanking,Razorpay,3991.91,Failed
pay_101867,m_1003,cust_1207,2026-04-06 19:00:00,NetBanking,HDFC Gateway,2376.08,Success
pay_100050,m_1000,cust_1208,2026-04-06 20:00:00,UPI,ICICI UPI,2474.82,Failed
pay_102364,m_1003,cust_1209,2026-04-06 20:00:00,Wallet,ICICI UPI,6316.83,Failed
pay_103699,m_1000,cust_1210,2026-04-06 21:00:00,UPI,Razorpay,8003.56,Success
pay_101300,m_1002,cust_1211,2026-04-06 21:00:00,Card,Razorpay,474.23,Failed
pay_104042,m_1004,cust_1212,2026-04-06 21:00:00,Card,SBI Card Gateway,15507.41,Failed
pay_103783,m_1004,cust_1213,2026-04-06 22:00:00,UPI,Razorpay,979.05,Success
pay_104238,m_1004,cust_1214,2026-04-06 22:00:00,Card,Razorpay,4009.99,Failed
pay_101673,m_1004,cust_1215,2026-04-07 02:00:00,NetBanking,Razorpay,859.56,Success
pay_100233,m_1001,cust_1216,2026-04-07 02:00:00,UPI,HDFC Gateway,852.11,Failed
pay_102604,m_1003,cust_1217,2026-04-07 03:00:00,UPI,Razorpay,225.69,Failed
pay_102421,m_1003,cust_1218,2026-04-07 04:00:00,UPI,HDFC Gateway,486.99,Failed
pay_100041,m_1000,cust_1219,2026-04-07 04:00:00,Card,ICICI UPI,349.3,Failed
pay_100246,m_1003,cust_1220,2026-04-07 06:00:00,UPI,ICICI UPI,2683.95,Success
pay_104859,m_1002,cust_1221,2026-04-07 07:00:00,Card,Razorpay,1818.88,Success
pay_104336,m_1001,cust_1222,2026-04-07 08:00:00,Card,ICICI UPI,5550.52,Success
pay_104898,m_1000,cust_1223,2026-04-07 09:00:00,UPI,Razorpay,8754.73,Success
pay_104064,m_1002,cust_1224,2026-04-07 10:00:00,Card,Razorpay,804.67,Success
pay_104603,m_1003,cust_1225,2026-04-07 10:00:00,Wallet,HDFC Gateway,4142.02,Success
pay_101072,m_1003,cust_1226,2026-04-07 10:00:00,NetBanking,Razorpay,7927.34,Success
pay_104263,m_1004,cust_1227,2026-04-07 10:00:00,UPI,Razorpay,4027.91,Failed
pay_103707,m_1003,cust_1228,2026-04-07 12:00:00,Card,Razorpay,1727.65,Failed
pay_104783,m_1002,cust_1229,2026-04-07 12:00:00,NetBanking,Razorpay,2778.76,Failed
pay_104879,m_1003,cust_1230,2026-04-07 12:00:00,NetBanking,SBI Card Gateway,3432.34,Failed
pay_102605,m_1000,cust_1231,2026-04-07 15:00:00,NetBanking,HDFC Gateway,1863.99,Failed
pay_101097,m_1002,cust_1232,2026-04-07 15:00:00,Card,Razorpay,2452.9,Failed
pay_103568,m_1000,cust_1233,2026-04-07 16:00:00,UPI,ICICI UPI,776.05,Failed
pay_102428,m_1001,cust_1234,2026-04-07 19:00:00,Wallet,HDFC Gateway,5779.72,Failed
pay_104545,m_1003,cust_1235,2026-04-07 19:00:00,Card,ICICI UPI,8769.52,Failed
pay_103281,m_1002,cust_1236,2026-04-07 19:00:00,UPI,Razorpay,2591.36,Failed
pay_103990,m_1000,cust_1237,2026-04-07 19:00:00,Card,HDFC Gateway,2733.78,Success
pay_102513,m_1001,cust_1238,2026-04-07 20:00:00,Card,Razorpay,1295.69,Success
pay_101994,m_1000,cust_1239,2026-04-07 21:00:00,UPI,Razorpay,3114.69,Failed
pay_103991,m_1000,cust_1240,2026-04-07 22:00:00,UPI,HDFC Gateway,1609.03,Success
pay_101789,m_1000,cust_1241,2026-04-07 23:00:00,UPI,Razorpay,1867.6,Failed
pay_100492,m_1000,cust_1242,2026-04-08 00:00:00,Wallet,ICICI UPI,1008.86,Failed
pay_104805,m_1003,cust_1243,2026-04-08 01:00:00,Card,SBI Card Gateway,2689.17,Failed
pay_102502,m_1002,cust_1244,2026-04-08 01:00:00,UPI,Razorpay,3989.56,Success
pay_101064,m_1000,cust_1245,2026-04-08 01:00:00,UPI,Razorpay,1304.97,Success
pay_103584,m_1004,cust_1246,2026-04-08 03:00:00,Card,Razorpay,1299.69,Failed
pay_102347,m_1000,cust_1247,2026-04-08 04:00:00,UPI,Razorpay,2346.57,Failed
pay_104314,m_1002,cust_1248,2026-04-08 06:00:00,Wallet,Razorpay,2199.61,Failed
pay_101377,m_1003,cust_1249,2026-04-08 06:00:00,UPI,Razorpay,1385.52,Failed
pay_103095,m_1002,cust_1000,2026-04-08 07:00:00,Card,Razorpay,3127.61,Failed
pay_101666,m_1003,cust_1001,2026-04-08 07:00:00,Card,SBI Card Gateway,4940.68,Failed
pay_102361,m_1000,cust_1002,2026-04-08 08:00:00,Card,Razorpay,1670.96,Failed
pay_104533,m_1001,cust_1003,2026-04-08 08:00:00,UPI,SBI Card Gateway,5363.83,Success
pay_103614,m_1002,cust_1004,2026-04-08 09:00:00,NetBanking,HDFC Gateway,3473.67,Success
pay_102098,m_1003,cust_1005,2026-04-08 09:00:00,NetBanking,ICICI UPI,2383.44,Failed
pay_103052,m_1001,cust_1006,2026-04-08 09:00:00,UPI,Axis Wallet,2099.05,Failed
pay_102048,m_1001,cust_1007,2026-04-08 10:00:00,Card,Razorpay,5587.95,Success
pay_104844,m_1002,cust_1008,2026-04-08 10:00:00,UPI,Axis Wallet,8036.78,Failed
pay_101983,m_1004,cust_1009,2026-04-08 11:00:00,UPI,Razorpay,17637.57,Failed
pay_103722,m_1000,cust_1010,2026-04-08 11:00:00,Card,ICICI UPI,4237.82,Success
pay_104558,m_1001,cust_1011,2026-04-08 12:00:00,UPI,ICICI UPI,8372.38,Failed
pay_102351,m_1003,cust_1012,2026-04-08 13:00:00,Card,HDFC Gateway,1290.36,Failed
pay_103456,m_1003,cust_1013,2026-04-08 13:00:00,UPI,SBI Card Gateway,3395.78,Failed
pay_101233,m_1002,cust_1014,2026-04-08 15:00:00,NetBanking,Razorpay,9727.43,Failed
pay_102043,m_1001,cust_1015,2026-04-08 16:00:00,UPI,Razorpay,1239.82,Failed
pay_103465,m_1002,cust_1016,2026-04-08 16:00:00,UPI,Razorpay,3557.9,Success
pay_103365,m_1002,cust_1017,2026-04-08 17:00:00,UPI,Razorpay,2502.06,Failed
pay_100894,m_1000,cust_1018,2026-04-08 17:00:00,Card,ICICI UPI,1775.04,Success
pay_103767,m_1004,cust_1019,2026-04-08 18:00:00,UPI,ICICI UPI,1227.07,Failed
pay_103166,m_1004,cust_1020,2026-04-08 19:00:00,UPI,Axis Wallet,2542.0,Failed
pay_102293,m_1003,cust_1021,2026-04-08 20:00:00,Card,Razorpay,1337.68,Failed
pay_100462,m_1004,cust_1022,2026-04-08 20:00:00,UPI,ICICI UPI,5354.66,Success
pay_104469,m_1000,cust_1023,2026-04-08 21:00:00,Wallet,Razorpay,1019.57,Success
pay_100359,m_1004,cust_1024,2026-04-08 21:00:00,Card,Razorpay,2717.85,Success
pay_103075,m_1002,cust_1025,2026-04-08 23:00:00,NetBanking,ICICI UPI,3205.65,Success
pay_104777,m_1000,cust_1026,2026-04-08 23:00:00,UPI,Razorpay,1648.13,Failed
pay_102986,m_1003,cust_1027,2026-04-09 01:00:00,Wallet,Razorpay,3548.7,Success
pay_103027,m_1001,cust_1028,2026-04-09 02:00:00,Card,Razorpay,815.96,Failed
pay_104201,m_1002,cust_1029,2026-04-09 03:00:00,Wallet,HDFC Gateway,6658.2,Success
pay_101898,m_1001,cust_1030,2026-04-09 03:00:00,UPI,Axis Wallet,10326.02,Success
pay_103251,m_1004,cust_1031,2026-04-09 03:00:00,UPI,Razorpay,3174.65,Success
pay_100377,m_1001,cust_1032,2026-04-09 04:00:00,UPI,Razorpay,10791.47,Failed
pay_100390,m_1001,cust_1033,2026-04-09 05:00:00,Card,Razorpay,1996.13,Failed
pay_104996,m_1000,cust_1034,2026-04-09 05:00:00,Card,HDFC Gateway,9918.52,Failed
pay_102324,m_1004,cust_1035,2026-04-09 05:00:00,UPI,Razorpay,1160.16,Failed
pay_103182,m_1000,cust_1036,2026-04-09 05:00:00,UPI,HDFC Gateway,516.35,Success
pay_102042,m_1001,cust_1037,2026-04-09 06:00:00,Wallet,Razorpay,8569.35,Failed
pay_104814,m_1004,cust_1038,2026-04-09 07:00:00,UPI,SBI Card Gateway,5781.38,Failed
pay_103471,m_1001,cust_1039,2026-04-09 07:00:00,Card,ICICI UPI,4094.37,Failed
pay_102402,m_1001,cust_1040,2026-04-09 08:00:00,Card,Razorpay,548.12,Failed
pay_100511,m_1004,cust_1041,2026-04-09 08:00:00,NetBanking,HDFC Gateway,6260.85,Success
pay_104646,m_1003,cust_1042,2026-04-09 08:00:00,UPI,ICICI UPI,2191.09,Success
pay_102124,m_1004,cust_1043,2026-04-09 10:00:00,Wallet,Razorpay,17872.9,Failed
pay_100877,m_1001,cust_1044,2026-04-09 11:00:00,Card,Axis Wallet,852.03,Failed
pay_103019,m_1000,cust_1045,2026-04-09 11:00:00,UPI,HDFC Gateway,734.62,Failed
pay_102171,m_1001,cust_1046,2026-04-09 12:00:00,NetBanking,SBI Card Gateway,2852.42,Failed
pay_100061,m_1000,cust_1047,2026-04-09 13:00:00,Card,Axis Wallet,3111.91,Success
pay_103361,m_1002,cust_1048,2026-04-09 13:00:00,UPI,HDFC Gateway,859.5,Failed
pay_103493,m_1002,cust_1049,2026-04-09 16:00:00,Card,Axis Wallet,1101.11,Success
pay_101512,m_1002,cust_1050,2026-04-09 17:00:00,Card,Razorpay,2002.0,Failed
pay_101741,m_1002,cust_1051,2026-04-09 18:00:00,Card,SBI Card Gateway,1100.15,Success
pay_101138,m_1001,cust_1052,2026-04-09 18:00:00,Card,Razorpay,4366.98,Success
pay_100058,m_1004,cust_1053,2026-04-09 19:00:00,Card,ICICI UPI,28118.49,Failed
pay_102637,m_1003,cust_1054,2026-04-09 19:00:00,NetBanking,Razorpay,3691.29,Failed
pay_101844,m_1002,cust_1055,2026-04-09 21:00:00,Card,ICICI UPI,1584.81,Success
pay_103625,m_1001,cust_1056,2026-04-09 21:00:00,Card,Razorpay,1150.11,Success
pay_101035,m_1003,cust_1057,2026-04-09 22:00:00,Wallet,ICICI UPI,1136.13,Failed
pay_101393,m_1003,cust_1058,2026-04-10 00:00:00,Card,Axis Wallet,4173.02,Failed
pay_101721,m_1000,cust_1059,2026-04-10 02:00:00,Card,SBI Card Gateway,1083.88,Failed
pay_101965,m_1004,cust_1060,2026-04-10 03:00:00,UPI,SBI Card Gateway,17438.31,Success
pay_102114,m_1004,cust_1061,2026-04-10 03:00:00,Card,Razorpay,17127.81,Failed
pay_104192,m_1001,cust_1062,2026-04-10 04:00:00,Card,Razorpay,725.26,Failed
pay_103262,m_1000,cust_1063,2026-04-10 05:00:00,UPI,HDFC Gateway,1523.48,Failed
pay_104338,m_1004,cust_1064,2026-04-10 08:00:00,UPI,ICICI UPI,928.1,Failed
pay_103848,m_1001,cust_1065,2026-04-10 08:00:00,NetBanking,Axis Wallet,3237.64,Failed
pay_103194,m_1000,cust_1066,2026-04-10 10:00:00,UPI,Razorpay,2021.23,Failed
pay_101280,m_1000,cust_1067,2026-04-10 10:00:00,UPI,Axis Wallet,3011.73,Failed
pay_103929,m_1004,cust_1068,2026-04-10 11:00:00,Card,Razorpay,6340.86,Failed
pay_101860,m_1000,cust_1069,2026-04-10 11:00:00,Wallet,ICICI UPI,2002.21,Failed
pay_101281,m_1001,cust_1070,2026-04-10 12:00:00,Card,ICICI UPI,19294.55,Failed
pay_101448,m_1001,cust_1071,2026-04-10 13:00:00,Card,Razorpay,2317.62,Success
pay_104306,m_1002,cust_1072,2026-04-10 13:00:00,UPI,Razorpay,830.09,Failed
pay_100602,m_1003,cust_1073,2026-04-10 14:00:00,NetBanking,SBI Card Gateway,350.43,Success
pay_100431,m_1000,cust_1074,2026-04-10 14:00:00,Card,SBI Card Gateway,3638.53,Success
pay_102057,m_1003,cust_1075,2026-04-10 16:00:00,Wallet,Axis Wallet,5544.3,Failed
pay_101601,m_1003,cust_1076,2026-04-10 16:00:00,UPI,Razorpay,10279.54,Failed
pay_103266,m_1000,cust_1077,2026-04-10 16:00:00,Card,Razorpay,1436.07,Failed
pay_100804,m_1003,cust_1078,2026-04-10 17:00:00,Card,SBI Card Gateway,447.33,Failed
pay_100738,m_1003,cust_1079,2026-04-10 17:00:00,Card,Razorpay,2394.33,Failed
pay_100470,m_1002,cust_1080,2026-04-10 17:00:00,UPI,Razorpay,5463.5,Success
pay_104068,m_1000,cust_1081,2026-04-10 18:00:00,Card,ICICI UPI,6555.38,Failed
pay_102343,m_1001,cust_1082,2026-04-10 19:00:00,NetBanking,HDFC Gateway,3601.86,Success
pay_103228,m_1000,cust_1083,2026-04-10 19:00:00,UPI,Razorpay,4039.85,Failed
pay_103649,m_1002,cust_1084,2026-04-10 20:00:00,Card,Razorpay,2389.28,Failed
pay_104444,m_1000,cust_1085,2026-04-10 21:00:00,Card,Razorpay,4113.14,Failed
pay_100756,m_1000,cust_1086,2026-04-10 21:00:00,NetBanking,Razorpay,5087.97,Failed
pay_104090,m_1000,cust_1087,2026-04-10 22:00:00,Card,ICICI UPI,545.82,Failed
pay_100214,m_1000,cust_1088,2026-04-10 23:00:00,Card,Razorpay,4005.94,Failed
pay_100630,m_1002,cust_1089,2026-04-10 23:00:00,UPI,HDFC Gateway,12275.47,Success
pay_101001,m_1002,cust_1090,2026-04-11 00:00:00,UPI,Razorpay,18487.3,Success
pay_100376,m_1003,cust_1091,2026-04-11 00:00:00,Card,Axis Wallet,1541.76,Failed
pay_103387,m_1001,cust_1092,2026-04-11 01:00:00,NetBanking,Razorpay,4115.64,Failed
pay_103013,m_1000,cust_1093,2026-04-11 01:00:00,UPI,Razorpay,2427.15,Success
pay_100556,m_1003,cust_1094,2026-04-11 03:00:00,UPI,ICICI UPI,3949.04,Success
pay_101590,m_1003,cust_1095,2026-04-11 03:00:00,Card,ICICI UPI,1665.08,Failed
pay_104668,m_1000,cust_1096,2026-04-11 03:00:00,UPI,SBI Card Gateway,4827.03,Failed
pay_100012,m_1001,cust_1097,2026-04-11 04:00:00,UPI,ICICI UPI,1262.75,Failed
pay_101859,m_1002,cust_1098,2026-04-11 07:00:00,Card,ICICI UPI,1676.71,Success
pay_104704,m_1003,cust_1099,2026-04-11 07:00:00,UPI,Razorpay,2745.99,Failed
pay_103540,m_1001,cust_1100,2026-04-11 08:00:00,UPI,SBI Card Gateway,3079.62,Failed
pay_102056,m_1004,cust_1101,2026-04-11 08:00:00,UPI,ICICI UPI,578.41,Success
pay_100661,m_1004,cust_1102,2026-04-11 08:00:00,Card,HDFC Gateway,664.85,Success
pay_102399,m_1000,cust_1103,2026-04-11 08:00:00,Card,Razorpay,1992.86,Failed
pay_103472,m_1001,cust_1104,2026-04-11 08:00:00,UPI,ICICI UPI,3594.2,Success
pay_100885,m_1003,cust_1105,2026-04-11 09:00:00,UPI,HDFC Gateway,4122.95,Failed
pay_101348,m_1000,cust_1106,2026-04-11 09:00:00,Card,Axis Wallet,988.33,Failed
pay_101572,m_1000,cust_1107,2026-04-11 11:00:00,UPI,SBI Card Gateway,1735.09,Failed
pay_103957,m_1001,cust_1108,2026-04-11 11:00:00,UPI,Razorpay,418.56,Failed
pay_104931,m_1000,cust_1109,2026-04-11 12:00:00,UPI,HDFC Gateway,10291.18,Failed
pay_102964,m_1001,cust_1110,2026-04-11 12:00:00,Card,Razorpay,4635.44,Success
pay_103850,m_1004,cust_1111,2026-04-11 13:00:00,Card,Razorpay,1220.45,Success
pay_101231,m_1004,cust_1112,2026-04-11 13:00:00,Wallet,ICICI UPI,7928.51,Success
pay_101008,m_1004,cust_1113,2026-04-11 14:00:00,UPI,HDFC Gateway,4272.84,Success
pay_104278,m_1003,cust_1114,2026-04-11 14:00:00,Card,HDFC Gateway,4281.59,Failed
pay_103679,m_1001,cust_1115,2026-04-11 14:00:00,UPI,SBI Card Gateway,764.57,Success
pay_101713,m_1003,cust_1116,2026-04-11 14:00:00,UPI,HDFC Gateway,926.1,Success
pay_103945,m_1000,cust_1117,2026-04-11 15:00:00,NetBanking,ICICI UPI,2114.71,Success
pay_102086,m_1004,cust_1118,2026-04-11 16:00:00,Card,Razorpay,12439.42,Success
pay_101217,m_1003,cust_1119,2026-04-11 18:00:00,UPI,Razorpay,2181.67,Failed
pay_103030,m_1000,cust_1120,2026-04-11 18:00:00,UPI,Razorpay,3973.25,Failed
pay_103998,m_1002,cust_1121,2026-04-11 23:00:00,UPI,SBI Card Gateway,1062.25,Failed
pay_101723,m_1004,cust_1122,2026-04-12 00:00:00,UPI,Razorpay,1442.27,Failed
pay_101032,m_1002,cust_1123,2026-04-12 02:00:00,Wallet,Razorpay,1267.95,Success
pay_102572,m_1001,cust_1124,2026-04-12 03:00:00,Card,HDFC Gateway,1108.3,Failed
pay_104132,m_1002,cust_1125,2026-04-12 03:00:00,NetBanking,SBI Card Gateway,4443.02,Failed
pay_100736,m_1004,cust_1126,2026-04-12 03:00:00,UPI,Razorpay,3893.35,Failed
pay_102708,m_1001,cust_1127,2026-04-12 03:00:00,UPI,ICICI UPI,3080.02,Failed
pay_100316,m_1000,cust_1128,2026-04-12 04:00:00,UPI,SBI Card Gateway,7926.91,Failed
pay_103279,m_1000,cust_1129,2026-04-12 06:00:00,Card,Razorpay,10546.39,Success
pay_100759,m_1004,cust_1130,2026-04-12 06:00:00,Wallet,Razorpay,894.44,Success
pay_103933,m_1001,cust_1131,2026-04-12 06:00:00,Card,SBI Card Gateway,2906.82,Success
pay_102690,m_1000,cust_1132,2026-04-12 07:00:00,UPI,Razorpay,6205.83,Failed
pay_104599,m_1002,cust_1133,2026-04-12 07:00:00,Card,Razorpay,897.52,Success
pay_100730,m_1003,cust_1134,2026-04-12 10:00:00,Card,Razorpay,2679.39,Failed
pay_103244,m_1003,cust_1135,2026-04-12 10:00:00,UPI,Razorpay,769.05,Failed
pay_104593,m_1000,cust_1136,2026-04-12 11:00:00,Wallet,Razorpay,764.72,Failed
pay_103353,m_1002,cust_1137,2026-04-12 12:00:00,Card,Razorpay,442.71,Failed
pay_103952,m_1003,cust_1138,2026-04-12 13:00:00,Wallet,Axis Wallet,2141.84,Failed
pay_104685,m_1000,cust_1139,2026-04-12 14:00:00,Wallet,Razorpay,3502.12,Failed
pay_102267,m_1003,cust_1140,2026-04-12 14:00:00,UPI,Razorpay,5015.22,Success
pay_103046,m_1002,cust_1141,2026-04-12 15:00:00,Card,Razorpay,7401.36,Success
pay_100712,m_1001,cust_1142,2026-04-12 15:00:00,Card,Razorpay,5989.62,Failed
pay_101784,m_1001,cust_1143,2026-04-12 17:00:00,Card,HDFC Gateway,831.77,Failed
pay_104940,m_1004,cust_1144,2026-04-12 17:00:00,Card,Axis Wallet,15620.19,Failed
pay_100317,m_1000,cust_1145,2026-04-12 18:00:00,Card,Razorpay,7920.27,Failed
pay_101878,m_1000,cust_1146,2026-04-12 19:00:00,UPI,Razorpay,1700.4,Success
pay_102017,m_1004,cust_1147,2026-04-12 21:00:00,Wallet,Razorpay,921.92,Failed
pay_104140,m_1003,cust_1148,2026-04-12 22:00:00,Card,SBI Card Gateway,4734.63,Failed
pay_104120,m_1003,cust_1149,2026-04-12 22:00:00,Card,Razorpay,8074.48,Success
pay_100675,m_1003,cust_1150,2026-04-12 23:00:00,Card,Razorpay,680.49,Failed
pay_104851,m_1004,cust_1151,2026-04-12 23:00:00,Card,ICICI UPI,1953.28,Failed
pay_101669,m_1001,cust_1152,2026-04-12 23:00:00,Card,HDFC Gateway,2337.11,Success
pay_103714,m_1000,cust_1153,2026-04-13 00:00:00,Card,HDFC Gateway,1431.25,Success
pay_101597,m_1000,cust_1154,2026-04-13 02:00:00,Card,Razorpay,2112.79,Failed
pay_102066,m_1004,cust_1155,2026-04-13 02:00:00,UPI,Razorpay,517.96,Failed
pay_103835,m_1003,cust_1156,2026-04-13 03:00:00,NetBanking,SBI Card Gateway,1670.38,Success
pay_101136,m_1004,cust_1157,2026-04-13 03:00:00,NetBanking,ICICI UPI,1873.99,Success
pay_102858,m_1003,cust_1158,2026-04-13 05:00:00,NetBanking,Razorpay,2165.89,Success
pay_102854,m_1003,cust_1159,2026-04-13 07:00:00,Wallet,SBI Card Gateway,1143.42,Failed
pay_104689,m_1001,cust_1160,2026-04-13 08:00:00,NetBanking,Razorpay,9054.41,Success
pay_104537,m_1003,cust_1161,2026-04-13 09:00:00,Wallet,Razorpay,1448.63,Success
pay_100680,m_1004,cust_1162,2026-04-13 09:00:00,Card,SBI Card Gateway,5377.59,Failed
pay_104945,m_1004,cust_1163,2026-04-13 10:00:00,Card,SBI Card Gateway,14175.16,Success
pay_101118,m_1002,cust_1164,2026-04-13 10:00:00,Card,Axis Wallet,754.55,Failed
pay_100460,m_1003,cust_1165,2026-04-13 10:00:00,Wallet,SBI Card Gateway,1021.84,Success
pay_102597,m_1000,cust_1166,2026-04-13 11:00:00,Card,Axis Wallet,5049.22,Failed
pay_103938,m_1002,cust_1167,2026-04-13 12:00:00,Card,Razorpay,1783.86,Failed
pay_100792,m_1002,cust_1168,2026-04-13 13:00:00,Card,Axis Wallet,1805.79,Failed
pay_100173,m_1000,cust_1169,2026-04-13 14:00:00,UPI,ICICI UPI,10360.07,Failed
pay_102792,m_1002,cust_1170,2026-04-13 15:00:00,Card,Razorpay,1057.18,Success
pay_103399,m_1002,cust_1171,2026-04-13 16:00:00,UPI,Razorpay,2352.95,Failed
pay_100696,m_1002,cust_1172,2026-04-13 16:00:00,Card,Axis Wallet,8988.7,Success
pay_102937,m_1004,cust_1173,2026-04-13 16:00:00,UPI,SBI Card Gateway,1492.35,Failed
pay_103730,m_1000,cust_1174,2026-04-13 17:00:00,Card,ICICI UPI,1881.9,Failed
pay_101640,m_1004,cust_1175,2026-04-13 17:00:00,Card,Razorpay,3126.34,Failed
pay_104420,m_1002,cust_1176,2026-04-13 17:00:00,Wallet,ICICI UPI,4064.83,Failed
pay_100224,m_1000,cust_1177,2026-04-13 17:00:00,Card,HDFC Gateway,1134.11,Failed
pay_103640,m_1000,cust_1178,2026-04-13 18:00:00,UPI,Razorpay,801.72,Success
pay_100726,m_1004,cust_1179,2026-04-13 19:00:00,Card,Razorpay,1593.09,Failed
pay_104385,m_1003,cust_1180,2026-04-13 20:00:00,Card,ICICI UPI,921.72,Failed
pay_101207,m_1003,cust_1181,2026-04-13 21:00:00,Card,Razorpay,5539.63,Failed
pay_104903,m_1004,cust_1182,2026-04-13 23:00:00,UPI,Razorpay,17781.06,Failed
pay_101902,m_1002,cust_1183,2026-04-14 00:00:00,Card,HDFC Gateway,6824.58,Success
pay_100394,m_1003,cust_1184,2026-04-14 00:00:00,Card,Razorpay,2696.95,Failed
pay_102063,m_1000,cust_1185,2026-04-14 01:00:00,NetBanking,HDFC Gateway,7597.44,Failed
pay_102968,m_1002,cust_1186,2026-04-14 01:00:00,UPI,Razorpay,1305.37,Success
pay_100235,m_1003,cust_1187,2026-04-14 02:00:00,UPI,Axis Wallet,2515.0,Success
pay_102984,m_1004,cust_1188,2026-04-14 02:00:00,UPI,SBI Card Gateway,632.07,Failed
pay_102018,m_1002,cust_1189,2026-04-14 02:00:00,Card,SBI Card Gateway,1182.85,Failed
pay_101749,m_1003,cust_1190,2026-04-14 03:00:00,NetBanking,HDFC Gateway,1569.89,Failed
pay_103092,m_1002,cust_1191,2026-04-14 04:00:00,Card,Razorpay,4068.91,Failed
pay_104863,m_1003,cust_1192,2026-04-14 07:00:00,UPI,Axis Wallet,3181.91,Failed
pay_104413,m_1003,cust_1193,2026-04-14 08:00:00,NetBanking,HDFC Gateway,529.74,Success
pay_102130,m_1002,cust_1194,2026-04-14 09:00:00,Card,Axis Wallet,2220.38,Failed
pay_100773,m_1001,cust_1195,2026-04-14 10:00:00,Card,Razorpay,2547.13,Failed
pay_101674,m_1001,cust_1196,2026-04-14 10:00:00,UPI,HDFC Gateway,1786.68,Failed
pay_101331,m_1003,cust_1197,2026-04-14 10:00:00,Wallet,HDFC Gateway,865.68,Failed
pay_100014,m_1003,cust_1198,2026-04-14 11:00:00,Wallet,Razorpay,1471.55,Success
pay_102980,m_1000,cust_1199,2026-04-14 12:00:00,UPI,Axis Wallet,677.62,Failed
pay_100176,m_1003,cust_1200,2026-04-14 13:00:00,UPI,Razorpay,506.48,Failed
pay_100211,m_1004,cust_1201,2026-04-14 14:00:00,Card,Razorpay,380.89,Success
pay_104177,m_1003,cust_1202,2026-04-14 14:00:00,NetBanking,Razorpay,955.75,Success
pay_100429,m_1001,cust_1203,2026-04-14 20:00:00,Card,ICICI UPI,274.97,Failed
pay_103906,m_1002,cust_1204,2026-04-14 21:00:00,Card,Razorpay,2650.8,Failed
pay_102940,m_1002,cust_1205,2026-04-14 21:00:00,Card,HDFC Gateway,2086.28,Success
pay_104164,m_1004,cust_1206,2026-04-15 00:00:00,UPI,SBI Card Gateway,3069.63,Failed
pay_102352,m_1000,cust_1207,2026-04-15 00:00:00,Card,HDFC Gateway,1939.28,Failed
pay_102294,m_1000,cust_1208,2026-04-15 00:00:00,Card,Razorpay,1014.79,Success
pay_102054,m_1001,cust_1209,2026-04-15 00:00:00,Wallet,Razorpay,2724.11,Success
pay_104286,m_1004,cust_1210,2026-04-15 01:00:00,Card,SBI Card Gateway,5462.69,Failed
pay_101196,m_1001,cust_1211,2026-04-15 04:00:00,UPI,HDFC Gateway,3297.73,Failed
pay_104213,m_1002,cust_1212,2026-04-15 04:00:00,UPI,Razorpay,544.97,Failed
pay_101275,m_1000,cust_1213,2026-04-15 05:00:00,UPI,Razorpay,2387.36,Failed
pay_103150,m_1002,cust_1214,2026-04-15 07:00:00,Card,SBI Card Gateway,1682.95,Failed
pay_103553,m_1004,cust_1215,2026-04-15 07:00:00,Wallet,SBI Card Gateway,1544.3,Failed
pay_104418,m_1002,cust_1216,2026-04-15 07:00:00,Card,Razorpay,6946.92,Failed
pay_103445,m_1001,cust_1217,2026-04-15 11:00:00,UPI,Razorpay,2761.96,Failed
pay_103869,m_1003,cust_1218,2026-04-15 12:00:00,Wallet,Razorpay,1648.03,Failed
pay_103855,m_1002,cust_1219,2026-04-15 13:00:00,Card,Razorpay,2089.17,Failed
pay_101076,m_1004,cust_1220,2026-04-15 13:00:00,UPI,Razorpay,950.42,Failed
pay_101521,m_1001,cust_1221,2026-04-15 13:00:00,UPI,Razorpay,2579.84,Success
pay_104574,m_1002,cust_1222,2026-04-15 14:00:00,Card,ICICI UPI,1076.85,Failed
pay_104518,m_1003,cust_1223,2026-04-15 15:00:00,UPI,Axis Wallet,1763.32,Success
pay_102244,m_1000,cust_1224,2026-04-15 16:00:00,NetBanking,ICICI UPI,4762.46,Failed
pay_102407,m_1001,cust_1225,2026-04-15 17:00:00,UPI,Razorpay,7569.94,Success
pay_103134,m_1001,cust_1226,2026-04-15 17:00:00,UPI,Axis Wallet,1182.13,Failed
pay_104211,m_1004,cust_1227,2026-04-15 18:00:00,Card,Razorpay,4723.14,Success
pay_101893,m_1002,cust_1228,2026-04-15 18:00:00,NetBanking,Razorpay,6104.67,Success
pay_103489,m_1001,cust_1229,2026-04-15 19:00:00,Wallet,Razorpay,1014.92,Success
pay_100891,m_1001,cust_1230,2026-04-15 20:00:00,UPI,HDFC Gateway,3231.14,Failed
pay_101316,m_1003,cust_1231,2026-04-15 21:00:00,UPI,SBI Card Gateway,953.1,Success
pay_100905,m_1004,cust_1232,2026-04-15 21:00:00,UPI,Razorpay,8717.01,Success
pay_103680,m_1000,cust_1233,2026-04-15 22:00:00,UPI,Axis Wallet,5425.65,Success
pay_101044,m_1001,cust_1234,2026-04-15 23:00:00,Card,ICICI UPI,417.4,Failed
pay_100540,m_1002,cust_1235,2026-04-15 23:00:00,Wallet,Razorpay,1914.68,Success
pay_104554,m_1001,cust_1236,2026-04-16 00:00:00,Card,Razorpay,2643.82,Failed
pay_103930,m_1001,cust_1237,2026-04-16 00:00:00,NetBanking,ICICI UPI,9648.6,Failed
pay_104583,m_1000,cust_1238,2026-04-16 03:00:00,Card,Razorpay,1333.85,Success
pay_103049,m_1003,cust_1239,2026-04-16 03:00:00,UPI,HDFC Gateway,2092.47,Success
pay_102798,m_1004,cust_1240,2026-04-16 04:00:00,Card,Razorpay,2693.86,Success
pay_101599,m_1001,cust_1241,2026-04-16 04:00:00,UPI,SBI Card Gateway,2758.14,Failed
pay_102819,m_1001,cust_1242,2026-04-16 05:00:00,Card,Razorpay,2138.36,Failed
pay_104694,m_1002,cust_1243,2026-04-16 06:00:00,NetBanking,ICICI UPI,769.73,Success
pay_103064,m_1002,cust_1244,2026-04-16 08:00:00,UPI,SBI Card Gateway,778.96,Failed
pay_104156,m_1002,cust_1245,2026-04-16 09:00:00,Card,SBI Card Gateway,975.48,Failed
pay_101538,m_1004,cust_1246,2026-04-16 11:00:00,NetBanking,Razorpay,402.73,Success
pay_101040,m_1003,cust_1247,2026-04-16 12:00:00,Wallet,Axis Wallet,1822.97,Failed
pay_102706,m_1003,cust_1248,2026-04-16 12:00:00,UPI,HDFC Gateway,3773.02,Failed
pay_102773,m_1000,cust_1249,2026-04-16 13:00:00,UPI,Razorpay,766.45,Failed
pay_101063,m_1001,cust_1000,2026-04-16 15:00:00,UPI,Razorpay,1813.33,Failed
pay_104453,m_1001,cust_1001,2026-04-16 16:00:00,Card,Razorpay,802.05,Success
pay_100109,m_1003,cust_1002,2026-04-16 16:00:00,UPI,ICICI UPI,8177.56,Success
pay_103067,m_1004,cust_1003,2026-04-16 17:00:00,NetBanking,HDFC Gateway,4372.85,Failed
pay_103004,m_1000,cust_1004,2026-04-16 17:00:00,Card,ICICI UPI,1049.17,Failed
pay_102154,m_1003,cust_1005,2026-04-16 18:00:00,Card,Axis Wallet,1295.74,Success
pay_102841,m_1002,cust_1006,2026-04-16 18:00:00,Card,Razorpay,2589.38,Success
pay_104566,m_1003,cust_1007,2026-04-16 19:00:00,Card,Axis Wallet,10186.82,Failed
pay_103556,m_1002,cust_1008,2026-04-16 19:00:00,Card,HDFC Gateway,1307.84,Success
pay_104532,m_1004,cust_1009,2026-04-16 20:00:00,Card,HDFC Gateway,2913.01,Failed
pay_100222,m_1000,cust_1010,2026-04-16 21:00:00,Card,SBI Card Gateway,18345.88,Success
pay_104567,m_1001,cust_1011,2026-04-16 22:00:00,UPI,Razorpay,740.78,Success
pay_101193,m_1000,cust_1012,2026-04-17 01:00:00,Card,ICICI UPI,1152.44,Failed
pay_103932,m_1004,cust_1013,2026-04-17 02:00:00,Card,HDFC Gateway,486.52,Success
pay_101594,m_1000,cust_1014,2026-04-17 05:00:00,Card,HDFC Gateway,6892.46,Success
pay_100981,m_1002,cust_1015,2026-04-17 06:00:00,UPI,Razorpay,1720.9,Success
pay_102119,m_1004,cust_1016,2026-04-17 08:00:00,UPI,ICICI UPI,1060.32,Success
pay_103104,m_1000,cust_1017,2026-04-17 10:00:00,UPI,Razorpay,1565.95,Success
pay_101347,m_1002,cust_1018,2026-04-17 11:00:00,UPI,ICICI UPI,8984.21,Failed
pay_102140,m_1001,cust_1019,2026-04-17 11:00:00,UPI,ICICI UPI,4839.07,Failed
pay_100042,m_1002,cust_1020,2026-04-17 12:00:00,Card,Razorpay,9909.84,Failed
pay_100085,m_1003,cust_1021,2026-04-17 13:00:00,NetBanking,ICICI UPI,11387.93,Failed
pay_102210,m_1003,cust_1022,2026-04-17 15:00:00,NetBanking,ICICI UPI,3709.16,Failed
pay_100931,m_1004,cust_1023,2026-04-17 15:00:00,NetBanking,Razorpay,5335.87,Success
pay_101302,m_1001,cust_1024,2026-04-17 15:00:00,Wallet,Razorpay,1411.46,Success
pay_102180,m_1000,cust_1025,2026-04-17 15:00:00,UPI,SBI Card Gateway,539.55,Failed
pay_100203,m_1004,cust_1026,2026-04-17 16:00:00,Card,ICICI UPI,2097.45,Success
pay_101732,m_1004,cust_1027,2026-04-17 17:00:00,Wallet,SBI Card Gateway,7373.78,Success
pay_103220,m_1003,cust_1028,2026-04-17 17:00:00,Card,SBI Card Gateway,549.76,Failed
pay_102500,m_1002,cust_1029,2026-04-17 17:00:00,Card,Razorpay,4561.61,Failed
pay_102374,m_1003,cust_1030,2026-04-17 18:00:00,UPI,Razorpay,5570.5,Failed
pay_101471,m_1000,cust_1031,2026-04-17 22:00:00,UPI,ICICI UPI,1157.01,Success
pay_104521,m_1004,cust_1032,2026-04-17 22:00:00,UPI,Axis Wallet,4392.02,Failed
pay_100865,m_1000,cust_1033,2026-04-17 23:00:00,UPI,Razorpay,2005.52,Success
pay_104682,m_1004,cust_1034,2026-04-18 01:00:00,Wallet,HDFC Gateway,9719.87,Failed
pay_100007,m_1002,cust_1035,2026-04-18 02:00:00,Wallet,Axis Wallet,2220.45,Failed
pay_104869,m_1004,cust_1036,2026-04-18 02:00:00,UPI,HDFC Gateway,2687.91,Failed
pay_100874,m_1003,cust_1037,2026-04-18 02:00:00,Wallet,Axis Wallet,892.98,Failed
pay_100174,m_1003,cust_1038,2026-04-18 04:00:00,UPI,Razorpay,3076.27,Failed
pay_102074,m_1001,cust_1039,2026-04-18 06:00:00,Card,Razorpay,2656.55,Success
pay_100183,m_1004,cust_1040,2026-04-18 06:00:00,UPI,HDFC Gateway,6800.77,Failed
pay_104492,m_1001,cust_1041,2026-04-18 06:00:00,NetBanking,Razorpay,917.35,Success
pay_104744,m_1001,cust_1042,2026-04-18 07:00:00,Wallet,Razorpay,1853.32,Success
pay_103876,m_1001,cust_1043,2026-04-18 13:00:00,UPI,Razorpay,1828.31,Failed
pay_100665,m_1000,cust_1044,2026-04-18 13:00:00,Card,ICICI UPI,937.9,Failed
pay_100421,m_1002,cust_1045,2026-04-18 15:00:00,UPI,Razorpay,11579.41,Failed
pay_104590,m_1001,cust_1046,2026-04-18 16:00:00,Wallet,Razorpay,2114.92,Failed
pay_104759,m_1001,cust_1047,2026-04-18 17:00:00,Card,HDFC Gateway,3164.43,Failed
pay_103607,m_1002,cust_1048,2026-04-18 18:00:00,Wallet,SBI Card Gateway,1099.93,Failed
pay_101613,m_1003,cust_1049,2026-04-18 20:00:00,NetBanking,SBI Card Gateway,1405.28,Failed
pay_103975,m_1002,cust_1050,2026-04-18 21:00:00,NetBanking,Razorpay,9495.72,Failed
pay_104500,m_1001,cust_1051,2026-04-18 22:00:00,UPI,Axis Wallet,920.63,Success
pay_102516,m_1000,cust_1052,2026-04-19 01:00:00,Card,HDFC Gateway,10375.72,Failed
pay_104855,m_1000,cust_1053,2026-04-19 02:00:00,Card,Razorpay,5090.78,Failed
pay_104804,m_1002,cust_1054,2026-04-19 02:00:00,Card,Razorpay,8419.86,Success
pay_104570,m_1000,cust_1055,2026-04-19 02:00:00,Wallet,Axis Wallet,2204.1,Failed
pay_104886,m_1001,cust_1056,2026-04-19 05:00:00,Card,Razorpay,2250.98,Success
pay_100940,m_1001,cust_1057,2026-04-19 06:00:00,Card,Razorpay,4910.37,Failed
pay_101182,m_1003,cust_1058,2026-04-19 06:00:00,Card,Razorpay,1113.51,Success
pay_103267,m_1002,cust_1059,2026-04-19 08:00:00,Card,Razorpay,2103.73,Failed
pay_102717,m_1001,cust_1060,2026-04-19 09:00:00,Card,HDFC Gateway,2627.69,Failed
pay_104028,m_1002,cust_1061,2026-04-19 10:00:00,Card,Razorpay,5137.33,Success
pay_104671,m_1000,cust_1062,2026-04-19 11:00:00,UPI,Razorpay,2355.56,Failed
pay_100586,m_1004,cust_1063,2026-04-19 12:00:00,Card,Razorpay,909.45,Success
pay_104012,m_1002,cust_1064,2026-04-19 12:00:00,NetBanking,HDFC Gateway,3079.83,Success
pay_101148,m_1003,cust_1065,2026-04-19 13:00:00,UPI,Razorpay,1705.63,Failed
pay_103587,m_1000,cust_1066,2026-04-19 14:00:00,NetBanking,Razorpay,3775.72,Failed
pay_103572,m_1003,cust_1067,2026-04-19 14:00:00,Wallet,Razorpay,2745.94,Success
pay_104019,m_1000,cust_1068,2026-04-19 20:00:00,NetBanking,Razorpay,7999.33,Failed
pay_101061,m_1002,cust_1069,2026-04-19 20:00:00,Card,Razorpay,4358.42,Failed
pay_101546,m_1003,cust_1070,2026-04-19 21:00:00,Card,Razorpay,11671.76,Failed
pay_103796,m_1000,cust_1071,2026-04-19 22:00:00,UPI,Razorpay,2272.45,Success
pay_100074,m_1001,cust_1072,2026-04-20 01:00:00,UPI,HDFC Gateway,778.84,Success
pay_100614,m_1003,cust_1073,2026-04-20 02:00:00,Card,HDFC Gateway,5158.59,Failed
pay_102255,m_1004,cust_1074,2026-04-20 02:00:00,Wallet,Razorpay,2463.75,Failed
pay_103575,m_1002,cust_1075,2026-04-20 03:00:00,NetBanking,HDFC Gateway,2165.56,Success
pay_100787,m_1000,cust_1076,2026-04-20 03:00:00,UPI,Razorpay,3287.92,Success
pay_100635,m_1003,cust_1077,2026-04-20 04:00:00,UPI,Axis Wallet,2356.07,Failed
pay_102135,m_1002,cust_1078,2026-04-20 05:00:00,Card,Axis Wallet,778.73,Failed
pay_104731,m_1002,cust_1079,2026-04-20 06:00:00,UPI,Razorpay,2500.56,Success
pay_104036,m_1001,cust_1080,2026-04-20 06:00:00,Wallet,Razorpay,836.07,Failed
pay_104214,m_1000,cust_1081,2026-04-20 07:00:00,UPI,HDFC Gateway,2258.12,Success
pay_101779,m_1002,cust_1082,2026-04-20 09:00:00,Wallet,Razorpay,2971.41,Failed
pay_100812,m_1001,cust_1083,2026-04-20 09:00:00,UPI,Razorpay,863.42,Failed
pay_100190,m_1004,cust_1084,2026-04-20 13:00:00,Wallet,Razorpay,1708.44,Success
pay_102266,m_1004,cust_1085,2026-04-20 14:00:00,Card,Razorpay,6566.08,Failed
pay_101509,m_1003,cust_1086,2026-04-20 15:00:00,UPI,Razorpay,3870.72,Success
pay_100059,m_1000,cust_1087,2026-04-20 16:00:00,Wallet,Razorpay,1087.82,Success
pay_104442,m_1004,cust_1088,2026-04-20 17:00:00,UPI,Razorpay,558.8,Success
pay_100097,m_1000,cust_1089,2026-04-20 18:00:00,Wallet,HDFC Gateway,4111.15,Failed
pay_103611,m_1002,cust_1090,2026-04-20 18:00:00,Card,SBI Card Gateway,9631.66,Failed
pay_101695,m_1000,cust_1091,2026-04-20 18:00:00,NetBanking,Razorpay,3012.9,Success
pay_103718,m_1003,cust_1092,2026-04-20 19:00:00,Card,Razorpay,2737.71,Failed
pay_101702,m_1002,cust_1093,2026-04-20 20:00:00,UPI,Razorpay,3259.88,Success
pay_104821,m_1000,cust_1094,2026-04-20 21:00:00,Card,Razorpay,1070.11,Success
pay_101972,m_1002,cust_1095,2026-04-20 21:00:00,Wallet,ICICI UPI,3331.52,Failed
pay_103828,m_1002,cust_1096,2026-04-20 22:00:00,Card,SBI Card Gateway,3578.06,Success
pay_103191,m_1002,cust_1097,2026-04-20 23:00:00,Wallet,Razorpay,1634.39,Failed
pay_102284,m_1001,cust_1098,2026-04-21 00:00:00,Card,Axis Wallet,467.92,Failed
pay_100826,m_1002,cust_1099,2026-04-21 02:00:00,Card,Razorpay,2649.63,Failed
pay_100549,m_1003,cust_1100,2026-04-21 02:00:00,Card,SBI Card Gateway,5126.82,Success
pay_102631,m_1001,cust_1101,2026-04-21 03:00:00,Card,ICICI UPI,3650.78,Success
pay_104165,m_1001,cust_1102,2026-04-21 05:00:00,UPI,Razorpay,6780.86,Failed
pay_102467,m_1002,cust_1103,2026-04-21 07:00:00,UPI,Razorpay,4015.02,Failed
pay_101326,m_1001,cust_1104,2026-04-21 08:00:00,Card,HDFC Gateway,2877.6,Failed
pay_100710,m_1003,cust_1105,2026-04-21 08:00:00,NetBanking,Axis Wallet,2368.78,Success
pay_104923,m_1002,cust_1106,2026-04-21 09:00:00,UPI,HDFC Gateway,1862.4,Success
pay_104998,m_1001,cust_1107,2026-04-21 11:00:00,UPI,SBI Card Gateway,1652.23,Success
pay_103766,m_1002,cust_1108,2026-04-21 11:00:00,Card,Razorpay,5827.03,Failed
pay_104200,m_1000,cust_1109,2026-04-21 12:00:00,Card,SBI Card Gateway,7775.81,Failed
pay_102033,m_1004,cust_1110,2026-04-21 13:00:00,UPI,HDFC Gateway,6839.05,Failed
pay_103518,m_1003,cust_1111,2026-04-21 13:00:00,Card,SBI Card Gateway,645.8,Failed
pay_103389,m_1002,cust_1112,2026-04-21 14:00:00,Wallet,ICICI UPI,1615.96,Success
pay_100048,m_1001,cust_1113,2026-04-21 14:00:00,Wallet,SBI Card Gateway,3895.6,Failed
pay_100415,m_1002,cust_1114,2026-04-21 15:00:00,Wallet,Razorpay,8980.03,Success
pay_101667,m_1002,cust_1115,2026-04-21 15:00:00,NetBanking,SBI Card Gateway,6232.21,Failed
pay_103205,m_1002,cust_1116,2026-04-21 15:00:00,Card,Razorpay,9350.39,Failed
pay_100256,m_1004,cust_1117,2026-04-21 15:00:00,NetBanking,SBI Card Gateway,4588.08,Failed
pay_101297,m_1004,cust_1118,2026-04-21 17:00:00,NetBanking,Axis Wallet,29340.78,Failed
pay_102437,m_1002,cust_1119,2026-04-21 19:00:00,UPI,Razorpay,2510.68,Success
pay_103232,m_1000,cust_1120,2026-04-21 20:00:00,Card,ICICI UPI,2123.45,Failed
pay_101273,m_1002,cust_1121,2026-04-22 01:00:00,UPI,SBI Card Gateway,3860.95,Failed
pay_101328,m_1004,cust_1122,2026-04-22 02:00:00,NetBanking,Razorpay,3139.14,Failed
pay_104169,m_1004,cust_1123,2026-04-22 03:00:00,NetBanking,HDFC Gateway,588.8,Failed
pay_103812,m_1003,cust_1124,2026-04-22 03:00:00,Card,Axis Wallet,5272.19,Success
pay_101070,m_1003,cust_1125,2026-04-22 03:00:00,Wallet,Razorpay,3633.36,Failed
pay_103609,m_1000,cust_1126,2026-04-22 04:00:00,UPI,Axis Wallet,835.41,Failed
pay_101423,m_1004,cust_1127,2026-04-22 04:00:00,UPI,Razorpay,778.58,Success
pay_102111,m_1000,cust_1128,2026-04-22 04:00:00,Card,SBI Card Gateway,2680.71,Failed
pay_103983,m_1004,cust_1129,2026-04-22 06:00:00,Card,Razorpay,3841.26,Failed
pay_102816,m_1004,cust_1130,2026-04-22 07:00:00,Wallet,HDFC Gateway,2239.47,Success
pay_101812,m_1001,cust_1131,2026-04-22 09:00:00,Wallet,ICICI UPI,7286.8,Success
pay_102931,m_1000,cust_1132,2026-04-22 12:00:00,Card,Razorpay,1617.82,Success
pay_102279,m_1000,cust_1133,2026-04-22 14:00:00,Card,Razorpay,10378.99,Failed
pay_103374,m_1003,cust_1134,2026-04-22 14:00:00,Wallet,Razorpay,7962.6,Failed
pay_100311,m_1003,cust_1135,2026-04-22 14:00:00,Card,ICICI UPI,3527.73,Success
pay_102658,m_1003,cust_1136,2026-04-22 15:00:00,Wallet,Razorpay,3666.8,Failed
pay_103001,m_1004,cust_1137,2026-04-22 16:00:00,Card,ICICI UPI,5485.63,Failed
pay_104878,m_1001,cust_1138,2026-04-22 17:00:00,UPI,Razorpay,2976.39,Failed
pay_101305,m_1002,cust_1139,2026-04-22 17:00:00,Card,SBI Card Gateway,3881.56,Success
pay_101426,m_1004,cust_1140,2026-04-22 17:00:00,NetBanking,Razorpay,1852.0,Success
pay_100735,m_1000,cust_1141,2026-04-22 19:00:00,Card,ICICI UPI,640.58,Failed
pay_100282,m_1003,cust_1142,2026-04-22 19:00:00,Card,Axis Wallet,2854.19,Success
pay_103192,m_1004,cust_1143,2026-04-22 20:00:00,UPI,Razorpay,1726.51,Failed
pay_100640,m_1003,cust_1144,2026-04-22 20:00:00,Card,Razorpay,930.46,Failed
pay_103982,m_1002,cust_1145,2026-04-22 20:00:00,NetBanking,Razorpay,3540.85,Success
pay_101612,m_1002,cust_1146,2026-04-22 23:00:00,UPI,Razorpay,3011.0,Failed
pay_101131,m_1000,cust_1147,2026-04-22 23:00:00,UPI,ICICI UPI,10098.54,Failed
pay_100079,m_1001,cust_1148,2026-04-23 01:00:00,Card,Razorpay,2265.87,Success
pay_104358,m_1000,cust_1149,2026-04-23 02:00:00,UPI,ICICI UPI,602.87,Failed
pay_100858,m_1001,cust_1150,2026-04-23 04:00:00,Card,SBI Card Gateway,2159.72,Success
pay_102615,m_1003,cust_1151,2026-04-23 05:00:00,NetBanking,SBI Card Gateway,4959.08,Failed
pay_104304,m_1001,cust_1152,2026-04-23 05:00:00,Wallet,Axis Wallet,1125.71,Failed
pay_103654,m_1004,cust_1153,2026-04-23 06:00:00,UPI,ICICI UPI,2171.59,Failed
pay_100121,m_1004,cust_1154,2026-04-23 07:00:00,UPI,HDFC Gateway,4413.77,Failed
pay_101048,m_1002,cust_1155,2026-04-23 07:00:00,UPI,Axis Wallet,5773.67,Failed
pay_102721,m_1001,cust_1156,2026-04-23 07:00:00,UPI,Razorpay,3215.67,Failed
pay_103738,m_1000,cust_1157,2026-04-23 08:00:00,Wallet,Razorpay,561.68,Success
pay_102101,m_1003,cust_1158,2026-04-23 09:00:00,Card,SBI Card Gateway,10407.48,Failed
pay_103158,m_1004,cust_1159,2026-04-23 09:00:00,NetBanking,Axis Wallet,1858.03,Failed
pay_102083,m_1000,cust_1160,2026-04-23 11:00:00,Card,Axis Wallet,2455.96,Failed
pay_102562,m_1002,cust_1161,2026-04-23 14:00:00,Card,ICICI UPI,6696.17,Failed
pay_100310,m_1001,cust_1162,2026-04-23 17:00:00,UPI,HDFC Gateway,1848.74,Failed
pay_100818,m_1000,cust_1163,2026-04-23 18:00:00,UPI,Razorpay,1488.81,Failed
pay_100821,m_1004,cust_1164,2026-04-23 19:00:00,UPI,Razorpay,1418.54,Failed
pay_104729,m_1000,cust_1165,2026-04-23 21:00:00,Card,SBI Card Gateway,3524.22,Success
pay_100107,m_1001,cust_1166,2026-04-23 22:00:00,Wallet,Razorpay,659.63,Failed
pay_104488,m_1003,cust_1167,2026-04-23 23:00:00,UPI,Razorpay,1322.65,Failed
pay_100161,m_1001,cust_1168,2026-04-24 01:00:00,Card,Razorpay,3017.32,Failed
pay_104875,m_1001,cust_1169,2026-04-24 01:00:00,Card,SBI Card Gateway,21519.43,Failed
pay_102876,m_1002,cust_1170,2026-04-24 01:00:00,NetBanking,Razorpay,2434.55,Failed
pay_102241,m_1004,cust_1171,2026-04-24 04:00:00,UPI,HDFC Gateway,1385.05,Success
pay_100478,m_1000,cust_1172,2026-04-24 04:00:00,UPI,Razorpay,1868.13,Failed
pay_101647,m_1004,cust_1173,2026-04-24 04:00:00,UPI,Razorpay,688.64,Failed
pay_100236,m_1000,cust_1174,2026-04-24 05:00:00,NetBanking,SBI Card Gateway,4202.21,Success
pay_102087,m_1004,cust_1175,2026-04-24 07:00:00,UPI,Razorpay,992.4,Failed
pay_104399,m_1001,cust_1176,2026-04-24 07:00:00,Card,Razorpay,3739.74,Failed
pay_100445,m_1000,cust_1177,2026-04-24 07:00:00,UPI,Razorpay,1321.04,Success
pay_102999,m_1003,cust_1178,2026-04-24 08:00:00,Card,Razorpay,1765.21,Success
pay_103928,m_1001,cust_1179,2026-04-24 08:00:00,Card,SBI Card Gateway,846.49,Success
pay_100155,m_1000,cust_1180,2026-04-24 11:00:00,UPI,ICICI UPI,4018.2,Failed
pay_100371,m_1004,cust_1181,2026-04-24 12:00:00,UPI,Razorpay,3944.22,Success
pay_102770,m_1003,cust_1182,2026-04-24 16:00:00,Card,Axis Wallet,2313.21,Failed
pay_101958,m_1004,cust_1183,2026-04-24 17:00:00,NetBanking,ICICI UPI,4377.59,Failed
pay_100254,m_1002,cust_1184,2026-04-24 17:00:00,Card,Razorpay,1346.35,Success
pay_102896,m_1001,cust_1185,2026-04-24 19:00:00,UPI,Axis Wallet,944.67,Failed
pay_102049,m_1000,cust_1186,2026-04-24 19:00:00,Card,Razorpay,751.4,Failed
pay_103833,m_1002,cust_1187,2026-04-24 19:00:00,NetBanking,HDFC Gateway,2560.93,Failed
pay_102021,m_1001,cust_1188,2026-04-24 20:00:00,Card,Razorpay,4692.28,Success
pay_103408,m_1000,cust_1189,2026-04-24 22:00:00,UPI,Razorpay,2518.49,Failed
pay_100315,m_1003,cust_1190,2026-04-24 22:00:00,NetBanking,HDFC Gateway,3439.82,Failed
pay_101596,m_1004,cust_1191,2026-04-24 23:00:00,UPI,Razorpay,909.11,Success
pay_104320,m_1003,cust_1192,2026-04-24 23:00:00,Card,Razorpay,3877.39,Failed
pay_102583,m_1004,cust_1193,2026-04-25 01:00:00,NetBanking,Razorpay,1009.46,Success
pay_103437,m_1003,cust_1194,2026-04-25 02:00:00,UPI,Axis Wallet,4189.32,Failed
pay_102022,m_1001,cust_1195,2026-04-25 03:00:00,UPI,Razorpay,11312.19,Success
pay_100729,m_1003,cust_1196,2026-04-25 05:00:00,NetBanking,Axis Wallet,5957.89,Failed
pay_101980,m_1001,cust_1197,2026-04-25 06:00:00,Card,ICICI UPI,5263.58,Failed
pay_102194,m_1004,cust_1198,2026-04-25 06:00:00,UPI,Razorpay,1897.92,Failed
pay_101692,m_1001,cust_1199,2026-04-25 06:00:00,UPI,HDFC Gateway,7945.42,Failed
pay_104901,m_1000,cust_1200,2026-04-25 07:00:00,Card,Razorpay,1252.14,Failed
pay_101276,m_1002,cust_1201,2026-04-25 08:00:00,UPI,Razorpay,2654.36,Failed
pay_103962,m_1002,cust_1202,2026-04-25 10:00:00,NetBanking,ICICI UPI,3379.36,Success
pay_102618,m_1004,cust_1203,2026-04-25 10:00:00,UPI,Axis Wallet,11309.46,Failed
pay_100841,m_1003,cust_1204,2026-04-25 11:00:00,Card,HDFC Gateway,3186.74,Failed
pay_104301,m_1004,cust_1205,2026-04-25 12:00:00,Card,Axis Wallet,1635.89,Failed
pay_102395,m_1001,cust_1206,2026-04-25 12:00:00,UPI,Axis Wallet,3415.17,Failed
pay_103793,m_1002,cust_1207,2026-04-25 13:00:00,Card,Axis Wallet,795.19,Success
pay_102085,m_1001,cust_1208,2026-04-25 15:00:00,NetBanking,Razorpay,997.41,Failed
pay_104463,m_1001,cust_1209,2026-04-25 15:00:00,UPI,Razorpay,817.76,Success
pay_104436,m_1003,cust_1210,2026-04-25 18:00:00,UPI,SBI Card Gateway,1569.77,Failed
pay_100002,m_1002,cust_1211,2026-04-25 19:00:00,UPI,Razorpay,4042.37,Success
pay_100122,m_1000,cust_1212,2026-04-25 19:00:00,UPI,Razorpay,6974.06,Failed
pay_102550,m_1000,cust_1213,2026-04-25 19:00:00,Card,Razorpay,31220.4,Failed
pay_101223,m_1001,cust_1214,2026-04-25 21:00:00,Card,ICICI UPI,1194.98,Success
pay_104459,m_1004,cust_1215,2026-04-25 22:00:00,UPI,Razorpay,3521.13,Success
pay_102379,m_1004,cust_1216,2026-04-25 23:00:00,UPI,Razorpay,2066.32,Success
pay_104678,m_1002,cust_1217,2026-04-26 00:00:00,UPI,HDFC Gateway,2412.36,Failed
pay_101397,m_1002,cust_1218,2026-04-26 00:00:00,Card,HDFC Gateway,1386.11,Failed
pay_102929,m_1001,cust_1219,2026-04-26 01:00:00,Card,ICICI UPI,4668.65,Failed
pay_104180,m_1003,cust_1220,2026-04-26 01:00:00,Card,HDFC Gateway,2984.42,Failed
pay_101437,m_1002,cust_1221,2026-04-26 02:00:00,UPI,Axis Wallet,1616.98,Failed
pay_103272,m_1000,cust_1222,2026-04-26 03:00:00,NetBanking,Razorpay,3184.41,Success
pay_101722,m_1003,cust_1223,2026-04-26 03:00:00,Card,Razorpay,3325.84,Failed
pay_100651,m_1001,cust_1224,2026-04-26 03:00:00,Card,SBI Card Gateway,2174.37,Failed
pay_102257,m_1002,cust_1225,2026-04-26 03:00:00,UPI,Razorpay,1726.48,Failed
pay_100985,m_1000,cust_1226,2026-04-26 04:00:00,UPI,Razorpay,1627.77,Failed
pay_101811,m_1004,cust_1227,2026-04-26 04:00:00,Card,Axis Wallet,3504.37,Failed
pay_102323,m_1001,cust_1228,2026-04-26 05:00:00,UPI,Razorpay,10080.81,Success
pay_102904,m_1002,cust_1229,2026-04-26 06:00:00,UPI,ICICI UPI,2134.64,Success
pay_100770,m_1003,cust_1230,2026-04-26 06:00:00,UPI,Axis Wallet,2216.53,Failed
pay_100501,m_1004,cust_1231,2026-04-26 06:00:00,UPI,Axis Wallet,1871.47,Failed
pay_102753,m_1004,cust_1232,2026-04-26 07:00:00,UPI,Razorpay,3487.7,Failed
pay_102480,m_1002,cust_1233,2026-04-26 08:00:00,NetBanking,Razorpay,2244.33,Success
pay_104041,m_1004,cust_1234,2026-04-26 09:00:00,NetBanking,Razorpay,6812.69,Failed
pay_101088,m_1002,cust_1235,2026-04-26 10:00:00,NetBanking,SBI Card Gateway,792.19,Success
pay_101204,m_1002,cust_1236,2026-04-26 11:00:00,UPI,HDFC Gateway,1352.63,Failed
pay_104007,m_1001,cust_1237,2026-04-26 11:00:00,Wallet,HDFC Gateway,2406.65,Success
pay_101886,m_1002,cust_1238,2026-04-26 11:00:00,Wallet,SBI Card Gateway,5720.35,Failed
pay_103588,m_1001,cust_1239,2026-04-26 12:00:00,Card,Razorpay,1692.85,Success
pay_100823,m_1000,cust_1240,2026-04-26 14:00:00,Card,HDFC Gateway,1376.19,Failed
pay_100243,m_1003,cust_1241,2026-04-26 15:00:00,UPI,Axis Wallet,3994.36,Success
pay_101254,m_1003,cust_1242,2026-04-26 15:00:00,Card,Razorpay,521.99,Failed
pay_101220,m_1002,cust_1243,2026-04-26 16:00:00,UPI,Razorpay,1736.21,Failed
pay_100933,m_1002,cust_1244,2026-04-26 18:00:00,Card,Axis Wallet,3606.35,Success
pay_101129,m_1004,cust_1245,2026-04-26 18:00:00,NetBanking,Razorpay,1749.46,Success
pay_104990,m_1004,cust_1246,2026-04-26 20:00:00,Wallet,HDFC Gateway,2635.96,Failed
pay_102360,m_1000,cust_1247,2026-04-26 20:00:00,UPI,Axis Wallet,6936.84,Failed
pay_104559,m_1004,cust_1248,2026-04-26 21:00:00,UPI,Razorpay,2377.09,Failed
pay_102985,m_1000,cust_1249,2026-04-26 22:00:00,Card,Razorpay,5479.92,Failed
pay_100983,m_1004,cust_1000,2026-04-26 23:00:00,UPI,Razorpay,432.13,Failed
pay_102014,m_1003,cust_1001,2026-04-27 01:00:00,UPI,ICICI UPI,2420.14,Failed
pay_102071,m_1001,cust_1002,2026-04-27 03:00:00,UPI,Razorpay,4103.28,Success
pay_103674,m_1004,cust_1003,2026-04-27 07:00:00,Card,Axis Wallet,2284.41,Failed
pay_102447,m_1003,cust_1004,2026-04-27 07:00:00,Card,Razorpay,12156.98,Success
pay_103576,m_1004,cust_1005,2026-04-27 08:00:00,Card,SBI Card Gateway,9664.76,Failed
pay_101716,m_1002,cust_1006,2026-04-27 08:00:00,UPI,HDFC Gateway,979.06,Failed
pay_102183,m_1000,cust_1007,2026-04-27 13:00:00,Card,Razorpay,5283.78,Success
pay_101714,m_1004,cust_1008,2026-04-27 15:00:00,NetBanking,Razorpay,23392.39,Success
pay_103861,m_1002,cust_1009,2026-04-27 16:00:00,NetBanking,Razorpay,6302.5,Failed
pay_103976,m_1000,cust_1010,2026-04-27 16:00:00,UPI,Razorpay,4612.81,Failed
pay_100025,m_1000,cust_1011,2026-04-27 17:00:00,UPI,SBI Card Gateway,4121.32,Failed
pay_103117,m_1000,cust_1012,2026-04-27 21:00:00,Wallet,Razorpay,13273.29,Failed
pay_104994,m_1003,cust_1013,2026-04-27 23:00:00,NetBanking,ICICI UPI,4157.34,Failed
pay_103146,m_1000,cust_1014,2026-04-27 23:00:00,Wallet,ICICI UPI,8087.71,Failed
pay_100599,m_1001,cust_1015,2026-04-27 23:00:00,NetBanking,SBI Card Gateway,1117.93,Failed
pay_100568,m_1001,cust_1016,2026-04-27 23:00:00,UPI,Razorpay,2681.4,Success
pay_103265,m_1002,cust_1017,2026-04-28 00:00:00,Card,SBI Card Gateway,4261.55,Failed
pay_103646,m_1001,cust_1018,2026-04-28 01:00:00,Card,Razorpay,1503.11,Failed
pay_103695,m_1004,cust_1019,2026-04-28 03:00:00,UPI,ICICI UPI,2966.15,Failed
pay_104905,m_1004,cust_1020,2026-04-28 03:00:00,Card,Axis Wallet,1688.42,Success
pay_101067,m_1001,cust_1021,2026-04-28 06:00:00,Card,ICICI UPI,7558.19,Success
pay_103501,m_1001,cust_1022,2026-04-28 08:00:00,UPI,ICICI UPI,3393.75,Failed
pay_102436,m_1000,cust_1023,2026-04-28 12:00:00,UPI,Razorpay,29661.21,Failed
pay_100615,m_1001,cust_1024,2026-04-28 12:00:00,UPI,SBI Card Gateway,470.96,Failed
pay_103323,m_1004,cust_1025,2026-04-28 13:00:00,Wallet,Razorpay,365.06,Success
pay_101993,m_1000,cust_1026,2026-04-28 14:00:00,UPI,SBI Card Gateway,4188.15,Failed
pay_103729,m_1003,cust_1027,2026-04-28 14:00:00,Wallet,SBI Card Gateway,1171.35,Success
pay_103720,m_1003,cust_1028,2026-04-28 15:00:00,Card,Axis Wallet,883.63,Failed
pay_103549,m_1003,cust_1029,2026-04-28 16:00:00,UPI,SBI Card Gateway,2229.54,Failed
pay_103407,m_1001,cust_1030,2026-04-28 17:00:00,Card,Razorpay,3413.36,Failed
pay_101336,m_1004,cust_1031,2026-04-28 17:00:00,UPI,Razorpay,703.35,Failed
pay_102688,m_1001,cust_1032,2026-04-28 18:00:00,UPI,ICICI UPI,9909.95,Success
pay_103924,m_1000,cust_1033,2026-04-28 18:00:00,Card,Razorpay,4138.22,Failed
pay_102991,m_1004,cust_1034,2026-04-28 19:00:00,Card,Razorpay,4119.17,Failed
pay_102969,m_1002,cust_1035,2026-04-28 20:00:00,UPI,Razorpay,2514.16,Failed
pay_101127,m_1003,cust_1036,2026-04-28 20:00:00,UPI,Razorpay,6772.41,Failed
pay_101984,m_1004,cust_1037,2026-04-28 21:00:00,UPI,HDFC Gateway,5015.19,Success
pay_100781,m_1002,cust_1038,2026-04-28 22:00:00,Card,HDFC Gateway,1188.91,Failed
pay_101234,m_1003,cust_1039,2026-04-28 23:00:00,Card,Axis Wallet,2351.28,Success
pay_103756,m_1000,cust_1040,2026-04-28 23:00:00,Wallet,Razorpay,1822.8,Failed
pay_103763,m_1002,cust_1041,2026-04-29 00:00:00,UPI,Razorpay,1402.65,Failed
pay_100098,m_1003,cust_1042,2026-04-29 00:00:00,UPI,ICICI UPI,2757.52,Failed
pay_100919,m_1004,cust_1043,2026-04-29 01:00:00,UPI,ICICI UPI,3820.89,Failed
pay_103300,m_1000,cust_1044,2026-04-29 01:00:00,Card,SBI Card Gateway,6838.11,Success
pay_100672,m_1001,cust_1045,2026-04-29 02:00:00,UPI,HDFC Gateway,1141.6,Failed
pay_101584,m_1000,cust_1046,2026-04-29 04:00:00,NetBanking,Axis Wallet,1285.54,Failed
pay_101466,m_1001,cust_1047,2026-04-29 05:00:00,Card,SBI Card Gateway,5367.06,Failed
pay_103491,m_1002,cust_1048,2026-04-29 05:00:00,NetBanking,ICICI UPI,4750.78,Failed
pay_101416,m_1004,cust_1049,2026-04-29 08:00:00,NetBanking,Razorpay,3592.85,Success
pay_100340,m_1002,cust_1050,2026-04-29 08:00:00,NetBanking,Razorpay,1651.23,Failed
pay_100957,m_1004,cust_1051,2026-04-29 09:00:00,Card,SBI Card Gateway,1024.68,Failed
pay_100129,m_1001,cust_1052,2026-04-29 09:00:00,UPI,Razorpay,6068.93,Success
pay_100742,m_1004,cust_1053,2026-04-29 09:00:00,UPI,SBI Card Gateway,1306.04,Success
pay_101369,m_1001,cust_1054,2026-04-29 09:00:00,NetBanking,Razorpay,1433.51,Success
pay_100474,m_1000,cust_1055,2026-04-29 10:00:00,UPI,HDFC Gateway,2984.32,Success
pay_102757,m_1000,cust_1056,2026-04-29 11:00:00,UPI,ICICI UPI,1105.59,Success
pay_100457,m_1003,cust_1057,2026-04-29 12:00:00,UPI,Razorpay,3108.44,Failed
pay_101195,m_1002,cust_1058,2026-04-29 13:00:00,Card,HDFC Gateway,1680.29,Failed
pay_102184,m_1001,cust_1059,2026-04-29 13:00:00,Card,HDFC Gateway,2173.91,Success
pay_102567,m_1001,cust_1060,2026-04-29 15:00:00,UPI,Razorpay,3109.21,Failed
pay_104618,m_1001,cust_1061,2026-04-29 16:00:00,Card,Razorpay,993.43,Success
pay_100657,m_1004,cust_1062,2026-04-29 16:00:00,NetBanking,ICICI UPI,4002.99,Failed
pay_102230,m_1004,cust_1063,2026-04-29 17:00:00,Card,Razorpay,3317.03,Failed
pay_104062,m_1000,cust_1064,2026-04-29 18:00:00,NetBanking,Razorpay,1931.17,Failed
pay_102009,m_1003,cust_1065,2026-04-29 19:00:00,Card,Razorpay,848.12,Success
pay_102157,m_1003,cust_1066,2026-04-29 19:00:00,Card,Axis Wallet,7293.91,Failed
pay_104085,m_1002,cust_1067,2026-04-29 19:00:00,UPI,Razorpay,3691.97,Failed
pay_101110,m_1000,cust_1068,2026-04-29 20:00:00,UPI,ICICI UPI,3791.09,Failed
pay_103316,m_1001,cust_1069,2026-04-29 20:00:00,UPI,Razorpay,5545.22,Failed
pay_104857,m_1003,cust_1070,2026-04-29 22:00:00,UPI,SBI Card Gateway,2756.21,Failed
pay_103864,m_1003,cust_1071,2026-04-29 22:00:00,UPI,ICICI UPI,3175.03,Success
pay_100039,m_1000,cust_1072,2026-04-29 22:00:00,Card,ICICI UPI,1868.06,Failed
pay_102995,m_1002,cust_1073,2026-04-30 00:00:00,UPI,Razorpay,3665.18,Failed
pay_101171,m_1004,cust_1074,2026-04-30 01:00:00,Card,Razorpay,1819.28,Success
pay_103545,m_1004,cust_1075,2026-04-30 01:00:00,NetBanking,SBI Card Gateway,7420.48,Failed
pay_100191,m_1004,cust_1076,2026-04-30 04:00:00,UPI,Razorpay,7627.68,Failed
pay_100879,m_1003,cust_1077,2026-04-30 05:00:00,NetBanking,ICICI UPI,5381.75,Success
pay_100084,m_1001,cust_1078,2026-04-30 06:00:00,Card,Razorpay,3387.96,Success
pay_103184,m_1001,cust_1079,2026-04-30 08:00:00,Card,HDFC Gateway,4754.98,Success
pay_103008,m_1003,cust_1080,2026-04-30 09:00:00,NetBanking,Razorpay,5748.93,Failed
pay_101170,m_1002,cust_1081,2026-04-30 09:00:00,UPI,ICICI UPI,8997.92,Success
pay_104541,m_1001,cust_1082,2026-04-30 09:00:00,Wallet,SBI Card Gateway,2971.48,Failed
pay_103170,m_1000,cust_1083,2026-04-30 10:00:00,Wallet,SBI Card Gateway,3207.47,Failed
pay_100244,m_1002,cust_1084,2026-04-30 10:00:00,UPI,ICICI UPI,803.42,Success
pay_101752,m_1001,cust_1085,2026-04-30 10:00:00,Card,Razorpay,3709.84,Failed
pay_103116,m_1000,cust_1086,2026-04-30 12:00:00,Card,Razorpay,2625.52,Success
pay_100598,m_1000,cust_1087,2026-04-30 14:00:00,UPI,SBI Card Gateway,3846.44,Failed
pay_100239,m_1004,cust_1088,2026-04-30 17:00:00,Card,Razorpay,6083.68,Failed
pay_104495,m_1004,cust_1089,2026-04-30 18:00:00,Card,Razorpay,2824.14,Failed
pay_101754,m_1000,cust_1090,2026-04-30 19:00:00,Card,HDFC Gateway,3580.3,Success
pay_103818,m_1004,cust_1091,2026-04-30 19:00:00,UPI,HDFC Gateway,1193.82,Failed
pay_102720,m_1002,cust_1092,2026-04-30 19:00:00,UPI,SBI Card Gateway,5763.95,Failed
pay_103025,m_1004,cust_1093,2026-04-30 19:00:00,UPI,Axis Wallet,12326.59,Failed
pay_103691,m_1002,cust_1094,2026-04-30 19:00:00,Card,Razorpay,13144.79,Failed
pay_102828,m_1003,cust_1095,2026-04-30 21:00:00,Card,HDFC Gateway,2006.2,Failed
pay_102178,m_1004,cust_1096,2026-04-30 21:00:00,UPI,ICICI UPI,558.02,Failed
pay_100995,m_1002,cust_1097,2026-04-30 22:00:00,NetBanking,HDFC Gateway,3044.45,Success
pay_102897,m_1002,cust_1098,2026-04-30 22:00:00,Card,Razorpay,544.5,Success
pay_102127,m_1001,cust_1099,2026-05-01 00:00:00,Card,SBI Card Gateway,1746.34,Failed
pay_102358,m_1003,cust_1100,2026-05-01 01:00:00,Wallet,HDFC Gateway,1318.77,Failed
pay_102906,m_1000,cust_1101,2026-05-01 03:00:00,NetBanking,HDFC Gateway,602.03,Success
pay_104909,m_1003,cust_1102,2026-05-01 04:00:00,Card,Razorpay,1367.56,Failed
pay_103603,m_1001,cust_1103,2026-05-01 09:00:00,UPI,SBI Card Gateway,3505.25,Success
pay_103120,m_1004,cust_1104,2026-05-01 09:00:00,UPI,SBI Card Gateway,2881.42,Failed
pay_100824,m_1003,cust_1105,2026-05-01 10:00:00,UPI,Razorpay,1207.72,Failed
pay_101210,m_1002,cust_1106,2026-05-01 10:00:00,Card,SBI Card Gateway,6508.63,Failed
pay_101981,m_1001,cust_1107,2026-05-01 12:00:00,UPI,Razorpay,6930.8,Failed
pay_100674,m_1001,cust_1108,2026-05-01 16:00:00,Wallet,Razorpay,2270.3,Failed
pay_101637,m_1001,cust_1109,2026-05-01 16:00:00,Card,ICICI UPI,3772.37,Success
pay_100342,m_1001,cust_1110,2026-05-01 16:00:00,UPI,HDFC Gateway,881.62,Failed
pay_103599,m_1000,cust_1111,2026-05-01 16:00:00,Card,Razorpay,2659.93,Failed
pay_101289,m_1003,cust_1112,2026-05-01 16:00:00,UPI,HDFC Gateway,661.51,Failed
pay_104902,m_1002,cust_1113,2026-05-01 18:00:00,UPI,Axis Wallet,1142.93,Failed
pay_103874,m_1002,cust_1114,2026-05-01 20:00:00,Card,Razorpay,3683.14,Failed
pay_103366,m_1003,cust_1115,2026-05-01 20:00:00,Card,Axis Wallet,388.52,Success
pay_102916,m_1002,cust_1116,2026-05-01 20:00:00,Card,HDFC Gateway,2197.23,Failed
pay_101199,m_1004,cust_1117,2026-05-01 23:00:00,UPI,Razorpay,4831.54,Failed
pay_101539,m_1001,cust_1118,2026-05-01 23:00:00,NetBanking,Razorpay,6645.61,Failed
pay_101396,m_1002,cust_1119,2026-05-02 01:00:00,NetBanking,Razorpay,2062.58,Failed
pay_103639,m_1000,cust_1120,2026-05-02 01:00:00,UPI,Axis Wallet,893.82,Failed
pay_101660,m_1001,cust_1121,2026-05-02 01:00:00,NetBanking,Razorpay,1377.84,Failed
pay_102507,m_1004,cust_1122,2026-05-02 02:00:00,Card,Razorpay,996.39,Failed
pay_102225,m_1003,cust_1123,2026-05-02 02:00:00,UPI,Razorpay,3020.65,Failed
pay_102824,m_1001,cust_1124,2026-05-02 04:00:00,Card,HDFC Gateway,8464.63,Failed
pay_102416,m_1003,cust_1125,2026-05-02 04:00:00,Wallet,Razorpay,9492.63,Failed
pay_101553,m_1002,cust_1126,2026-05-02 04:00:00,UPI,Axis Wallet,9582.86,Failed
pay_103343,m_1003,cust_1127,2026-05-02 05:00:00,UPI,HDFC Gateway,1917.61,Success
pay_103969,m_1003,cust_1128,2026-05-02 06:00:00,NetBanking,Razorpay,1882.42,Failed
pay_102725,m_1004,cust_1129,2026-05-02 06:00:00,UPI,SBI Card Gateway,2048.38,Failed
pay_104620,m_1003,cust_1130,2026-05-02 10:00:00,Card,HDFC Gateway,1081.03,Failed
pay_102903,m_1002,cust_1131,2026-05-02 10:00:00,Wallet,Razorpay,4634.26,Failed
pay_101884,m_1000,cust_1132,2026-05-02 10:00:00,UPI,HDFC Gateway,2203.03,Failed
pay_103608,m_1002,cust_1133,2026-05-02 11:00:00,UPI,Axis Wallet,897.06,Success
pay_102392,m_1001,cust_1134,2026-05-02 12:00:00,NetBanking,HDFC Gateway,6436.69,Failed
pay_104594,m_1000,cust_1135,2026-05-02 14:00:00,UPI,HDFC Gateway,3241.6,Success
pay_101845,m_1003,cust_1136,2026-05-02 14:00:00,Card,Razorpay,5264.9,Failed
pay_102628,m_1002,cust_1137,2026-05-02 15:00:00,UPI,Axis Wallet,730.24,Success
pay_102926,m_1002,cust_1138,2026-05-02 15:00:00,Card,Razorpay,4834.29,Success
pay_100986,m_1001,cust_1139,2026-05-02 15:00:00,UPI,SBI Card Gateway,450.05,Success
pay_100899,m_1004,cust_1140,2026-05-02 16:00:00,UPI,Razorpay,3193.28,Failed
pay_100600,m_1004,cust_1141,2026-05-02 16:00:00,Card,Razorpay,1396.01,Failed
pay_100701,m_1002,cust_1142,2026-05-02 17:00:00,Card,Axis Wallet,6294.43,Failed
pay_103416,m_1001,cust_1143,2026-05-02 19:00:00,NetBanking,Razorpay,4013.9,Success
pay_104638,m_1000,cust_1144,2026-05-02 20:00:00,UPI,Razorpay,1904.28,Success
pay_103921,m_1004,cust_1145,2026-05-02 23:00:00,Card,Razorpay,1085.86,Success
pay_103176,m_1000,cust_1146,2026-05-02 23:00:00,Card,Razorpay,5775.89,Failed
pay_100952,m_1004,cust_1147,2026-05-02 23:00:00,UPI,HDFC Gateway,8487.81,Failed
pay_100322,m_1000,cust_1148,2026-05-02 23:00:00,UPI,Razorpay,2256.7,Failed
pay_100671,m_1001,cust_1149,2026-05-03 00:00:00,NetBanking,Razorpay,7433.72,Success
pay_104037,m_1001,cust_1150,2026-05-03 00:00:00,UPI,Razorpay,3553.27,Success
pay_103330,m_1001,cust_1151,2026-05-03 01:00:00,UPI,Razorpay,9517.44,Success
pay_102026,m_1001,cust_1152,2026-05-03 02:00:00,Wallet,Axis Wallet,1556.69,Failed
pay_101828,m_1001,cust_1153,2026-05-03 02:00:00,UPI,ICICI UPI,8260.78,Failed
pay_103919,m_1004,cust_1154,2026-05-03 03:00:00,Wallet,Razorpay,684.36,Failed
pay_101134,m_1002,cust_1155,2026-05-03 03:00:00,NetBanking,Razorpay,910.83,Success
pay_103123,m_1004,cust_1156,2026-05-03 04:00:00,Wallet,Razorpay,3792.75,Failed
pay_104227,m_1001,cust_1157,2026-05-03 06:00:00,UPI,Razorpay,1322.33,Failed
pay_100766,m_1003,cust_1158,2026-05-03 08:00:00,UPI,Razorpay,2875.69,Failed
pay_104454,m_1001,cust_1159,2026-05-03 09:00:00,Card,HDFC Gateway,7841.63,Success
pay_100268,m_1001,cust_1160,2026-05-03 09:00:00,NetBanking,Razorpay,2988.11,Success
pay_104543,m_1003,cust_1161,2026-05-03 09:00:00,NetBanking,HDFC Gateway,1021.41,Failed
pay_102863,m_1001,cust_1162,2026-05-03 10:00:00,UPI,HDFC Gateway,5953.27,Success
pay_104800,m_1000,cust_1163,2026-05-03 11:00:00,UPI,HDFC Gateway,328.2,Success
pay_100895,m_1002,cust_1164,2026-05-03 13:00:00,Wallet,ICICI UPI,1792.0,Failed
pay_102970,m_1004,cust_1165,2026-05-03 14:00:00,UPI,ICICI UPI,2118.63,Failed
pay_100955,m_1004,cust_1166,2026-05-03 15:00:00,Wallet,ICICI UPI,2156.74,Success
pay_101661,m_1000,cust_1167,2026-05-03 16:00:00,Card,Axis Wallet,6767.61,Success
pay_101304,m_1003,cust_1168,2026-05-03 17:00:00,NetBanking,ICICI UPI,1304.59,Failed
pay_102493,m_1003,cust_1169,2026-05-03 17:00:00,NetBanking,Razorpay,25970.46,Failed
pay_104585,m_1000,cust_1170,2026-05-03 17:00:00,UPI,HDFC Gateway,1638.17,Failed
pay_103863,m_1001,cust_1171,2026-05-03 18:00:00,Card,ICICI UPI,4392.07,Failed
pay_102143,m_1004,cust_1172,2026-05-03 18:00:00,UPI,Razorpay,3019.95,Failed
pay_103601,m_1003,cust_1173,2026-05-03 18:00:00,UPI,Razorpay,5042.39,Failed
pay_102123,m_1001,cust_1174,2026-05-03 19:00:00,Wallet,Axis Wallet,5767.75,Success
pay_103424,m_1003,cust_1175,2026-05-03 19:00:00,Card,SBI Card Gateway,8751.14,Success
pay_103612,m_1002,cust_1176,2026-05-03 22:00:00,Card,Razorpay,1401.16,Success
pay_101757,m_1002,cust_1177,2026-05-04 01:00:00,UPI,HDFC Gateway,2694.34,Failed
pay_104979,m_1001,cust_1178,2026-05-04 01:00:00,Card,Razorpay,1160.34,Failed
pay_103894,m_1003,cust_1179,2026-05-04 01:00:00,UPI,Axis Wallet,2818.04,Failed
pay_104350,m_1002,cust_1180,2026-05-04 02:00:00,UPI,Razorpay,1148.97,Failed
pay_101951,m_1001,cust_1181,2026-05-04 03:00:00,Card,ICICI UPI,8405.94,Failed
pay_103224,m_1003,cust_1182,2026-05-04 03:00:00,Card,Razorpay,7804.71,Success
pay_101180,m_1000,cust_1183,2026-05-04 04:00:00,UPI,Axis Wallet,2186.3,Failed
pay_102691,m_1002,cust_1184,2026-05-04 07:00:00,Card,Razorpay,1495.42,Success
pay_100192,m_1003,cust_1185,2026-05-04 07:00:00,UPI,Razorpay,4518.66,Failed
pay_103809,m_1003,cust_1186,2026-05-04 10:00:00,Wallet,HDFC Gateway,7993.88,Failed
pay_104588,m_1002,cust_1187,2026-05-04 10:00:00,Card,Razorpay,2830.59,Failed
pay_104209,m_1000,cust_1188,2026-05-04 10:00:00,UPI,Axis Wallet,5256.49,Failed
pay_103435,m_1004,cust_1189,2026-05-04 11:00:00,Card,HDFC Gateway,2072.76,Failed
pay_103169,m_1000,cust_1190,2026-05-04 11:00:00,UPI,ICICI UPI,133.49,Success
pay_102182,m_1002,cust_1191,2026-05-04 12:00:00,Wallet,ICICI UPI,2175.3,Failed
pay_104913,m_1003,cust_1192,2026-05-04 12:00:00,Card,ICICI UPI,1228.25,Failed
pay_100849,m_1004,cust_1193,2026-05-04 13:00:00,Card,Axis Wallet,1462.8,Failed
pay_100489,m_1003,cust_1194,2026-05-04 13:00:00,Card,ICICI UPI,3669.31,Failed
pay_103448,m_1001,cust_1195,2026-05-04 15:00:00,NetBanking,Razorpay,1251.27,Failed
pay_104232,m_1000,cust_1196,2026-05-04 16:00:00,NetBanking,HDFC Gateway,1603.16,Failed
pay_102212,m_1004,cust_1197,2026-05-04 17:00:00,Card,HDFC Gateway,961.71,Failed
pay_100624,m_1003,cust_1198,2026-05-04 20:00:00,Card,Razorpay,800.9,Failed
pay_104258,m_1002,cust_1199,2026-05-04 20:00:00,Card,Axis Wallet,2030.33,Failed
pay_101524,m_1003,cust_1200,2026-05-04 23:00:00,NetBanking,Razorpay,3399.76,Failed
pay_101872,m_1001,cust_1201,2026-05-05 00:00:00,Card,Razorpay,2929.33,Success
pay_101567,m_1002,cust_1202,2026-05-05 00:00:00,Card,HDFC Gateway,2677.24,Failed
pay_103875,m_1003,cust_1203,2026-05-05 00:00:00,UPI,HDFC Gateway,2029.0,Failed
pay_100493,m_1002,cust_1204,2026-05-05 01:00:00,Card,Razorpay,4498.48,Success
pay_100136,m_1000,cust_1205,2026-05-05 02:00:00,Card,Razorpay,2812.38,Success
pay_103346,m_1001,cust_1206,2026-05-05 04:00:00,NetBanking,SBI Card Gateway,2863.81,Failed
pay_104309,m_1004,cust_1207,2026-05-05 04:00:00,UPI,SBI Card Gateway,900.76,Failed
pay_104755,m_1004,cust_1208,2026-05-05 05:00:00,NetBanking,SBI Card Gateway,672.0,Success
pay_103647,m_1003,cust_1209,2026-05-05 06:00:00,NetBanking,ICICI UPI,1610.3,Success
pay_101763,m_1002,cust_1210,2026-05-05 07:00:00,UPI,Razorpay,852.32,Success
pay_102413,m_1000,cust_1211,2026-05-05 08:00:00,Wallet,Razorpay,3697.21,Failed
pay_100966,m_1001,cust_1212,2026-05-05 08:00:00,Card,HDFC Gateway,620.25,Failed
pay_104077,m_1003,cust_1213,2026-05-05 09:00:00,UPI,SBI Card Gateway,2639.58,Failed
pay_103302,m_1001,cust_1214,2026-05-05 09:00:00,Wallet,Razorpay,3215.87,Failed
pay_101579,m_1001,cust_1215,2026-05-05 11:00:00,Card,Razorpay,1422.62,Failed
pay_101047,m_1002,cust_1216,2026-05-05 11:00:00,Card,Razorpay,3202.96,Failed
pay_103422,m_1003,cust_1217,2026-05-05 12:00:00,Wallet,SBI Card Gateway,30985.41,Failed
pay_100719,m_1003,cust_1218,2026-05-05 16:00:00,Card,SBI Card Gateway,3554.08,Success
pay_102023,m_1002,cust_1219,2026-05-05 16:00:00,UPI,ICICI UPI,674.65,Failed
pay_103837,m_1002,cust_1220,2026-05-05 17:00:00,UPI,HDFC Gateway,942.72,Failed
pay_100393,m_1001,cust_1221,2026-05-05 17:00:00,Card,HDFC Gateway,3443.23,Success
pay_104264,m_1003,cust_1222,2026-05-05 17:00:00,Card,Razorpay,3967.76,Failed
pay_103006,m_1002,cust_1223,2026-05-05 19:00:00,Card,Axis Wallet,1220.92,Success
pay_100530,m_1001,cust_1224,2026-05-05 21:00:00,Card,Axis Wallet,3488.84,Failed
pay_101187,m_1004,cust_1225,2026-05-05 21:00:00,Card,ICICI UPI,4090.78,Failed
pay_104540,m_1004,cust_1226,2026-05-05 22:00:00,NetBanking,Razorpay,2592.22,Failed
pay_104617,m_1002,cust_1227,2026-05-05 22:00:00,Card,Razorpay,1075.89,Failed
pay_103018,m_1003,cust_1228,2026-05-05 23:00:00,UPI,SBI Card Gateway,1013.75,Success
pay_102444,m_1004,cust_1229,2026-05-05 23:00:00,Card,ICICI UPI,2699.58,Failed
pay_102972,m_1002,cust_1230,2026-05-06 00:00:00,NetBanking,Razorpay,702.37,Failed
pay_104389,m_1002,cust_1231,2026-05-06 00:00:00,UPI,Razorpay,707.27,Failed
pay_101504,m_1004,cust_1232,2026-05-06 01:00:00,NetBanking,Razorpay,2938.57,Failed
pay_103414,m_1004,cust_1233,2026-05-06 02:00:00,UPI,Razorpay,1113.27,Success
pay_102613,m_1000,cust_1234,2026-05-06 02:00:00,Card,HDFC Gateway,7986.84,Success
pay_100664,m_1001,cust_1235,2026-05-06 02:00:00,UPI,Razorpay,8986.13,Failed
pay_100454,m_1001,cust_1236,2026-05-06 04:00:00,UPI,Razorpay,2110.93,Failed
pay_104801,m_1001,cust_1237,2026-05-06 06:00:00,Card,HDFC Gateway,592.52,Success
pay_100467,m_1001,cust_1238,2026-05-06 08:00:00,UPI,Razorpay,2217.72,Failed
pay_101653,m_1003,cust_1239,2026-05-06 09:00:00,Card,Razorpay,2376.39,Success
pay_101349,m_1000,cust_1240,2026-05-06 11:00:00,Wallet,Razorpay,8011.6,Failed
pay_104789,m_1002,cust_1241,2026-05-06 11:00:00,Card,Razorpay,1726.77,Failed
pay_101643,m_1002,cust_1242,2026-05-06 14:00:00,Card,SBI Card Gateway,975.86,Success
pay_102675,m_1003,cust_1243,2026-05-06 15:00:00,UPI,Razorpay,2924.43,Failed
pay_100519,m_1002,cust_1244,2026-05-06 15:00:00,Wallet,SBI Card Gateway,1134.21,Failed
pay_103824,m_1000,cust_1245,2026-05-06 16:00:00,UPI,Razorpay,2449.61,Failed
pay_101607,m_1002,cust_1246,2026-05-06 17:00:00,UPI,Razorpay,4379.76,Success
pay_100687,m_1002,cust_1247,2026-05-06 18:00:00,NetBanking,Razorpay,5295.49,Failed
pay_104059,m_1001,cust_1248,2026-05-06 19:00:00,UPI,Razorpay,2929.29,Failed
pay_104935,m_1003,cust_1249,2026-05-06 19:00:00,UPI,Axis Wallet,728.95,Failed
pay_103954,m_1004,cust_1000,2026-05-06 20:00:00,Wallet,SBI Card Gateway,10087.0,Failed
pay_102965,m_1003,cust_1001,2026-05-06 21:00:00,Card,SBI Card Gateway,4291.28,Failed
pay_104781,m_1002,cust_1002,2026-05-07 00:00:00,Card,SBI Card Gateway,2528.06,Failed
pay_104927,m_1004,cust_1003,2026-05-07 00:00:00,NetBanking,HDFC Gateway,6764.6,Failed
pay_100914,m_1002,cust_1004,2026-05-07 01:00:00,Wallet,Axis Wallet,3138.23,Failed
pay_104937,m_1000,cust_1005,2026-05-07 04:00:00,UPI,Razorpay,1548.98,Success
pay_100547,m_1004,cust_1006,2026-05-07 05:00:00,UPI,Razorpay,914.1,Success
pay_104456,m_1001,cust_1007,2026-05-07 05:00:00,UPI,Razorpay,1427.2,Success
pay_100269,m_1000,cust_1008,2026-05-07 06:00:00,UPI,Razorpay,20735.41,Failed
pay_101395,m_1001,cust_1009,2026-05-07 06:00:00,Card,Razorpay,6150.84,Success
pay_104546,m_1001,cust_1010,2026-05-07 06:00:00,Card,HDFC Gateway,2687.89,Success
pay_101317,m_1001,cust_1011,2026-05-07 08:00:00,UPI,HDFC Gateway,1089.97,Success
pay_100697,m_1001,cust_1012,2026-05-07 09:00:00,Card,Razorpay,2000.54,Failed
pay_101545,m_1004,cust_1013,2026-05-07 09:00:00,Card,Razorpay,965.29,Failed
pay_103968,m_1003,cust_1014,2026-05-07 10:00:00,UPI,HDFC Gateway,872.1,Failed
pay_100980,m_1000,cust_1015,2026-05-07 11:00:00,UPI,Razorpay,2002.2,Failed
pay_102064,m_1004,cust_1016,2026-05-07 12:00:00,UPI,ICICI UPI,613.48,Failed
pay_102559,m_1001,cust_1017,2026-05-07 13:00:00,UPI,SBI Card Gateway,998.85,Failed
pay_103666,m_1000,cust_1018,2026-05-07 14:00:00,Card,Razorpay,2887.64,Success
pay_101422,m_1000,cust_1019,2026-05-07 14:00:00,Card,HDFC Gateway,5226.87,Failed
pay_102946,m_1004,cust_1020,2026-05-07 15:00:00,UPI,Razorpay,1508.14,Failed
pay_101832,m_1003,cust_1021,2026-05-07 16:00:00,Card,Razorpay,5405.02,Success
pay_102234,m_1001,cust_1022,2026-05-07 16:00:00,Wallet,HDFC Gateway,2062.32,Failed
pay_104462,m_1000,cust_1023,2026-05-07 16:00:00,Card,Razorpay,2989.86,Failed
pay_100785,m_1000,cust_1024,2026-05-07 17:00:00,NetBanking,Razorpay,44629.01,Success
pay_100965,m_1004,cust_1025,2026-05-07 17:00:00,UPI,ICICI UPI,3615.3,Success
pay_104507,m_1000,cust_1026,2026-05-07 20:00:00,UPI,HDFC Gateway,397.25,Failed
pay_100259,m_1004,cust_1027,2026-05-07 20:00:00,Wallet,Razorpay,2074.7,Failed
pay_102344,m_1003,cust_1028,2026-05-07 20:00:00,NetBanking,Razorpay,828.03,Failed
pay_104411,m_1000,cust_1029,2026-05-07 20:00:00,UPI,Razorpay,9561.2,Failed
pay_104873,m_1001,cust_1030,2026-05-07 20:00:00,Card,Razorpay,2658.01,Success
pay_103672,m_1002,cust_1031,2026-05-07 22:00:00,UPI,Razorpay,5261.94,Failed
pay_101155,m_1001,cust_1032,2026-05-07 22:00:00,UPI,ICICI UPI,5904.69,Success
pay_100984,m_1001,cust_1033,2026-05-07 22:00:00,Card,Razorpay,3845.99,Failed
pay_104584,m_1001,cust_1034,2026-05-08 00:00:00,NetBanking,Razorpay,1257.62,Failed
pay_101117,m_1003,cust_1035,2026-05-08 01:00:00,UPI,Axis Wallet,1180.49,Failed
pay_104865,m_1002,cust_1036,2026-05-08 02:00:00,UPI,Razorpay,8484.75,Failed
pay_102189,m_1000,cust_1037,2026-05-08 03:00:00,UPI,Razorpay,5526.75,Success
pay_102463,m_1002,cust_1038,2026-05-08 04:00:00,UPI,Razorpay,3968.1,Failed
pay_104899,m_1002,cust_1039,2026-05-08 06:00:00,Card,Razorpay,2404.8,Success
pay_101414,m_1003,cust_1040,2026-05-08 07:00:00,Wallet,HDFC Gateway,1887.43,Failed
pay_102547,m_1003,cust_1041,2026-05-08 08:00:00,UPI,ICICI UPI,7425.37,Success
pay_101627,m_1001,cust_1042,2026-05-08 09:00:00,Wallet,HDFC Gateway,1296.25,Failed
pay_104434,m_1003,cust_1043,2026-05-08 10:00:00,UPI,ICICI UPI,2678.82,Failed
pay_101857,m_1004,cust_1044,2026-05-08 11:00:00,Card,ICICI UPI,6544.4,Failed
pay_101790,m_1000,cust_1045,2026-05-08 11:00:00,Card,SBI Card Gateway,3022.78,Failed
pay_100241,m_1001,cust_1046,2026-05-08 11:00:00,UPI,ICICI UPI,1877.1,Failed
pay_104375,m_1004,cust_1047,2026-05-08 11:00:00,Card,Razorpay,1772.85,Failed
pay_102036,m_1004,cust_1048,2026-05-08 13:00:00,Card,Axis Wallet,1900.3,Failed
pay_104897,m_1003,cust_1049,2026-05-08 16:00:00,UPI,HDFC Gateway,4954.96,Failed
pay_101160,m_1003,cust_1050,2026-05-08 16:00:00,UPI,Razorpay,2819.83,Success
pay_103377,m_1003,cust_1051,2026-05-08 17:00:00,Card,Razorpay,1083.26,Failed
pay_103721,m_1001,cust_1052,2026-05-08 18:00:00,UPI,ICICI UPI,13378.06,Failed
pay_102752,m_1004,cust_1053,2026-05-08 18:00:00,Card,Axis Wallet,5842.63,Failed
pay_102122,m_1002,cust_1054,2026-05-08 19:00:00,UPI,HDFC Gateway,468.73,Failed
pay_103801,m_1003,cust_1055,2026-05-08 21:00:00,NetBanking,Razorpay,10732.45,Failed
pay_103750,m_1004,cust_1056,2026-05-08 21:00:00,Card,Razorpay,791.76,Failed
pay_103074,m_1001,cust_1057,2026-05-08 22:00:00,UPI,Razorpay,2811.53,Success
pay_102728,m_1000,cust_1058,2026-05-09 00:00:00,Card,Axis Wallet,1990.47,Failed
pay_100423,m_1003,cust_1059,2026-05-09 00:00:00,UPI,Razorpay,5253.83,Failed
pay_100265,m_1004,cust_1060,2026-05-09 00:00:00,Card,Razorpay,2859.97,Success
pay_100676,m_1001,cust_1061,2026-05-09 01:00:00,Card,ICICI UPI,1520.93,Failed
pay_101759,m_1002,cust_1062,2026-05-09 01:00:00,Card,ICICI UPI,8002.01,Success
pay_103136,m_1003,cust_1063,2026-05-09 02:00:00,UPI,Razorpay,4321.08,Failed
pay_104661,m_1003,cust_1064,2026-05-09 03:00:00,Card,ICICI UPI,2425.06,Failed
pay_103541,m_1000,cust_1065,2026-05-09 04:00:00,Wallet,SBI Card Gateway,8674.66,Success
pay_102718,m_1001,cust_1066,2026-05-09 06:00:00,UPI,Razorpay,1716.44,Failed
pay_102678,m_1002,cust_1067,2026-05-09 07:00:00,UPI,HDFC Gateway,6310.8,Failed
pay_100227,m_1002,cust_1068,2026-05-09 08:00:00,UPI,SBI Card Gateway,990.6,Success
pay_100596,m_1000,cust_1069,2026-05-09 08:00:00,UPI,Razorpay,3017.65,Failed
pay_102625,m_1002,cust_1070,2026-05-09 09:00:00,Card,SBI Card Gateway,11168.79,Failed
pay_103226,m_1003,cust_1071,2026-05-09 10:00:00,Card,Razorpay,1836.83,Failed
pay_103511,m_1001,cust_1072,2026-05-09 11:00:00,UPI,HDFC Gateway,1591.27,Success
pay_104364,m_1004,cust_1073,2026-05-09 12:00:00,UPI,Razorpay,3245.88,Failed
pay_100929,m_1000,cust_1074,2026-05-09 13:00:00,UPI,Razorpay,3825.43,Success
pay_101626,m_1000,cust_1075,2026-05-09 14:00:00,UPI,Razorpay,3101.64,Failed
pay_102560,m_1001,cust_1076,2026-05-09 16:00:00,UPI,Razorpay,11450.5,Failed
pay_100534,m_1000,cust_1077,2026-05-09 16:00:00,UPI,ICICI UPI,906.46,Failed
pay_102529,m_1001,cust_1078,2026-05-09 18:00:00,UPI,Razorpay,2990.8,Success
pay_101764,m_1001,cust_1079,2026-05-09 23:00:00,Wallet,Axis Wallet,1107.34,Success
pay_103762,m_1001,cust_1080,2026-05-09 23:00:00,UPI,SBI Card Gateway,17728.24,Failed
pay_102246,m_1003,cust_1081,2026-05-10 00:00:00,Card,Razorpay,4992.66,Success
pay_103882,m_1000,cust_1082,2026-05-10 02:00:00,Card,Razorpay,6659.52,Success
pay_101343,m_1003,cust_1083,2026-05-10 03:00:00,UPI,Razorpay,5434.24,Failed
pay_100128,m_1000,cust_1084,2026-05-10 04:00:00,UPI,Razorpay,1342.35,Failed
pay_101896,m_1001,cust_1085,2026-05-10 05:00:00,UPI,ICICI UPI,5197.06,Failed
pay_104756,m_1002,cust_1086,2026-05-10 05:00:00,UPI,Razorpay,1084.67,Success
pay_102736,m_1002,cust_1087,2026-05-10 06:00:00,UPI,Razorpay,714.91,Failed
pay_104657,m_1002,cust_1088,2026-05-10 08:00:00,UPI,Razorpay,8024.12,Success
pay_104976,m_1003,cust_1089,2026-05-10 09:00:00,UPI,SBI Card Gateway,374.21,Success
pay_101630,m_1002,cust_1090,2026-05-10 12:00:00,Card,Razorpay,1031.72,Failed
pay_100977,m_1003,cust_1091,2026-05-10 13:00:00,UPI,ICICI UPI,4152.1,Failed
pay_100707,m_1002,cust_1092,2026-05-10 14:00:00,Card,Axis Wallet,761.98,Failed
pay_100921,m_1000,cust_1093,2026-05-10 14:00:00,Card,SBI Card Gateway,3010.54,Success
pay_104720,m_1000,cust_1094,2026-05-10 15:00:00,NetBanking,Razorpay,344.67,Failed
pay_101454,m_1000,cust_1095,2026-05-10 15:00:00,Card,Razorpay,2572.0,Failed
pay_103234,m_1000,cust_1096,2026-05-10 15:00:00,Card,SBI Card Gateway,923.8,Failed
pay_104185,m_1004,cust_1097,2026-05-10 16:00:00,UPI,SBI Card Gateway,1874.18,Success
pay_103925,m_1001,cust_1098,2026-05-10 16:00:00,Card,Razorpay,3127.11,Failed
pay_100287,m_1003,cust_1099,2026-05-10 17:00:00,NetBanking,Razorpay,647.6,Success
pay_104891,m_1000,cust_1100,2026-05-10 17:00:00,UPI,SBI Card Gateway,3055.28,Success
pay_101758,m_1001,cust_1101,2026-05-10 18:00:00,UPI,Razorpay,3940.19,Failed
pay_103235,m_1002,cust_1102,2026-05-10 19:00:00,UPI,SBI Card Gateway,1334.6,Failed
pay_100569,m_1001,cust_1103,2026-05-10 19:00:00,Wallet,Razorpay,1256.98,Failed
pay_102198,m_1000,cust_1104,2026-05-10 20:00:00,Card,Razorpay,5887.19,Failed
pay_104766,m_1002,cust_1105,2026-05-10 21:00:00,UPI,Razorpay,654.09,Failed
pay_101727,m_1001,cust_1106,2026-05-11 00:00:00,Card,Razorpay,4647.59,Success
pay_103683,m_1000,cust_1107,2026-05-11 00:00:00,Card,HDFC Gateway,18890.72,Failed
pay_102302,m_1003,cust_1108,2026-05-11 01:00:00,NetBanking,HDFC Gateway,8865.3,Failed
pay_101543,m_1000,cust_1109,2026-05-11 04:00:00,NetBanking,ICICI UPI,5667.45,Failed
pay_103593,m_1000,cust_1110,2026-05-11 05:00:00,UPI,Razorpay,2275.6,Failed
pay_100115,m_1001,cust_1111,2026-05-11 06:00:00,Card,HDFC Gateway,429.81,Failed
pay_102891,m_1003,cust_1112,2026-05-11 06:00:00,NetBanking,Razorpay,4582.82,Success
pay_102856,m_1004,cust_1113,2026-05-11 08:00:00,UPI,SBI Card Gateway,3342.17,Failed
pay_103143,m_1001,cust_1114,2026-05-11 08:00:00,NetBanking,Razorpay,1428.1,Failed
pay_102579,m_1004,cust_1115,2026-05-11 09:00:00,Card,Razorpay,1192.47,Failed
pay_102646,m_1003,cust_1116,2026-05-11 10:00:00,UPI,HDFC Gateway,632.37,Success
pay_104677,m_1004,cust_1117,2026-05-11 10:00:00,Card,HDFC Gateway,844.44,Failed
pay_103890,m_1001,cust_1118,2026-05-11 11:00:00,Wallet,Razorpay,373.92,Failed
pay_102797,m_1001,cust_1119,2026-05-11 11:00:00,UPI,Razorpay,8069.18,Success
pay_100436,m_1003,cust_1120,2026-05-11 12:00:00,UPI,Razorpay,868.5,Failed
pay_101671,m_1003,cust_1121,2026-05-11 13:00:00,Card,Axis Wallet,19441.09,Failed
pay_101188,m_1002,cust_1122,2026-05-11 15:00:00,UPI,Axis Wallet,352.4,Failed
pay_102401,m_1001,cust_1123,2026-05-11 16:00:00,NetBanking,ICICI UPI,6219.01,Failed
pay_104351,m_1000,cust_1124,2026-05-11 18:00:00,NetBanking,Razorpay,2458.12,Failed
pay_100979,m_1004,cust_1125,2026-05-11 18:00:00,Card,Axis Wallet,3063.34,Success
pay_101028,m_1001,cust_1126,2026-05-11 20:00:00,Card,HDFC Gateway,3842.36,Failed
pay_100130,m_1004,cust_1127,2026-05-11 20:00:00,NetBanking,ICICI UPI,15712.77,Success
pay_102655,m_1004,cust_1128,2026-05-11 21:00:00,Card,SBI Card Gateway,765.22,Failed
pay_100125,m_1000,cust_1129,2026-05-11 21:00:00,UPI,HDFC Gateway,9018.75,Failed
pay_100705,m_1002,cust_1130,2026-05-11 22:00:00,Card,Razorpay,2863.68,Success
pay_103258,m_1001,cust_1131,2026-05-12 00:00:00,UPI,Razorpay,2774.36,Success
pay_102687,m_1002,cust_1132,2026-05-12 00:00:00,UPI,Razorpay,959.55,Success
pay_104194,m_1004,cust_1133,2026-05-12 00:00:00,Wallet,Axis Wallet,1171.96,Success
pay_100078,m_1001,cust_1134,2026-05-12 00:00:00,Card,HDFC Gateway,5965.26,Success
pay_102435,m_1000,cust_1135,2026-05-12 02:00:00,Card,ICICI UPI,3781.95,Failed
pay_104383,m_1000,cust_1136,2026-05-12 03:00:00,UPI,SBI Card Gateway,3019.35,Failed
pay_103447,m_1003,cust_1137,2026-05-12 04:00:00,UPI,Razorpay,875.85,Success
pay_103032,m_1001,cust_1138,2026-05-12 05:00:00,UPI,Razorpay,5850.14,Failed
pay_104162,m_1001,cust_1139,2026-05-12 06:00:00,NetBanking,Razorpay,4522.84,Success
pay_102882,m_1000,cust_1140,2026-05-12 06:00:00,UPI,HDFC Gateway,1099.23,Failed
pay_102633,m_1004,cust_1141,2026-05-12 08:00:00,Card,Axis Wallet,1216.53,Failed
pay_102603,m_1001,cust_1142,2026-05-12 08:00:00,UPI,Razorpay,1150.53,Success
pay_101433,m_1004,cust_1143,2026-05-12 10:00:00,NetBanking,Axis Wallet,1847.95,Failed
pay_104529,m_1002,cust_1144,2026-05-12 11:00:00,UPI,SBI Card Gateway,1222.01,Failed
pay_102061,m_1003,cust_1145,2026-05-12 11:00:00,Card,Razorpay,1132.61,Failed
pay_103214,m_1002,cust_1146,2026-05-12 12:00:00,NetBanking,ICICI UPI,8784.74,Success
pay_101411,m_1001,cust_1147,2026-05-12 13:00:00,UPI,SBI Card Gateway,1252.94,Failed
pay_102425,m_1003,cust_1148,2026-05-12 14:00:00,UPI,Axis Wallet,6081.45,Failed
pay_104786,m_1003,cust_1149,2026-05-12 14:00:00,NetBanking,Razorpay,4564.93,Success
pay_103759,m_1000,cust_1150,2026-05-12 16:00:00,Card,Razorpay,3915.09,Failed
pay_101386,m_1003,cust_1151,2026-05-12 17:00:00,UPI,Razorpay,13170.7,Success
pay_104614,m_1001,cust_1152,2026-05-12 18:00:00,NetBanking,Razorpay,313.57,Failed
pay_103842,m_1002,cust_1153,2026-05-12 21:00:00,Card,Razorpay,508.78,Failed
pay_103610,m_1003,cust_1154,2026-05-12 21:00:00,Wallet,HDFC Gateway,1620.88,Success
pay_100133,m_1000,cust_1155,2026-05-12 23:00:00,NetBanking,HDFC Gateway,958.5,Failed
pay_101974,m_1003,cust_1156,2026-05-12 23:00:00,UPI,Axis Wallet,3087.71,Failed
pay_104370,m_1004,cust_1157,2026-05-13 02:00:00,Card,HDFC Gateway,8421.43,Success
pay_101002,m_1000,cust_1158,2026-05-13 03:00:00,NetBanking,Razorpay,791.13,Success
pay_103660,m_1000,cust_1159,2026-05-13 07:00:00,Card,HDFC Gateway,1133.12,Success
pay_100157,m_1000,cust_1160,2026-05-13 08:00:00,NetBanking,Razorpay,1088.08,Success
pay_103175,m_1004,cust_1161,2026-05-13 08:00:00,UPI,Razorpay,1731.82,Failed
pay_101564,m_1002,cust_1162,2026-05-13 09:00:00,UPI,Axis Wallet,5841.55,Success
pay_104553,m_1000,cust_1163,2026-05-13 12:00:00,NetBanking,Razorpay,1021.1,Success
pay_101128,m_1002,cust_1164,2026-05-13 12:00:00,UPI,Razorpay,1623.44,Success
pay_101083,m_1002,cust_1165,2026-05-13 13:00:00,Card,ICICI UPI,8735.08,Failed
pay_104813,m_1002,cust_1166,2026-05-13 13:00:00,UPI,Razorpay,487.22,Failed
pay_102030,m_1000,cust_1167,2026-05-13 13:00:00,UPI,SBI Card Gateway,2899.93,Success
pay_104676,m_1000,cust_1168,2026-05-13 14:00:00,Card,HDFC Gateway,5413.9,Success
pay_100112,m_1000,cust_1169,2026-05-13 14:00:00,UPI,Axis Wallet,1851.17,Success
pay_101257,m_1003,cust_1170,2026-05-13 15:00:00,UPI,Razorpay,667.43,Failed
pay_104799,m_1004,cust_1171,2026-05-13 16:00:00,Card,Razorpay,2171.75,Success
pay_100455,m_1001,cust_1172,2026-05-13 16:00:00,NetBanking,Axis Wallet,5992.13,Failed
pay_100754,m_1000,cust_1173,2026-05-13 17:00:00,Card,Razorpay,3667.69,Success
pay_100329,m_1000,cust_1174,2026-05-13 18:00:00,NetBanking,Razorpay,2046.35,Failed
pay_104922,m_1003,cust_1175,2026-05-13 18:00:00,UPI,ICICI UPI,3061.75,Success
pay_101364,m_1004,cust_1176,2026-05-13 18:00:00,Card,Razorpay,10274.1,Failed
pay_101937,m_1002,cust_1177,2026-05-13 19:00:00,Wallet,HDFC Gateway,1642.52,Failed
pay_100033,m_1004,cust_1178,2026-05-13 19:00:00,UPI,Razorpay,1165.89,Failed
pay_102585,m_1001,cust_1179,2026-05-13 19:00:00,UPI,Axis Wallet,5245.01,Success
pay_103597,m_1003,cust_1180,2026-05-13 20:00:00,NetBanking,Razorpay,2911.01,Success
pay_103785,m_1002,cust_1181,2026-05-13 21:00:00,Card,Razorpay,920.63,Success
pay_100307,m_1000,cust_1182,2026-05-13 21:00:00,UPI,ICICI UPI,1929.6,Failed
pay_100131,m_1004,cust_1183,2026-05-13 23:00:00,UPI,Razorpay,2241.42,Failed
pay_101663,m_1003,cust_1184,2026-05-13 23:00:00,UPI,HDFC Gateway,3318.42,Failed
pay_101624,m_1001,cust_1185,2026-05-14 00:00:00,NetBanking,Razorpay,2343.95,Failed
pay_104196,m_1003,cust_1186,2026-05-14 00:00:00,UPI,Razorpay,963.14,Success
pay_101221,m_1001,cust_1187,2026-05-14 01:00:00,Card,HDFC Gateway,1484.01,Failed
pay_100654,m_1002,cust_1188,2026-05-14 01:00:00,UPI,Razorpay,3328.75,Success
pay_102334,m_1002,cust_1189,2026-05-14 01:00:00,UPI,Razorpay,8480.45,Failed
pay_100761,m_1001,cust_1190,2026-05-14 02:00:00,Card,Axis Wallet,14157.13,Failed
pay_101839,m_1000,cust_1191,2026-05-14 02:00:00,UPI,ICICI UPI,4116.92,Failed
pay_101996,m_1000,cust_1192,2026-05-14 03:00:00,UPI,Axis Wallet,3403.23,Failed
pay_104993,m_1001,cust_1193,2026-05-14 05:00:00,UPI,Razorpay,6655.11,Success
pay_102251,m_1000,cust_1194,2026-05-14 05:00:00,UPI,ICICI UPI,1088.18,Failed
pay_103145,m_1003,cust_1195,2026-05-14 05:00:00,UPI,Razorpay,2304.83,Success
pay_101496,m_1002,cust_1196,2026-05-14 09:00:00,UPI,SBI Card Gateway,10109.21,Success
pay_104352,m_1000,cust_1197,2026-05-14 09:00:00,Card,SBI Card Gateway,8887.75,Failed
pay_104448,m_1001,cust_1198,2026-05-14 10:00:00,Card,Axis Wallet,5281.95,Failed
pay_102403,m_1002,cust_1199,2026-05-14 11:00:00,UPI,Razorpay,1761.29,Failed
pay_103065,m_1001,cust_1200,2026-05-14 13:00:00,UPI,SBI Card Gateway,2013.88,Failed
pay_103913,m_1001,cust_1201,2026-05-14 13:00:00,UPI,ICICI UPI,2231.45,Failed
pay_101322,m_1002,cust_1202,2026-05-14 16:00:00,Card,Razorpay,3471.8,Failed
pay_103827,m_1004,cust_1203,2026-05-14 17:00:00,Card,Razorpay,3335.2,Success
pay_100991,m_1001,cust_1204,2026-05-14 18:00:00,Card,Axis Wallet,5173.28,Success
pay_104707,m_1000,cust_1205,2026-05-14 22:00:00,UPI,ICICI UPI,1540.04,Failed
pay_101576,m_1000,cust_1206,2026-05-14 22:00:00,UPI,Razorpay,13534.27,Success
pay_100878,m_1000,cust_1207,2026-05-14 22:00:00,UPI,SBI Card Gateway,1049.34,Failed
pay_103822,m_1003,cust_1208,2026-05-14 22:00:00,UPI,ICICI UPI,4909.55,Success
pay_104128,m_1004,cust_1209,2026-05-15 00:00:00,Wallet,Razorpay,2810.8,Success
pay_103476,m_1000,cust_1210,2026-05-15 01:00:00,Card,Axis Wallet,1049.66,Success
pay_103757,m_1001,cust_1211,2026-05-15 02:00:00,Card,Razorpay,7150.33,Failed
pay_100982,m_1004,cust_1212,2026-05-15 03:00:00,UPI,SBI Card Gateway,6126.91,Failed
pay_104095,m_1003,cust_1213,2026-05-15 04:00:00,UPI,Razorpay,3230.5,Failed
pay_100228,m_1001,cust_1214,2026-05-15 04:00:00,UPI,Razorpay,1011.28,Failed
pay_100330,m_1003,cust_1215,2026-05-15 04:00:00,UPI,ICICI UPI,7033.43,Failed
pay_100056,m_1003,cust_1216,2026-05-15 05:00:00,UPI,ICICI UPI,3607.05,Failed
pay_102118,m_1004,cust_1217,2026-05-15 08:00:00,UPI,Axis Wallet,1451.46,Success
pay_102833,m_1002,cust_1218,2026-05-15 09:00:00,UPI,Razorpay,1865.31,Failed
pay_103631,m_1004,cust_1219,2026-05-15 09:00:00,NetBanking,SBI Card Gateway,5144.76,Failed
pay_102342,m_1000,cust_1220,2026-05-15 10:00:00,UPI,Razorpay,21665.39,Failed
pay_100028,m_1002,cust_1221,2026-05-15 10:00:00,NetBanking,SBI Card Gateway,4410.73,Failed
pay_100294,m_1001,cust_1222,2026-05-15 12:00:00,UPI,Axis Wallet,2355.18,Success
pay_102774,m_1001,cust_1223,2026-05-15 12:00:00,Card,ICICI UPI,2865.79,Failed
pay_100806,m_1001,cust_1224,2026-05-15 13:00:00,UPI,ICICI UPI,1290.03,Failed
pay_103940,m_1002,cust_1225,2026-05-15 13:00:00,NetBanking,Razorpay,1526.34,Success
pay_102153,m_1000,cust_1226,2026-05-15 14:00:00,Card,Razorpay,1261.01,Failed
pay_100788,m_1004,cust_1227,2026-05-15 14:00:00,UPI,Razorpay,2661.58,Success
pay_102136,m_1004,cust_1228,2026-05-15 14:00:00,Card,SBI Card Gateway,2683.58,Failed
pay_104702,m_1002,cust_1229,2026-05-15 16:00:00,Card,HDFC Gateway,903.96,Failed
pay_103860,m_1001,cust_1230,2026-05-15 18:00:00,Card,SBI Card Gateway,16260.23,Success
pay_102835,m_1001,cust_1231,2026-05-15 19:00:00,UPI,ICICI UPI,4521.82,Failed
pay_104486,m_1004,cust_1232,2026-05-15 19:00:00,UPI,SBI Card Gateway,5932.44,Success
pay_100916,m_1002,cust_1233,2026-05-15 21:00:00,Card,ICICI UPI,2383.07,Success
pay_100304,m_1002,cust_1234,2026-05-15 21:00:00,NetBanking,Razorpay,948.28,Failed
pay_101847,m_1004,cust_1235,2026-05-15 23:00:00,Card,Razorpay,3311.2,Success
pay_100288,m_1003,cust_1236,2026-05-16 00:00:00,Card,ICICI UPI,2817.44,Failed
pay_103978,m_1003,cust_1237,2026-05-16 00:00:00,Wallet,Razorpay,1449.46,Success
pay_104022,m_1001,cust_1238,2026-05-16 00:00:00,Card,SBI Card Gateway,3628.17,Failed
pay_102117,m_1001,cust_1239,2026-05-16 01:00:00,Card,Razorpay,1324.15,Failed
pay_104030,m_1002,cust_1240,2026-05-16 02:00:00,UPI,SBI Card Gateway,332.65,Failed
pay_103340,m_1001,cust_1241,2026-05-16 03:00:00,UPI,Razorpay,1673.94,Failed
pay_100926,m_1004,cust_1242,2026-05-16 04:00:00,Card,ICICI UPI,12753.88,Failed
pay_102820,m_1004,cust_1243,2026-05-16 06:00:00,UPI,SBI Card Gateway,4947.31,Failed
pay_101379,m_1004,cust_1244,2026-05-16 06:00:00,UPI,Razorpay,2058.48,Failed
pay_102923,m_1001,cust_1245,2026-05-16 08:00:00,UPI,Razorpay,6067.01,Failed
pay_103636,m_1004,cust_1246,2026-05-16 08:00:00,UPI,ICICI UPI,320.48,Failed
pay_101258,m_1004,cust_1247,2026-05-16 08:00:00,Card,ICICI UPI,1582.23,Success
pay_100538,m_1004,cust_1248,2026-05-16 08:00:00,Card,HDFC Gateway,622.93,Failed
pay_100876,m_1000,cust_1249,2026-05-16 10:00:00,UPI,ICICI UPI,1661.85,Failed
pay_104820,m_1001,cust_1000,2026-05-16 12:00:00,UPI,Axis Wallet,4584.13,Success
pay_104887,m_1002,cust_1001,2026-05-16 12:00:00,NetBanking,SBI Card Gateway,16037.21,Success
pay_101139,m_1004,cust_1002,2026-05-16 12:00:00,UPI,Axis Wallet,2751.42,Failed
pay_102138,m_1000,cust_1003,2026-05-16 13:00:00,NetBanking,HDFC Gateway,2784.74,Failed
pay_103110,m_1001,cust_1004,2026-05-16 13:00:00,Card,SBI Card Gateway,985.1,Failed
pay_102335,m_1003,cust_1005,2026-05-16 14:00:00,Card,ICICI UPI,1735.12,Failed
pay_103298,m_1001,cust_1006,2026-05-16 15:00:00,Card,ICICI UPI,2571.18,Failed
pay_103678,m_1003,cust_1007,2026-05-16 15:00:00,Card,ICICI UPI,11856.76,Success
pay_103466,m_1003,cust_1008,2026-05-16 15:00:00,UPI,Razorpay,1068.47,Failed
pay_102350,m_1002,cust_1009,2026-05-16 15:00:00,NetBanking,Razorpay,687.66,Success
pay_104522,m_1002,cust_1010,2026-05-16 16:00:00,UPI,Razorpay,1427.28,Failed
pay_104911,m_1002,cust_1011,2026-05-16 20:00:00,Card,Razorpay,4068.29,Success
pay_100930,m_1000,cust_1012,2026-05-16 20:00:00,UPI,HDFC Gateway,2827.05,Failed
pay_103344,m_1002,cust_1013,2026-05-16 20:00:00,UPI,SBI Card Gateway,1299.27,Success
pay_104827,m_1001,cust_1014,2026-05-16 21:00:00,UPI,Razorpay,861.04,Failed
pay_102895,m_1003,cust_1015,2026-05-16 22:00:00,Card,Axis Wallet,1985.39,Failed
pay_104479,m_1003,cust_1016,2026-05-16 22:00:00,Card,Razorpay,2160.87,Failed
pay_102665,m_1000,cust_1017,2026-05-17 01:00:00,Card,Razorpay,16616.21,Failed
pay_101921,m_1004,cust_1018,2026-05-17 01:00:00,Card,SBI Card Gateway,6266.09,Success
pay_100560,m_1000,cust_1019,2026-05-17 01:00:00,UPI,Razorpay,2676.66,Failed
pay_104096,m_1002,cust_1020,2026-05-17 02:00:00,NetBanking,Razorpay,1391.43,Failed
pay_101635,m_1004,cust_1021,2026-05-17 02:00:00,Card,Razorpay,1362.96,Failed
pay_100605,m_1001,cust_1022,2026-05-17 03:00:00,UPI,Razorpay,1196.48,Failed
pay_100647,m_1001,cust_1023,2026-05-17 05:00:00,NetBanking,ICICI UPI,1013.4,Failed
pay_101900,m_1004,cust_1024,2026-05-17 08:00:00,UPI,Razorpay,3369.15,Failed
pay_102793,m_1001,cust_1025,2026-05-17 08:00:00,UPI,Razorpay,2421.86,Success
pay_102765,m_1003,cust_1026,2026-05-17 09:00:00,UPI,Razorpay,2182.03,Failed
pay_104818,m_1004,cust_1027,2026-05-17 11:00:00,Card,ICICI UPI,907.67,Failed
pay_101340,m_1004,cust_1028,2026-05-17 11:00:00,Card,HDFC Gateway,4820.74,Failed
pay_102309,m_1001,cust_1029,2026-05-17 12:00:00,UPI,Axis Wallet,3815.72,Failed
pay_101724,m_1002,cust_1030,2026-05-17 12:00:00,UPI,ICICI UPI,6414.2,Failed
pay_104501,m_1004,cust_1031,2026-05-17 12:00:00,Wallet,Razorpay,6659.81,Success
pay_101334,m_1002,cust_1032,2026-05-17 13:00:00,UPI,SBI Card Gateway,903.13,Success
pay_101552,m_1004,cust_1033,2026-05-17 15:00:00,Card,SBI Card Gateway,5486.91,Failed
pay_100350,m_1000,cust_1034,2026-05-17 15:00:00,UPI,Razorpay,1055.9,Success
pay_104223,m_1003,cust_1035,2026-05-17 15:00:00,Wallet,HDFC Gateway,2107.34,Failed
pay_101668,m_1000,cust_1036,2026-05-17 17:00:00,Card,Razorpay,2584.72,Failed
pay_100655,m_1000,cust_1037,2026-05-17 17:00:00,UPI,HDFC Gateway,1306.33,Failed
pay_102606,m_1004,cust_1038,2026-05-17 18:00:00,Card,ICICI UPI,3046.3,Success
pay_103016,m_1004,cust_1039,2026-05-17 18:00:00,Card,Axis Wallet,2621.57,Success
pay_103896,m_1001,cust_1040,2026-05-17 18:00:00,UPI,SBI Card Gateway,4291.76,Success
pay_100746,m_1004,cust_1041,2026-05-17 19:00:00,Card,HDFC Gateway,6921.67,Success
pay_103776,m_1001,cust_1042,2026-05-17 19:00:00,Card,Razorpay,1229.55,Failed
pay_102592,m_1002,cust_1043,2026-05-17 20:00:00,NetBanking,Razorpay,989.09,Success
pay_101957,m_1001,cust_1044,2026-05-17 21:00:00,UPI,Razorpay,4094.72,Failed
pay_104271,m_1000,cust_1045,2026-05-17 21:00:00,NetBanking,Razorpay,1733.35,Failed
pay_103495,m_1001,cust_1046,2026-05-17 22:00:00,Card,SBI Card Gateway,2425.05,Success
pay_103477,m_1003,cust_1047,2026-05-17 23:00:00,Card,HDFC Gateway,5012.98,Success
pay_102047,m_1002,cust_1048,2026-05-17 23:00:00,UPI,ICICI UPI,3958.72,Success
pay_101163,m_1003,cust_1049,2026-05-17 23:00:00,Wallet,Razorpay,2253.72,Failed
pay_101146,m_1001,cust_1050,2026-05-17 23:00:00,UPI,Razorpay,2725.74,Success
pay_102948,m_1000,cust_1051,2026-05-18 00:00:00,UPI,Razorpay,2257.59,Failed
pay_101990,m_1003,cust_1052,2026-05-18 00:00:00,Wallet,Razorpay,7891.69,Success
pay_102538,m_1003,cust_1053,2026-05-18 01:00:00,NetBanking,HDFC Gateway,8615.46,Failed
pay_100506,m_1002,cust_1054,2026-05-18 01:00:00,Card,Axis Wallet,6625.23,Success
pay_101901,m_1004,cust_1055,2026-05-18 01:00:00,Card,Razorpay,232.57,Success
pay_104151,m_1002,cust_1056,2026-05-18 02:00:00,Card,ICICI UPI,3290.26,Failed
pay_101298,m_1004,cust_1057,2026-05-18 02:00:00,Card,Razorpay,14838.51,Failed
pay_100487,m_1004,cust_1058,2026-05-18 02:00:00,UPI,HDFC Gateway,2120.66,Success
pay_104057,m_1004,cust_1059,2026-05-18 03:00:00,UPI,Razorpay,2075.97,Failed
pay_102410,m_1000,cust_1060,2026-05-18 03:00:00,Card,SBI Card Gateway,4855.55,Failed
pay_101500,m_1002,cust_1061,2026-05-18 06:00:00,Card,ICICI UPI,8047.96,Failed
pay_101919,m_1002,cust_1062,2026-05-18 06:00:00,Card,Razorpay,5037.74,Failed
pay_100994,m_1002,cust_1063,2026-05-18 06:00:00,NetBanking,Razorpay,4816.18,Success
pay_101391,m_1002,cust_1064,2026-05-18 07:00:00,Card,Axis Wallet,5619.31,Success
pay_103043,m_1004,cust_1065,2026-05-18 08:00:00,Card,Razorpay,495.51,Success
pay_101956,m_1000,cust_1066,2026-05-18 11:00:00,NetBanking,Razorpay,2201.6,Failed
pay_103737,m_1003,cust_1067,2026-05-18 11:00:00,UPI,SBI Card Gateway,1290.45,Failed
pay_103645,m_1000,cust_1068,2026-05-18 11:00:00,NetBanking,Razorpay,3127.23,Failed
pay_103538,m_1001,cust_1069,2026-05-18 14:00:00,UPI,SBI Card Gateway,2404.34,Failed
pay_104835,m_1002,cust_1070,2026-05-18 15:00:00,UPI,SBI Card Gateway,906.95,Failed
pay_103772,m_1004,cust_1071,2026-05-18 16:00:00,Card,Razorpay,10333.12,Failed
pay_103359,m_1000,cust_1072,2026-05-18 16:00:00,UPI,Razorpay,3210.37,Failed
pay_104919,m_1001,cust_1073,2026-05-18 16:00:00,Card,Axis Wallet,13258.13,Failed
pay_103727,m_1002,cust_1074,2026-05-18 19:00:00,Card,Razorpay,2451.47,Success
pay_104218,m_1001,cust_1075,2026-05-18 19:00:00,Card,Axis Wallet,5422.0,Failed
pay_104812,m_1000,cust_1076,2026-05-18 19:00:00,NetBanking,HDFC Gateway,3452.04,Failed
pay_100010,m_1003,cust_1077,2026-05-18 20:00:00,Card,Razorpay,753.3,Failed
pay_104369,m_1000,cust_1078,2026-05-18 20:00:00,Wallet,HDFC Gateway,2732.67,Failed
pay_103264,m_1000,cust_1079,2026-05-18 20:00:00,UPI,Razorpay,855.52,Failed
pay_100996,m_1000,cust_1080,2026-05-18 21:00:00,UPI,Axis Wallet,3929.41,Failed
pay_102608,m_1001,cust_1081,2026-05-18 21:00:00,UPI,SBI Card Gateway,5996.26,Success
pay_102517,m_1001,cust_1082,2026-05-18 22:00:00,UPI,Razorpay,5356.85,Failed
pay_101194,m_1004,cust_1083,2026-05-18 23:00:00,Card,Razorpay,2344.25,Failed
pay_102028,m_1002,cust_1084,2026-05-19 00:00:00,UPI,HDFC Gateway,1605.41,Failed
pay_101664,m_1004,cust_1085,2026-05-19 01:00:00,Card,SBI Card Gateway,886.74,Success
pay_102488,m_1004,cust_1086,2026-05-19 02:00:00,NetBanking,HDFC Gateway,1555.82,Success
pay_101073,m_1002,cust_1087,2026-05-19 02:00:00,UPI,Razorpay,920.57,Success
pay_103468,m_1003,cust_1088,2026-05-19 03:00:00,UPI,ICICI UPI,2985.86,Failed
pay_104548,m_1002,cust_1089,2026-05-19 04:00:00,UPI,HDFC Gateway,5404.97,Failed
pay_101310,m_1001,cust_1090,2026-05-19 06:00:00,Card,SBI Card Gateway,21146.34,Success
pay_103936,m_1004,cust_1091,2026-05-19 07:00:00,NetBanking,Razorpay,2369.37,Success
pay_101858,m_1002,cust_1092,2026-05-19 07:00:00,Card,Razorpay,2489.17,Failed
pay_100577,m_1002,cust_1093,2026-05-19 08:00:00,Card,Razorpay,7341.39,Failed
pay_100678,m_1001,cust_1094,2026-05-19 10:00:00,UPI,SBI Card Gateway,2138.83,Failed
pay_103336,m_1004,cust_1095,2026-05-19 11:00:00,UPI,Razorpay,1574.58,Success
pay_103391,m_1000,cust_1096,2026-05-19 11:00:00,NetBanking,Razorpay,3775.63,Failed
pay_100711,m_1003,cust_1097,2026-05-19 13:00:00,Card,Razorpay,3686.98,Failed
pay_100892,m_1003,cust_1098,2026-05-19 13:00:00,NetBanking,Razorpay,2351.91,Failed
pay_102731,m_1002,cust_1099,2026-05-19 14:00:00,UPI,Razorpay,4804.0,Failed
pay_104991,m_1002,cust_1100,2026-05-19 15:00:00,UPI,Razorpay,5101.37,Failed
pay_101799,m_1003,cust_1101,2026-05-19 15:00:00,UPI,Razorpay,3293.37,Failed
pay_103866,m_1003,cust_1102,2026-05-19 15:00:00,Card,Razorpay,1097.7,Success
pay_102776,m_1004,cust_1103,2026-05-19 15:00:00,UPI,HDFC Gateway,397.04,Success
pay_103551,m_1000,cust_1104,2026-05-19 15:00:00,NetBanking,Razorpay,483.3,Failed
pay_104511,m_1002,cust_1105,2026-05-19 16:00:00,Wallet,Razorpay,12493.69,Failed
pay_104031,m_1004,cust_1106,2026-05-19 16:00:00,Card,SBI Card Gateway,2230.79,Failed
pay_102431,m_1000,cust_1107,2026-05-19 16:00:00,NetBanking,Razorpay,1909.48,Success
pay_104613,m_1003,cust_1108,2026-05-19 17:00:00,UPI,Razorpay,3267.72,Success
pay_104739,m_1004,cust_1109,2026-05-19 18:00:00,NetBanking,Razorpay,7304.96,Failed
pay_102476,m_1000,cust_1110,2026-05-19 18:00:00,Card,SBI Card Gateway,3054.32,Failed
pay_100448,m_1003,cust_1111,2026-05-19 20:00:00,UPI,Axis Wallet,2537.45,Failed
pay_103956,m_1003,cust_1112,2026-05-19 20:00:00,UPI,Razorpay,2801.71,Success
pay_101848,m_1000,cust_1113,2026-05-19 20:00:00,UPI,Razorpay,2789.74,Success
pay_100295,m_1001,cust_1114,2026-05-19 21:00:00,Card,Razorpay,1068.59,Failed
pay_100700,m_1001,cust_1115,2026-05-19 22:00:00,NetBanking,Axis Wallet,4549.12,Failed
pay_102713,m_1004,cust_1116,2026-05-19 22:00:00,Card,HDFC Gateway,777.35,Failed
pay_101685,m_1003,cust_1117,2026-05-19 23:00:00,NetBanking,ICICI UPI,5399.42,Failed
pay_101009,m_1003,cust_1118,2026-05-19 23:00:00,NetBanking,SBI Card Gateway,1439.47,Success
pay_103999,m_1001,cust_1119,2026-05-20 00:00:00,Card,HDFC Gateway,5012.89,Failed
pay_104947,m_1001,cust_1120,2026-05-20 01:00:00,Card,Razorpay,9185.6,Failed
pay_102949,m_1001,cust_1121,2026-05-20 02:00:00,NetBanking,ICICI UPI,6441.72,Success
pay_102132,m_1003,cust_1122,2026-05-20 02:00:00,UPI,Axis Wallet,2392.42,Failed
pay_104310,m_1002,cust_1123,2026-05-20 03:00:00,UPI,Razorpay,9868.21,Failed
pay_101014,m_1001,cust_1124,2026-05-20 03:00:00,Wallet,HDFC Gateway,1845.39,Failed
pay_104221,m_1004,cust_1125,2026-05-20 04:00:00,UPI,Razorpay,1483.77,Failed
pay_100365,m_1002,cust_1126,2026-05-20 05:00:00,UPI,ICICI UPI,1508.08,Success
pay_103808,m_1003,cust_1127,2026-05-20 05:00:00,Card,ICICI UPI,758.88,Failed
pay_103243,m_1004,cust_1128,2026-05-20 05:00:00,UPI,Razorpay,2955.53,Failed
pay_103900,m_1001,cust_1129,2026-05-20 07:00:00,UPI,SBI Card Gateway,1396.02,Success
pay_100716,m_1003,cust_1130,2026-05-20 10:00:00,Card,Razorpay,6617.04,Failed
pay_101915,m_1004,cust_1131,2026-05-20 10:00:00,NetBanking,Razorpay,3477.07,Failed
pay_101164,m_1001,cust_1132,2026-05-20 13:00:00,NetBanking,Razorpay,1669.85,Success
pay_104684,m_1004,cust_1133,2026-05-20 13:00:00,UPI,Razorpay,4934.8,Failed
pay_101719,m_1000,cust_1134,2026-05-20 13:00:00,Wallet,Razorpay,4073.3,Failed
pay_102263,m_1002,cust_1135,2026-05-20 15:00:00,UPI,HDFC Gateway,726.17,Failed
pay_103420,m_1000,cust_1136,2026-05-20 15:00:00,UPI,Axis Wallet,468.3,Failed
pay_100548,m_1001,cust_1137,2026-05-20 17:00:00,Card,SBI Card Gateway,2603.59,Success
pay_101459,m_1003,cust_1138,2026-05-20 17:00:00,UPI,Razorpay,990.84,Failed
pay_102875,m_1000,cust_1139,2026-05-20 18:00:00,UPI,Razorpay,5609.57,Failed
pay_103653,m_1002,cust_1140,2026-05-20 19:00:00,UPI,Razorpay,2894.44,Failed
pay_100802,m_1003,cust_1141,2026-05-20 19:00:00,Card,Razorpay,2965.09,Failed
pay_101582,m_1004,cust_1142,2026-05-20 20:00:00,UPI,Razorpay,2005.82,Failed
pay_104063,m_1003,cust_1143,2026-05-20 21:00:00,UPI,Axis Wallet,1683.03,Success
pay_100343,m_1000,cust_1144,2026-05-20 21:00:00,Wallet,Razorpay,5413.65,Failed
pay_101206,m_1000,cust_1145,2026-05-20 21:00:00,Card,Axis Wallet,1189.75,Failed
pay_101295,m_1001,cust_1146,2026-05-20 23:00:00,NetBanking,Razorpay,980.62,Failed
pay_103656,m_1002,cust_1147,2026-05-20 23:00:00,Wallet,ICICI UPI,16741.12,Failed
pay_101679,m_1003,cust_1148,2026-05-21 00:00:00,UPI,Razorpay,2967.62,Success
pay_100607,m_1002,cust_1149,2026-05-21 01:00:00,Wallet,HDFC Gateway,7502.47,Failed
pay_102810,m_1003,cust_1150,2026-05-21 04:00:00,Card,ICICI UPI,2630.65,Success
pay_100016,m_1003,cust_1151,2026-05-21 05:00:00,Card,Razorpay,900.86,Failed
pay_103310,m_1000,cust_1152,2026-05-21 05:00:00,Card,Razorpay,9490.57,Failed
pay_103664,m_1004,cust_1153,2026-05-21 06:00:00,NetBanking,Razorpay,1106.97,Failed
pay_101441,m_1001,cust_1154,2026-05-21 07:00:00,UPI,Axis Wallet,2390.62,Failed
pay_100999,m_1004,cust_1155,2026-05-21 07:00:00,Wallet,Razorpay,8548.31,Failed
pay_102958,m_1001,cust_1156,2026-05-21 08:00:00,Wallet,ICICI UPI,3915.11,Success
pay_104108,m_1003,cust_1157,2026-05-21 09:00:00,UPI,ICICI UPI,1373.08,Failed
pay_104395,m_1002,cust_1158,2026-05-21 10:00:00,UPI,SBI Card Gateway,3208.49,Failed
pay_102742,m_1000,cust_1159,2026-05-21 10:00:00,UPI,Razorpay,3590.2,Success
pay_103994,m_1003,cust_1160,2026-05-21 13:00:00,UPI,Razorpay,1894.17,Failed
pay_102312,m_1000,cust_1161,2026-05-21 19:00:00,UPI,Razorpay,1490.17,Success
pay_103939,m_1001,cust_1162,2026-05-21 20:00:00,NetBanking,Axis Wallet,2040.06,Success
pay_100896,m_1004,cust_1163,2026-05-21 22:00:00,UPI,Razorpay,3380.41,Failed
pay_103902,m_1001,cust_1164,2026-05-21 22:00:00,Card,Razorpay,2757.75,Success
pay_102065,m_1000,cust_1165,2026-05-22 00:00:00,Card,Razorpay,1514.07,Failed
pay_104394,m_1001,cust_1166,2026-05-22 00:00:00,Card,Razorpay,6080.03,Success
pay_100939,m_1000,cust_1167,2026-05-22 02:00:00,Wallet,Razorpay,4798.45,Failed
pay_100444,m_1001,cust_1168,2026-05-22 02:00:00,Card,Axis Wallet,6337.34,Success
pay_102951,m_1000,cust_1169,2026-05-22 03:00:00,UPI,SBI Card Gateway,4119.76,Failed
pay_101489,m_1004,cust_1170,2026-05-22 03:00:00,Card,Razorpay,2158.06,Failed
pay_101050,m_1003,cust_1171,2026-05-22 03:00:00,UPI,SBI Card Gateway,574.01,Success
pay_101240,m_1001,cust_1172,2026-05-22 03:00:00,NetBanking,HDFC Gateway,2042.33,Success
pay_104535,m_1003,cust_1173,2026-05-22 05:00:00,Card,ICICI UPI,722.38,Failed
pay_102900,m_1001,cust_1174,2026-05-22 06:00:00,UPI,Razorpay,2613.66,Failed
pay_101617,m_1001,cust_1175,2026-05-22 07:00:00,UPI,ICICI UPI,1248.49,Failed
pay_104168,m_1004,cust_1176,2026-05-22 08:00:00,Card,ICICI UPI,2193.66,Success
pay_101216,m_1000,cust_1177,2026-05-22 08:00:00,NetBanking,SBI Card Gateway,8518.95,Failed
pay_104172,m_1000,cust_1178,2026-05-22 10:00:00,Card,Razorpay,1339.8,Failed
pay_100419,m_1003,cust_1179,2026-05-22 11:00:00,Card,Razorpay,2231.37,Failed
pay_102714,m_1000,cust_1180,2026-05-22 11:00:00,UPI,HDFC Gateway,7295.22,Success
pay_102250,m_1004,cust_1181,2026-05-22 11:00:00,UPI,HDFC Gateway,2871.2,Failed
pay_100114,m_1002,cust_1182,2026-05-22 14:00:00,UPI,Razorpay,12583.14,Failed
pay_103011,m_1003,cust_1183,2026-05-22 14:00:00,Card,ICICI UPI,4258.45,Failed
pay_103761,m_1002,cust_1184,2026-05-22 15:00:00,Card,Razorpay,7145.61,Failed
pay_102684,m_1001,cust_1185,2026-05-22 15:00:00,UPI,HDFC Gateway,4791.13,Failed
pay_104961,m_1001,cust_1186,2026-05-22 16:00:00,UPI,Razorpay,15784.77,Failed
pay_103375,m_1003,cust_1187,2026-05-22 16:00:00,Wallet,HDFC Gateway,809.48,Failed
pay_103376,m_1001,cust_1188,2026-05-22 16:00:00,UPI,SBI Card Gateway,3359.78,Failed
pay_100158,m_1004,cust_1189,2026-05-22 17:00:00,UPI,HDFC Gateway,923.72,Failed
pay_100628,m_1004,cust_1190,2026-05-22 17:00:00,NetBanking,SBI Card Gateway,2441.77,Success
pay_101151,m_1002,cust_1191,2026-05-22 18:00:00,UPI,Razorpay,12174.61,Failed
pay_104139,m_1003,cust_1192,2026-05-22 19:00:00,NetBanking,SBI Card Gateway,2262.06,Failed
pay_100555,m_1004,cust_1193,2026-05-22 19:00:00,Wallet,HDFC Gateway,671.67,Failed
pay_100875,m_1001,cust_1194,2026-05-22 19:00:00,Card,SBI Card Gateway,4093.26,Failed
pay_102349,m_1000,cust_1195,2026-05-22 20:00:00,UPI,Razorpay,589.66,Failed
pay_101766,m_1004,cust_1196,2026-05-22 20:00:00,Card,Razorpay,183.66,Failed
pay_104269,m_1003,cust_1197,2026-05-22 20:00:00,Card,Razorpay,822.84,Failed
pay_103128,m_1001,cust_1198,2026-05-22 20:00:00,Card,Axis Wallet,1455.24,Failed
pay_104125,m_1000,cust_1199,2026-05-22 21:00:00,Wallet,ICICI UPI,1504.65,Failed
pay_104796,m_1002,cust_1200,2026-05-22 21:00:00,Card,SBI Card Gateway,2962.15,Failed
pay_101007,m_1000,cust_1201,2026-05-22 23:00:00,Card,Razorpay,2774.31,Failed
pay_100666,m_1002,cust_1202,2026-05-23 00:00:00,UPI,SBI Card Gateway,5075.45,Failed
pay_101378,m_1002,cust_1203,2026-05-23 01:00:00,Card,Razorpay,2741.37,Failed
pay_103373,m_1003,cust_1204,2026-05-23 02:00:00,Card,Razorpay,794.75,Failed
pay_101736,m_1002,cust_1205,2026-05-23 02:00:00,NetBanking,SBI Card Gateway,2957.29,Failed
pay_101090,m_1003,cust_1206,2026-05-23 02:00:00,Card,Razorpay,2825.71,Success
pay_104345,m_1004,cust_1207,2026-05-23 03:00:00,UPI,Razorpay,1164.78,Failed
pay_104339,m_1004,cust_1208,2026-05-23 04:00:00,Card,SBI Card Gateway,921.93,Failed
pay_104133,m_1001,cust_1209,2026-05-23 04:00:00,Card,HDFC Gateway,996.14,Success
pay_103926,m_1000,cust_1210,2026-05-23 07:00:00,UPI,Axis Wallet,6859.97,Failed
pay_101052,m_1003,cust_1211,2026-05-23 07:00:00,NetBanking,Axis Wallet,1437.24,Failed
pay_104084,m_1001,cust_1212,2026-05-23 07:00:00,Card,ICICI UPI,2887.91,Success
pay_100179,m_1002,cust_1213,2026-05-23 10:00:00,Card,Razorpay,757.83,Success
pay_100405,m_1002,cust_1214,2026-05-23 11:00:00,UPI,ICICI UPI,4495.2,Failed
pay_102253,m_1001,cust_1215,2026-05-23 11:00:00,UPI,Razorpay,1958.32,Success
pay_102596,m_1001,cust_1216,2026-05-23 12:00:00,Wallet,Razorpay,2245.86,Failed
pay_104715,m_1003,cust_1217,2026-05-23 12:00:00,UPI,Razorpay,571.8,Failed
pay_100020,m_1000,cust_1218,2026-05-23 13:00:00,UPI,ICICI UPI,3255.67,Failed
pay_103705,m_1001,cust_1219,2026-05-23 14:00:00,NetBanking,Razorpay,6027.26,Failed
pay_104824,m_1004,cust_1220,2026-05-23 17:00:00,Card,Razorpay,1001.9,Failed
pay_100404,m_1004,cust_1221,2026-05-23 17:00:00,UPI,HDFC Gateway,6505.76,Failed
pay_103637,m_1003,cust_1222,2026-05-23 18:00:00,UPI,ICICI UPI,1952.83,Success
pay_100452,m_1004,cust_1223,2026-05-23 18:00:00,NetBanking,ICICI UPI,945.34,Failed
pay_101161,m_1001,cust_1224,2026-05-23 20:00:00,Card,Razorpay,14546.69,Failed
pay_102537,m_1002,cust_1225,2026-05-23 20:00:00,Card,Razorpay,622.3,Failed
pay_104882,m_1004,cust_1226,2026-05-23 21:00:00,UPI,Razorpay,1184.35,Success
pay_104999,m_1002,cust_1227,2026-05-23 21:00:00,NetBanking,Razorpay,1352.92,Success
pay_103115,m_1004,cust_1228,2026-05-23 23:00:00,NetBanking,Razorpay,3304.11,Success
pay_104659,m_1002,cust_1229,2026-05-23 23:00:00,UPI,Razorpay,1372.45,Success
pay_100054,m_1003,cust_1230,2026-05-24 00:00:00,NetBanking,ICICI UPI,3737.87,Failed
pay_102947,m_1000,cust_1231,2026-05-24 01:00:00,Card,HDFC Gateway,2580.36,Failed
pay_100182,m_1003,cust_1232,2026-05-24 02:00:00,UPI,ICICI UPI,1903.8,Success
pay_104362,m_1001,cust_1233,2026-05-24 04:00:00,Wallet,HDFC Gateway,3391.77,Success
pay_101355,m_1002,cust_1234,2026-05-24 04:00:00,UPI,Razorpay,1159.44,Success
pay_102663,m_1002,cust_1235,2026-05-24 05:00:00,Card,SBI Card Gateway,8404.87,Failed
pay_102010,m_1001,cust_1236,2026-05-24 05:00:00,Wallet,Razorpay,1179.95,Success
pay_102641,m_1001,cust_1237,2026-05-24 06:00:00,Card,Axis Wallet,4267.04,Failed
pay_104637,m_1001,cust_1238,2026-05-24 07:00:00,Card,ICICI UPI,6621.78,Success
pay_103449,m_1000,cust_1239,2026-05-24 09:00:00,UPI,Razorpay,338.9,Success
pay_101352,m_1003,cust_1240,2026-05-24 09:00:00,UPI,Razorpay,2277.01,Failed
pay_100184,m_1004,cust_1241,2026-05-24 09:00:00,UPI,Axis Wallet,3306.68,Failed
pay_101813,m_1000,cust_1242,2026-05-24 10:00:00,Wallet,HDFC Gateway,15964.28,Failed
pay_100202,m_1000,cust_1243,2026-05-24 12:00:00,Card,HDFC Gateway,3895.2,Failed
pay_104572,m_1002,cust_1244,2026-05-24 13:00:00,UPI,ICICI UPI,1124.16,Success
pay_101518,m_1000,cust_1245,2026-05-24 13:00:00,UPI,Razorpay,7274.69,Failed
pay_104195,m_1001,cust_1246,2026-05-24 14:00:00,NetBanking,Razorpay,1329.56,Success
pay_103139,m_1001,cust_1247,2026-05-24 15:00:00,NetBanking,Razorpay,3897.64,Success
pay_102976,m_1000,cust_1248,2026-05-24 15:00:00,Card,HDFC Gateway,2552.29,Success
pay_101548,m_1004,cust_1249,2026-05-24 16:00:00,UPI,Razorpay,7098.02,Failed
pay_100251,m_1000,cust_1000,2026-05-24 16:00:00,Wallet,Razorpay,2853.62,Success
pay_103841,m_1000,cust_1001,2026-05-24 16:00:00,Card,Razorpay,3437.45,Failed
pay_101017,m_1004,cust_1002,2026-05-24 16:00:00,Card,SBI Card Gateway,5552.13,Failed
pay_102539,m_1000,cust_1003,2026-05-24 18:00:00,Card,ICICI UPI,13301.11,Failed
pay_103659,m_1003,cust_1004,2026-05-24 19:00:00,UPI,HDFC Gateway,3688.22,Failed
pay_101119,m_1004,cust_1005,2026-05-24 19:00:00,Card,ICICI UPI,2678.25,Success
pay_100562,m_1001,cust_1006,2026-05-24 20:00:00,NetBanking,HDFC Gateway,2068.78,Failed
pay_100234,m_1002,cust_1007,2026-05-24 22:00:00,NetBanking,Razorpay,6504.29,Failed
pay_104292,m_1002,cust_1008,2026-05-24 22:00:00,Card,HDFC Gateway,1110.21,Failed
pay_100717,m_1004,cust_1009,2026-05-25 00:00:00,NetBanking,ICICI UPI,2351.3,Success
pay_102738,m_1002,cust_1010,2026-05-25 00:00:00,UPI,Razorpay,1974.02,Failed
pay_103140,m_1003,cust_1011,2026-05-25 01:00:00,Card,HDFC Gateway,2414.78,Failed
pay_103708,m_1001,cust_1012,2026-05-25 01:00:00,Wallet,ICICI UPI,3274.64,Success
pay_103643,m_1001,cust_1013,2026-05-25 02:00:00,UPI,Razorpay,2064.02,Success
pay_102297,m_1002,cust_1014,2026-05-25 04:00:00,UPI,Razorpay,811.44,Success
pay_104414,m_1002,cust_1015,2026-05-25 05:00:00,UPI,Razorpay,3051.86,Failed
pay_101476,m_1002,cust_1016,2026-05-25 07:00:00,UPI,ICICI UPI,1267.95,Failed
pay_101917,m_1003,cust_1017,2026-05-25 07:00:00,Card,Razorpay,8843.86,Failed
pay_100283,m_1004,cust_1018,2026-05-25 07:00:00,Wallet,ICICI UPI,1842.54,Failed
pay_101115,m_1001,cust_1019,2026-05-25 09:00:00,Card,Razorpay,5313.01,Success
pay_102155,m_1001,cust_1020,2026-05-25 10:00:00,UPI,HDFC Gateway,981.38,Failed
pay_103014,m_1004,cust_1021,2026-05-25 10:00:00,UPI,Razorpay,7026.53,Success
pay_101243,m_1002,cust_1022,2026-05-25 11:00:00,Card,Razorpay,1903.71,Failed
pay_101491,m_1000,cust_1023,2026-05-25 12:00:00,UPI,Razorpay,410.34,Failed
pay_104013,m_1002,cust_1024,2026-05-25 13:00:00,Wallet,SBI Card Gateway,2649.35,Success
pay_100650,m_1003,cust_1025,2026-05-25 13:00:00,Card,HDFC Gateway,850.11,Success
pay_104713,m_1003,cust_1026,2026-05-25 14:00:00,UPI,Razorpay,6907.16,Failed
pay_104216,m_1002,cust_1027,2026-05-25 16:00:00,NetBanking,Axis Wallet,4050.93,Failed
pay_100443,m_1004,cust_1028,2026-05-25 16:00:00,Card,Razorpay,4684.23,Failed
pay_104560,m_1002,cust_1029,2026-05-25 17:00:00,Card,Razorpay,901.9,Failed
pay_104472,m_1003,cust_1030,2026-05-25 18:00:00,UPI,Razorpay,16321.35,Failed
pay_100728,m_1000,cust_1031,2026-05-25 18:00:00,NetBanking,Axis Wallet,479.77,Success
pay_101030,m_1002,cust_1032,2026-05-25 20:00:00,UPI,Axis Wallet,1419.64,Success
pay_104829,m_1001,cust_1033,2026-05-25 22:00:00,NetBanking,ICICI UPI,3967.78,Failed
pay_100281,m_1000,cust_1034,2026-05-26 00:00:00,NetBanking,Razorpay,1656.9,Failed
pay_102957,m_1003,cust_1035,2026-05-26 02:00:00,Card,Axis Wallet,1881.16,Success
pay_102415,m_1000,cust_1036,2026-05-26 02:00:00,Wallet,Razorpay,1621.05,Failed
pay_104607,m_1003,cust_1037,2026-05-26 03:00:00,Card,Axis Wallet,2924.5,Failed
pay_104354,m_1001,cust_1038,2026-05-26 15:00:00,Wallet,Axis Wallet,2390.17,Failed
pay_102843,m_1003,cust_1039,2026-05-26 16:00:00,UPI,HDFC Gateway,4873.83,Success
pay_101516,m_1003,cust_1040,2026-05-26 18:00:00,Wallet,HDFC Gateway,1472.7,Failed
pay_101145,m_1001,cust_1041,2026-05-26 18:00:00,Card,Razorpay,3861.28,Success
pay_104427,m_1003,cust_1042,2026-05-26 19:00:00,UPI,HDFC Gateway,4835.83,Failed
pay_100275,m_1004,cust_1043,2026-05-26 19:00:00,UPI,ICICI UPI,3682.38,Success
pay_104894,m_1003,cust_1044,2026-05-26 20:00:00,Card,SBI Card Gateway,6312.69,Success
pay_103854,m_1001,cust_1045,2026-05-26 20:00:00,UPI,ICICI UPI,759.63,Failed
pay_101931,m_1002,cust_1046,2026-05-26 20:00:00,Card,Razorpay,4733.76,Failed
pay_102685,m_1000,cust_1047,2026-05-26 21:00:00,Card,Razorpay,7047.18,Success
pay_101807,m_1004,cust_1048,2026-05-26 22:00:00,Card,Razorpay,1623.59,Failed
pay_103655,m_1000,cust_1049,2026-05-26 22:00:00,UPI,HDFC Gateway,3917.76,Failed
pay_104889,m_1001,cust_1050,2026-05-26 23:00:00,Card,Razorpay,3380.93,Success
pay_103071,m_1001,cust_1051,2026-05-27 00:00:00,UPI,Axis Wallet,3368.67,Failed
pay_103922,m_1001,cust_1052,2026-05-27 01:00:00,Card,Axis Wallet,17350.96,Failed
pay_100643,m_1002,cust_1053,2026-05-27 01:00:00,Wallet,Razorpay,2239.41,Failed
pay_102177,m_1002,cust_1054,2026-05-27 02:00:00,NetBanking,SBI Card Gateway,6894.84,Success
pay_101507,m_1004,cust_1055,2026-05-27 05:00:00,UPI,Razorpay,1525.79,Success
pay_103426,m_1002,cust_1056,2026-05-27 05:00:00,Wallet,Axis Wallet,3007.74,Failed
pay_104111,m_1000,cust_1057,2026-05-27 06:00:00,Card,Razorpay,7929.55,Failed
pay_101100,m_1004,cust_1058,2026-05-27 06:00:00,NetBanking,SBI Card Gateway,4310.12,Failed
pay_103261,m_1000,cust_1059,2026-05-27 07:00:00,UPI,ICICI UPI,2899.04,Failed
pay_100767,m_1003,cust_1060,2026-05-27 08:00:00,Card,ICICI UPI,9051.09,Success
pay_104280,m_1004,cust_1061,2026-05-27 10:00:00,Card,Razorpay,1372.56,Failed
pay_101798,m_1004,cust_1062,2026-05-27 10:00:00,UPI,Razorpay,852.94,Success
pay_102768,m_1000,cust_1063,2026-05-27 11:00:00,Card,Razorpay,7657.53,Failed
pay_103055,m_1004,cust_1064,2026-05-27 12:00:00,UPI,Razorpay,4513.85,Failed
pay_101794,m_1003,cust_1065,2026-05-27 13:00:00,Card,SBI Card Gateway,1091.52,Failed
pay_100784,m_1002,cust_1066,2026-05-27 13:00:00,Wallet,Razorpay,7387.88,Failed
pay_100621,m_1000,cust_1067,2026-05-27 14:00:00,Card,Razorpay,2939.15,Success
pay_102959,m_1003,cust_1068,2026-05-27 14:00:00,NetBanking,HDFC Gateway,20499.77,Failed
pay_104725,m_1000,cust_1069,2026-05-27 15:00:00,Card,HDFC Gateway,3931.59,Failed
pay_104452,m_1000,cust_1070,2026-05-27 15:00:00,UPI,SBI Card Gateway,929.12,Success
pay_103970,m_1004,cust_1071,2026-05-27 16:00:00,NetBanking,Razorpay,1206.41,Failed
pay_101201,m_1000,cust_1072,2026-05-27 16:00:00,UPI,HDFC Gateway,4213.71,Success
pay_103845,m_1002,cust_1073,2026-05-27 17:00:00,UPI,Razorpay,4406.55,Failed
pay_100972,m_1004,cust_1074,2026-05-27 17:00:00,Wallet,SBI Card Gateway,1426.07,Failed
pay_103137,m_1003,cust_1075,2026-05-27 17:00:00,UPI,Axis Wallet,736.22,Success
pay_102238,m_1004,cust_1076,2026-05-27 21:00:00,Wallet,Razorpay,7463.4,Failed
pay_101419,m_1004,cust_1077,2026-05-27 21:00:00,Wallet,Razorpay,5930.94,Failed
pay_102455,m_1001,cust_1078,2026-05-27 22:00:00,NetBanking,Axis Wallet,4679.94,Success
pay_100708,m_1000,cust_1079,2026-05-27 22:00:00,Card,Razorpay,6872.02,Failed
pay_103497,m_1003,cust_1080,2026-05-27 22:00:00,Card,SBI Card Gateway,3437.2,Failed
pay_100075,m_1004,cust_1081,2026-05-27 23:00:00,Card,HDFC Gateway,264.31,Failed
pay_102979,m_1001,cust_1082,2026-05-28 00:00:00,NetBanking,Razorpay,2312.4,Success
pay_101540,m_1004,cust_1083,2026-05-28 00:00:00,NetBanking,Axis Wallet,1987.57,Failed
pay_103989,m_1000,cust_1084,2026-05-28 01:00:00,UPI,Razorpay,2056.79,Success
pay_100518,m_1002,cust_1085,2026-05-28 01:00:00,Card,Razorpay,3750.08,Success
pay_103873,m_1001,cust_1086,2026-05-28 02:00:00,NetBanking,HDFC Gateway,5022.29,Success
pay_104115,m_1003,cust_1087,2026-05-28 03:00:00,UPI,Razorpay,867.28,Success
pay_102458,m_1004,cust_1088,2026-05-28 04:00:00,NetBanking,SBI Card Gateway,923.05,Failed
pay_103450,m_1004,cust_1089,2026-05-28 05:00:00,Card,Razorpay,10722.19,Failed
pay_102462,m_1000,cust_1090,2026-05-28 06:00:00,UPI,Axis Wallet,9953.9,Failed
pay_100943,m_1000,cust_1091,2026-05-28 06:00:00,Card,SBI Card Gateway,1373.9,Failed
pay_100973,m_1004,cust_1092,2026-05-28 06:00:00,Card,Razorpay,2321.39,Success
pay_103409,m_1000,cust_1093,2026-05-28 07:00:00,UPI,HDFC Gateway,935.38,Failed
pay_100289,m_1003,cust_1094,2026-05-28 09:00:00,UPI,Razorpay,1930.73,Failed
pay_102394,m_1002,cust_1095,2026-05-28 10:00:00,UPI,HDFC Gateway,2683.86,Success
pay_102025,m_1002,cust_1096,2026-05-28 12:00:00,Card,Razorpay,2091.43,Success
pay_101788,m_1002,cust_1097,2026-05-28 12:00:00,NetBanking,SBI Card Gateway,2814.31,Failed
pay_103937,m_1002,cust_1098,2026-05-28 13:00:00,UPI,ICICI UPI,472.19,Success
pay_103635,m_1001,cust_1099,2026-05-28 13:00:00,UPI,ICICI UPI,851.16,Success
pay_102912,m_1001,cust_1100,2026-05-28 16:00:00,UPI,Razorpay,1299.4,Failed
pay_104605,m_1003,cust_1101,2026-05-28 17:00:00,NetBanking,HDFC Gateway,2756.59,Failed
pay_100108,m_1003,cust_1102,2026-05-28 17:00:00,NetBanking,Razorpay,3220.08,Failed
pay_103122,m_1002,cust_1103,2026-05-28 18:00:00,UPI,HDFC Gateway,872.78,Success
pay_100123,m_1001,cust_1104,2026-05-28 19:00:00,UPI,ICICI UPI,2155.83,Failed
pay_104416,m_1003,cust_1105,2026-05-28 20:00:00,NetBanking,Razorpay,4033.5,Success
pay_102548,m_1000,cust_1106,2026-05-28 23:00:00,UPI,HDFC Gateway,14367.2,Failed
pay_104706,m_1003,cust_1107,2026-05-28 23:00:00,UPI,SBI Card Gateway,6997.51,Failed
pay_101430,m_1000,cust_1108,2026-05-28 23:00:00,UPI,SBI Card Gateway,1316.06,Success
pay_102453,m_1004,cust_1109,2026-05-29 00:00:00,Card,Razorpay,2807.35,Success
pay_101711,m_1003,cust_1110,2026-05-29 01:00:00,UPI,Razorpay,1118.85,Success
pay_100069,m_1001,cust_1111,2026-05-29 02:00:00,UPI,Razorpay,5917.63,Failed
pay_100366,m_1002,cust_1112,2026-05-29 02:00:00,NetBanking,ICICI UPI,1333.11,Failed
pay_101101,m_1001,cust_1113,2026-05-29 03:00:00,UPI,Razorpay,3549.91,Success
pay_102975,m_1004,cust_1114,2026-05-29 04:00:00,UPI,ICICI UPI,5847.03,Failed
pay_101696,m_1000,cust_1115,2026-05-29 05:00:00,Card,Razorpay,3416.19,Failed
pay_104484,m_1000,cust_1116,2026-05-29 05:00:00,Card,Razorpay,9681.26,Success
pay_101967,m_1002,cust_1117,2026-05-29 05:00:00,UPI,Razorpay,3707.03,Failed
pay_103138,m_1000,cust_1118,2026-05-29 06:00:00,UPI,Razorpay,3012.51,Failed
pay_102526,m_1000,cust_1119,2026-05-29 07:00:00,Card,Axis Wallet,1160.25,Success
pay_104866,m_1000,cust_1120,2026-05-29 07:00:00,Card,ICICI UPI,1841.22,Failed
pay_101801,m_1002,cust_1121,2026-05-29 07:00:00,Card,Razorpay,2574.4,Success
pay_103661,m_1003,cust_1122,2026-05-29 07:00:00,Card,Razorpay,443.11,Failed
pay_103285,m_1001,cust_1123,2026-05-29 08:00:00,Card,Razorpay,1280.45,Failed
pay_104806,m_1004,cust_1124,2026-05-29 09:00:00,Card,Razorpay,4753.09,Success
pay_103559,m_1004,cust_1125,2026-05-29 10:00:00,Card,SBI Card Gateway,1511.58,Failed
pay_101767,m_1001,cust_1126,2026-05-29 10:00:00,NetBanking,SBI Card Gateway,1360.97,Success
pay_104342,m_1001,cust_1127,2026-05-29 10:00:00,Card,Razorpay,4930.48,Failed
pay_104480,m_1001,cust_1128,2026-05-29 11:00:00,NetBanking,ICICI UPI,837.21,Success
pay_100473,m_1003,cust_1129,2026-05-29 11:00:00,NetBanking,ICICI UPI,2040.73,Failed
pay_103089,m_1001,cust_1130,2026-05-29 11:00:00,NetBanking,Razorpay,4831.85,Failed
pay_101498,m_1000,cust_1131,2026-05-29 12:00:00,Card,Axis Wallet,1197.15,Success
pay_100276,m_1002,cust_1132,2026-05-29 13:00:00,Card,Razorpay,6554.81,Success
pay_101074,m_1000,cust_1133,2026-05-29 14:00:00,Wallet,SBI Card Gateway,1681.24,Failed
pay_100053,m_1003,cust_1134,2026-05-29 14:00:00,Card,HDFC Gateway,730.19,Failed
pay_104179,m_1000,cust_1135,2026-05-29 15:00:00,UPI,Razorpay,3969.17,Success
pay_100709,m_1001,cust_1136,2026-05-29 17:00:00,Card,Razorpay,2153.85,Success
pay_102643,m_1002,cust_1137,2026-05-29 18:00:00,UPI,ICICI UPI,4119.82,Failed
pay_101247,m_1000,cust_1138,2026-05-29 22:00:00,Card,Razorpay,11520.67,Success
pay_101953,m_1003,cust_1139,2026-05-29 22:00:00,Wallet,ICICI UPI,2257.82,Failed
pay_102353,m_1003,cust_1140,2026-05-29 23:00:00,Card,Razorpay,3376.52,Success
pay_102076,m_1003,cust_1141,2026-05-30 00:00:00,Card,Razorpay,2283.89,Success
pay_102408,m_1001,cust_1142,2026-05-30 01:00:00,Card,Axis Wallet,4496.86,Success
pay_102464,m_1002,cust_1143,2026-05-30 02:00:00,NetBanking,HDFC Gateway,10269.74,Failed
pay_103953,m_1002,cust_1144,2026-05-30 02:00:00,NetBanking,Razorpay,32271.51,Success
pay_102715,m_1004,cust_1145,2026-05-30 03:00:00,UPI,SBI Card Gateway,765.07,Failed
pay_103291,m_1003,cust_1146,2026-05-30 03:00:00,Card,Razorpay,1928.46,Failed
pay_103630,m_1001,cust_1147,2026-05-30 03:00:00,UPI,Razorpay,1863.2,Failed
pay_100230,m_1004,cust_1148,2026-05-30 05:00:00,Card,SBI Card Gateway,419.1,Success
pay_100484,m_1002,cust_1149,2026-05-30 06:00:00,UPI,Razorpay,350.82,Failed
pay_100072,m_1003,cust_1150,2026-05-30 07:00:00,UPI,Razorpay,8595.77,Failed
pay_100611,m_1003,cust_1151,2026-05-30 07:00:00,UPI,Razorpay,1341.91,Success
pay_104322,m_1001,cust_1152,2026-05-30 08:00:00,NetBanking,HDFC Gateway,2863.18,Failed
pay_104166,m_1002,cust_1153,2026-05-30 09:00:00,Card,ICICI UPI,545.12,Failed
pay_104741,m_1000,cust_1154,2026-05-30 10:00:00,Card,ICICI UPI,9525.87,Failed
pay_100175,m_1004,cust_1155,2026-05-30 11:00:00,Card,ICICI UPI,5075.04,Failed
pay_102581,m_1004,cust_1156,2026-05-30 11:00:00,UPI,Axis Wallet,4110.3,Success
pay_102188,m_1001,cust_1157,2026-05-30 12:00:00,UPI,Razorpay,3305.13,Failed
pay_102729,m_1000,cust_1158,2026-05-30 12:00:00,Card,Razorpay,694.75,Failed
pay_100938,m_1001,cust_1159,2026-05-30 12:00:00,UPI,SBI Card Gateway,4944.12,Success
pay_102273,m_1001,cust_1160,2026-05-30 14:00:00,UPI,SBI Card Gateway,4693.92,Failed
pay_103131,m_1003,cust_1161,2026-05-30 15:00:00,NetBanking,Razorpay,10636.42,Failed
pay_102019,m_1004,cust_1162,2026-05-30 15:00:00,UPI,Razorpay,4980.49,Failed
pay_101212,m_1003,cust_1163,2026-05-30 16:00:00,UPI,Razorpay,666.63,Failed
pay_101519,m_1002,cust_1164,2026-05-30 16:00:00,Card,SBI Card Gateway,1661.93,Failed
pay_100646,m_1002,cust_1165,2026-05-30 17:00:00,Card,HDFC Gateway,2398.82,Success
pay_104178,m_1004,cust_1166,2026-05-30 18:00:00,Card,SBI Card Gateway,19137.84,Success
pay_100334,m_1002,cust_1167,2026-05-30 19:00:00,UPI,Razorpay,1682.41,Failed
pay_102506,m_1001,cust_1168,2026-05-30 20:00:00,Card,SBI Card Gateway,931.87,Failed
pay_103015,m_1002,cust_1169,2026-05-30 21:00:00,UPI,HDFC Gateway,1378.68,Success
pay_100904,m_1001,cust_1170,2026-05-31 00:00:00,UPI,ICICI UPI,5156.23,Success
pay_100113,m_1001,cust_1171,2026-05-31 00:00:00,NetBanking,Axis Wallet,4126.26,Failed
pay_100797,m_1004,cust_1172,2026-05-31 02:00:00,UPI,SBI Card Gateway,1478.74,Success
pay_104525,m_1003,cust_1173,2026-05-31 02:00:00,Card,ICICI UPI,4289.12,Failed
pay_100915,m_1001,cust_1174,2026-05-31 02:00:00,Wallet,Razorpay,16045.98,Failed
pay_102003,m_1003,cust_1175,2026-05-31 03:00:00,Wallet,Axis Wallet,555.34,Failed
pay_101554,m_1004,cust_1176,2026-05-31 05:00:00,Card,ICICI UPI,1202.04,Failed
pay_100204,m_1000,cust_1177,2026-05-31 06:00:00,Card,Razorpay,8122.68,Failed
pay_104049,m_1000,cust_1178,2026-05-31 10:00:00,UPI,HDFC Gateway,3066.09,Failed
pay_102844,m_1001,cust_1179,2026-05-31 10:00:00,UPI,SBI Card Gateway,2655.43,Success
pay_102845,m_1000,cust_1180,2026-05-31 11:00:00,Card,Razorpay,16458.08,Failed
pay_102179,m_1003,cust_1181,2026-05-31 11:00:00,UPI,Razorpay,1181.33,Failed
pay_100870,m_1000,cust_1182,2026-05-31 12:00:00,Card,Razorpay,4950.55,Failed
pay_102990,m_1004,cust_1183,2026-05-31 12:00:00,Card,Razorpay,2119.18,Failed
pay_101742,m_1002,cust_1184,2026-05-31 13:00:00,Wallet,ICICI UPI,4634.1,Success
pay_100221,m_1003,cust_1185,2026-05-31 14:00:00,Card,SBI Card Gateway,12311.99,Failed
pay_100536,m_1001,cust_1186,2026-05-31 14:00:00,Card,HDFC Gateway,3023.94,Failed
pay_104423,m_1002,cust_1187,2026-05-31 15:00:00,Wallet,Axis Wallet,1777.47,Failed
pay_103442,m_1004,cust_1188,2026-05-31 15:00:00,UPI,Razorpay,2308.14,Failed
pay_101457,m_1004,cust_1189,2026-05-31 16:00:00,UPI,ICICI UPI,2641.92,Success
pay_103883,m_1004,cust_1190,2026-05-31 17:00:00,UPI,HDFC Gateway,3841.0,Failed
pay_101802,m_1003,cust_1191,2026-05-31 18:00:00,Card,Razorpay,6001.82,Success
pay_104024,m_1000,cust_1192,2026-05-31 18:00:00,Card,ICICI UPI,2247.42,Failed
pay_102336,m_1001,cust_1193,2026-05-31 18:00:00,UPI,Axis Wallet,342.43,Failed
pay_101565,m_1001,cust_1194,2026-05-31 19:00:00,Card,SBI Card Gateway,4978.53,Failed
pay_102390,m_1002,cust_1195,2026-05-31 19:00:00,UPI,HDFC Gateway,866.94,Failed
pay_102204,m_1001,cust_1196,2026-05-31 19:00:00,Card,Razorpay,5366.36,Failed
pay_100791,m_1003,cust_1197,2026-05-31 20:00:00,NetBanking,ICICI UPI,2860.8,Failed
pay_101852,m_1002,cust_1198,2026-05-31 20:00:00,UPI,Razorpay,1043.69,Success
pay_103396,m_1001,cust_1199,2026-05-31 22:00:00,UPI,Razorpay,2004.37,Failed
pay_100505,m_1004,cust_1200,2026-05-31 22:00:00,NetBanking,ICICI UPI,764.08,Success
pay_100832,m_1003,cust_1201,2026-06-01 00:00:00,UPI,Axis Wallet,926.74,Success
pay_101367,m_1000,cust_1202,2026-06-01 00:00:00,NetBanking,HDFC Gateway,5206.67,Failed
pay_102046,m_1002,cust_1203,2026-06-01 02:00:00,Card,Razorpay,5403.47,Failed
pay_102242,m_1000,cust_1204,2026-06-01 03:00:00,Card,Razorpay,1605.54,Success
pay_104105,m_1003,cust_1205,2026-06-01 04:00:00,UPI,Razorpay,2322.76,Success
pay_103586,m_1000,cust_1206,2026-06-01 04:00:00,Card,Razorpay,4232.93,Failed
pay_103452,m_1004,cust_1207,2026-06-01 04:00:00,UPI,HDFC Gateway,747.2,Success
pay_104443,m_1004,cust_1208,2026-06-01 04:00:00,UPI,HDFC Gateway,4461.41,Failed
pay_104046,m_1004,cust_1209,2026-06-01 05:00:00,Wallet,HDFC Gateway,3357.93,Failed
pay_102644,m_1003,cust_1210,2026-06-01 05:00:00,Card,Razorpay,497.92,Failed
pay_104758,m_1001,cust_1211,2026-06-01 06:00:00,UPI,SBI Card Gateway,6480.18,Failed
pay_103816,m_1001,cust_1212,2026-06-01 06:00:00,Card,SBI Card Gateway,511.97,Failed
pay_101918,m_1003,cust_1213,2026-06-01 08:00:00,Wallet,Razorpay,2944.2,Success
pay_103142,m_1000,cust_1214,2026-06-01 09:00:00,UPI,Axis Wallet,2633.54,Failed
pay_102577,m_1001,cust_1215,2026-06-01 10:00:00,Wallet,Razorpay,6666.13,Success
pay_103980,m_1003,cust_1216,2026-06-01 11:00:00,Card,Razorpay,336.21,Failed
pay_102216,m_1003,cust_1217,2026-06-01 12:00:00,Card,Razorpay,9447.91,Failed
pay_103665,m_1001,cust_1218,2026-06-01 12:00:00,UPI,HDFC Gateway,1113.52,Failed
pay_100030,m_1003,cust_1219,2026-06-01 13:00:00,Card,ICICI UPI,3906.79,Failed
pay_102434,m_1002,cust_1220,2026-06-01 13:00:00,Card,Razorpay,2005.71,Failed
pay_100019,m_1002,cust_1221,2026-06-01 13:00:00,Card,Razorpay,4860.96,Failed
pay_101889,m_1004,cust_1222,2026-06-01 15:00:00,UPI,ICICI UPI,4224.75,Failed
pay_101330,m_1002,cust_1223,2026-06-01 15:00:00,Card,Razorpay,4456.16,Success
pay_101056,m_1001,cust_1224,2026-06-01 16:00:00,UPI,ICICI UPI,5147.37,Success
pay_102039,m_1000,cust_1225,2026-06-01 16:00:00,Card,SBI Card Gateway,9304.53,Failed
pay_101372,m_1004,cust_1226,2026-06-01 16:00:00,UPI,ICICI UPI,2225.84,Success
pay_100213,m_1003,cust_1227,2026-06-01 17:00:00,Card,SBI Card Gateway,4020.42,Failed
pay_104226,m_1002,cust_1228,2026-06-01 17:00:00,UPI,Razorpay,1988.12,Success
pay_103499,m_1004,cust_1229,2026-06-01 17:00:00,Card,HDFC Gateway,1377.2,Success
pay_101472,m_1004,cust_1230,2026-06-01 18:00:00,UPI,Razorpay,3578.0,Success
pay_103746,m_1000,cust_1231,2026-06-01 19:00:00,NetBanking,Razorpay,5086.11,Failed
pay_101318,m_1001,cust_1232,2026-06-01 19:00:00,Card,Razorpay,989.33,Success
pay_100882,m_1003,cust_1233,2026-06-01 20:00:00,NetBanking,Razorpay,6575.65,Failed
pay_102381,m_1002,cust_1234,2026-06-01 20:00:00,Card,Razorpay,1229.85,Success
pay_103079,m_1000,cust_1235,2026-06-01 22:00:00,Wallet,Axis Wallet,12120.55,Success
pay_101091,m_1001,cust_1236,2026-06-01 22:00:00,UPI,Axis Wallet,3637.02,Failed
pay_101183,m_1000,cust_1237,2026-06-01 22:00:00,NetBanking,Razorpay,1313.3,Success
pay_104143,m_1003,cust_1238,2026-06-01 22:00:00,NetBanking,ICICI UPI,3000.05,Failed
pay_104321,m_1001,cust_1239,2026-06-01 22:00:00,Card,Razorpay,1815.06,Failed
pay_102734,m_1004,cust_1240,2026-06-02 02:00:00,NetBanking,Axis Wallet,11789.14,Failed
pay_103555,m_1000,cust_1241,2026-06-02 02:00:00,UPI,ICICI UPI,8928.85,Success
pay_100218,m_1003,cust_1242,2026-06-02 03:00:00,UPI,Razorpay,28304.83,Failed
pay_101642,m_1000,cust_1243,2026-06-02 03:00:00,Card,Razorpay,1448.08,Failed
pay_100266,m_1003,cust_1244,2026-06-02 03:00:00,Card,Razorpay,3249.17,Success
pay_103615,m_1004,cust_1245,2026-06-02 04:00:00,UPI,Razorpay,917.1,Failed
pay_100868,m_1001,cust_1246,2026-06-02 05:00:00,Card,Razorpay,1746.66,Failed
pay_100922,m_1001,cust_1247,2026-06-02 05:00:00,Card,Razorpay,1163.85,Failed
pay_104003,m_1003,cust_1248,2026-06-02 06:00:00,UPI,Razorpay,13426.85,Success
pay_102859,m_1001,cust_1249,2026-06-02 07:00:00,Card,SBI Card Gateway,3820.73,Failed
pay_103779,m_1000,cust_1000,2026-06-02 07:00:00,Card,Razorpay,458.17,Failed
pay_100185,m_1004,cust_1001,2026-06-02 07:00:00,UPI,Razorpay,2630.31,Failed
pay_104544,m_1000,cust_1002,2026-06-02 07:00:00,UPI,Razorpay,585.92,Failed
pay_104941,m_1003,cust_1003,2026-06-02 07:00:00,Wallet,SBI Card Gateway,491.78,Failed
pay_104464,m_1003,cust_1004,2026-06-02 09:00:00,NetBanking,Razorpay,8048.55,Failed
pay_100046,m_1004,cust_1005,2026-06-02 09:00:00,Card,Razorpay,2482.7,Failed
pay_104296,m_1001,cust_1006,2026-06-02 10:00:00,UPI,Razorpay,15668.35,Success
pay_100688,m_1003,cust_1007,2026-06-02 11:00:00,Card,Razorpay,500.64,Success
pay_103600,m_1001,cust_1008,2026-06-02 11:00:00,Card,Axis Wallet,2001.11,Failed
pay_104093,m_1003,cust_1009,2026-06-02 12:00:00,Card,SBI Card Gateway,1656.45,Failed
pay_102801,m_1000,cust_1010,2026-06-02 12:00:00,Card,ICICI UPI,10226.93,Failed
pay_103811,m_1003,cust_1011,2026-06-02 13:00:00,Card,SBI Card Gateway,2830.01,Failed
pay_101262,m_1004,cust_1012,2026-06-02 14:00:00,Card,Axis Wallet,8571.21,Success
pay_101728,m_1001,cust_1013,2026-06-02 15:00:00,Card,ICICI UPI,3529.69,Failed
pay_102145,m_1004,cust_1014,2026-06-02 17:00:00,UPI,Axis Wallet,3113.35,Failed
pay_101292,m_1004,cust_1015,2026-06-02 17:00:00,UPI,Razorpay,1942.14,Success
pay_104528,m_1004,cust_1016,2026-06-02 18:00:00,UPI,HDFC Gateway,6090.78,Failed
pay_100029,m_1003,cust_1017,2026-06-02 19:00:00,Card,HDFC Gateway,4262.29,Success
pay_103813,m_1002,cust_1018,2026-06-02 21:00:00,Card,Razorpay,810.6,Failed
pay_102520,m_1004,cust_1019,2026-06-02 22:00:00,Card,Razorpay,3197.98,Success
pay_104415,m_1004,cust_1020,2026-06-02 22:00:00,Card,SBI Card Gateway,4606.8,Failed
pay_102156,m_1001,cust_1021,2026-06-02 22:00:00,NetBanking,HDFC Gateway,5869.43,Success
pay_100934,m_1002,cust_1022,2026-06-02 22:00:00,UPI,Razorpay,8280.77,Success
pay_103488,m_1004,cust_1023,2026-06-02 23:00:00,Card,HDFC Gateway,8142.04,Success
pay_100799,m_1001,cust_1024,2026-06-03 00:00:00,NetBanking,Axis Wallet,3455.1,Failed
pay_103355,m_1002,cust_1025,2026-06-03 04:00:00,Card,Razorpay,1143.89,Failed
pay_103124,m_1002,cust_1026,2026-06-03 05:00:00,Wallet,HDFC Gateway,3129.74,Failed
pay_104027,m_1004,cust_1027,2026-06-03 05:00:00,Card,Razorpay,3164.26,Success
pay_100284,m_1000,cust_1028,2026-06-03 05:00:00,UPI,Razorpay,24183.91,Failed
pay_103623,m_1002,cust_1029,2026-06-03 06:00:00,Wallet,HDFC Gateway,502.14,Failed
pay_102134,m_1004,cust_1030,2026-06-03 08:00:00,NetBanking,Razorpay,7642.91,Success
pay_101219,m_1003,cust_1031,2026-06-03 09:00:00,NetBanking,HDFC Gateway,6875.34,Failed
pay_102077,m_1000,cust_1032,2026-06-03 09:00:00,Wallet,ICICI UPI,934.7,Failed
pay_103550,m_1000,cust_1033,2026-06-03 10:00:00,UPI,SBI Card Gateway,1742.46,Failed
pay_100120,m_1004,cust_1034,2026-06-03 11:00:00,UPI,Razorpay,2026.8,Success
pay_103743,m_1000,cust_1035,2026-06-03 11:00:00,Card,Axis Wallet,2171.87,Success
pay_102564,m_1002,cust_1036,2026-06-03 11:00:00,UPI,HDFC Gateway,724.63,Failed
pay_103080,m_1004,cust_1037,2026-06-03 12:00:00,Card,ICICI UPI,2220.62,Failed
pay_103859,m_1004,cust_1038,2026-06-03 13:00:00,NetBanking,ICICI UPI,5142.22,Failed
pay_100297,m_1001,cust_1039,2026-06-03 14:00:00,Card,Razorpay,3282.99,Failed
pay_103103,m_1002,cust_1040,2026-06-03 15:00:00,Card,Razorpay,6991.97,Failed
pay_100003,m_1003,cust_1041,2026-06-03 15:00:00,UPI,ICICI UPI,2446.94,Failed
pay_101417,m_1003,cust_1042,2026-06-03 17:00:00,Card,SBI Card Gateway,4107.77,Failed
pay_101991,m_1002,cust_1043,2026-06-03 18:00:00,UPI,Razorpay,1378.92,Failed
pay_102840,m_1002,cust_1044,2026-06-03 19:00:00,Card,Razorpay,1107.51,Failed
pay_102915,m_1003,cust_1045,2026-06-03 19:00:00,Wallet,Razorpay,10097.04,Success
pay_100755,m_1003,cust_1046,2026-06-03 19:00:00,Card,Razorpay,1084.62,Success
pay_100081,m_1004,cust_1047,2026-06-03 22:00:00,UPI,HDFC Gateway,2230.47,Failed
pay_104877,m_1003,cust_1048,2026-06-03 22:00:00,Card,HDFC Gateway,830.35,Failed
pay_104764,m_1004,cust_1049,2026-06-04 00:00:00,UPI,Razorpay,2131.45,Failed
pay_100139,m_1004,cust_1050,2026-06-04 00:00:00,UPI,Razorpay,1120.28,Failed
pay_101038,m_1002,cust_1051,2026-06-04 00:00:00,Card,HDFC Gateway,5452.51,Failed
pay_102953,m_1000,cust_1052,2026-06-04 00:00:00,Card,Razorpay,8843.42,Success
pay_104609,m_1001,cust_1053,2026-06-04 02:00:00,Wallet,Razorpay,1587.04,Success
pay_102317,m_1002,cust_1054,2026-06-04 02:00:00,Card,Razorpay,883.01,Failed
pay_103892,m_1000,cust_1055,2026-06-04 03:00:00,NetBanking,ICICI UPI,2402.55,Failed
pay_103260,m_1000,cust_1056,2026-06-04 06:00:00,UPI,SBI Card Gateway,4288.82,Failed
pay_100090,m_1004,cust_1057,2026-06-04 06:00:00,Card,Razorpay,1747.51,Failed
pay_100353,m_1001,cust_1058,2026-06-04 07:00:00,Card,SBI Card Gateway,7590.37,Failed
pay_102998,m_1003,cust_1059,2026-06-04 07:00:00,NetBanking,ICICI UPI,2835.58,Failed
pay_103618,m_1004,cust_1060,2026-06-04 07:00:00,UPI,HDFC Gateway,1953.62,Failed
pay_102660,m_1000,cust_1061,2026-06-04 08:00:00,Wallet,Razorpay,2886.5,Success
pay_102933,m_1002,cust_1062,2026-06-04 08:00:00,Card,Axis Wallet,717.4,Failed
pay_101923,m_1003,cust_1063,2026-06-04 09:00:00,NetBanking,SBI Card Gateway,2989.1,Failed
pay_100154,m_1003,cust_1064,2026-06-04 10:00:00,UPI,HDFC Gateway,8621.34,Failed
pay_104283,m_1000,cust_1065,2026-06-04 10:00:00,Card,Razorpay,816.94,Success
pay_102006,m_1004,cust_1066,2026-06-04 11:00:00,UPI,ICICI UPI,1195.35,Failed
pay_100434,m_1001,cust_1067,2026-06-04 12:00:00,UPI,Razorpay,2019.96,Success
pay_100632,m_1000,cust_1068,2026-06-04 12:00:00,Wallet,Razorpay,1794.9,Failed
pay_100620,m_1003,cust_1069,2026-06-04 13:00:00,Card,ICICI UPI,1244.39,Success
pay_101099,m_1003,cust_1070,2026-06-04 13:00:00,Card,Axis Wallet,6252.1,Failed
pay_102716,m_1004,cust_1071,2026-06-04 13:00:00,Card,Razorpay,5327.23,Failed
pay_100406,m_1004,cust_1072,2026-06-04 13:00:00,NetBanking,Razorpay,2544.79,Failed
pay_103324,m_1000,cust_1073,2026-06-04 14:00:00,Card,Razorpay,2769.69,Failed
pay_100004,m_1002,cust_1074,2026-06-04 16:00:00,UPI,Razorpay,1627.11,Failed
pay_101443,m_1003,cust_1075,2026-06-04 16:00:00,UPI,ICICI UPI,1119.98,Failed
pay_103219,m_1001,cust_1076,2026-06-04 18:00:00,Card,Razorpay,1330.56,Success
pay_100237,m_1003,cust_1077,2026-06-04 20:00:00,UPI,HDFC Gateway,3807.86,Failed
pay_100472,m_1002,cust_1078,2026-06-04 20:00:00,NetBanking,SBI Card Gateway,319.44,Success
pay_103675,m_1002,cust_1079,2026-06-04 20:00:00,Wallet,Razorpay,2419.77,Failed
pay_103172,m_1002,cust_1080,2026-06-04 21:00:00,NetBanking,Axis Wallet,1272.12,Failed
pay_102565,m_1004,cust_1081,2026-06-04 22:00:00,UPI,Razorpay,2697.83,Failed
pay_100993,m_1000,cust_1082,2026-06-04 23:00:00,UPI,HDFC Gateway,3511.5,Success
pay_101495,m_1000,cust_1083,2026-06-04 23:00:00,UPI,Razorpay,293.57,Failed
pay_100794,m_1000,cust_1084,2026-06-04 23:00:00,UPI,Razorpay,4125.56,Failed
pay_102761,m_1003,cust_1085,2026-06-05 00:00:00,Card,HDFC Gateway,5259.44,Failed
pay_101740,m_1001,cust_1086,2026-06-05 00:00:00,Card,SBI Card Gateway,4605.44,Failed
pay_104615,m_1000,cust_1087,2026-06-05 00:00:00,UPI,Razorpay,5104.56,Failed
pay_101152,m_1003,cust_1088,2026-06-05 01:00:00,UPI,Razorpay,16403.91,Failed
pay_103217,m_1004,cust_1089,2026-06-05 05:00:00,Card,Razorpay,2132.31,Success
pay_103774,m_1001,cust_1090,2026-06-05 05:00:00,NetBanking,HDFC Gateway,3118.71,Failed
pay_104190,m_1001,cust_1091,2026-06-05 08:00:00,UPI,Axis Wallet,810.29,Failed
pay_100546,m_1003,cust_1092,2026-06-05 08:00:00,Card,HDFC Gateway,11454.46,Success
pay_104519,m_1001,cust_1093,2026-06-05 09:00:00,Card,Razorpay,4175.88,Success
pay_102759,m_1002,cust_1094,2026-06-05 09:00:00,Card,Razorpay,1586.15,Failed
pay_104669,m_1004,cust_1095,2026-06-05 12:00:00,UPI,Razorpay,6482.5,Failed
pay_101686,m_1004,cust_1096,2026-06-05 13:00:00,UPI,Axis Wallet,730.41,Success
pay_102989,m_1002,cust_1097,2026-06-05 13:00:00,UPI,ICICI UPI,1009.93,Success
pay_100953,m_1004,cust_1098,2026-06-05 14:00:00,NetBanking,Razorpay,2734.95,Success
pay_104742,m_1004,cust_1099,2026-06-05 14:00:00,NetBanking,Razorpay,1364.58,Failed
pay_101436,m_1000,cust_1100,2026-06-05 17:00:00,UPI,Razorpay,5462.83,Failed
pay_104709,m_1000,cust_1101,2026-06-05 21:00:00,Card,ICICI UPI,550.23,Failed
pay_104335,m_1004,cust_1102,2026-06-05 22:00:00,UPI,Razorpay,1007.9,Failed
pay_103668,m_1001,cust_1103,2026-06-05 22:00:00,Card,HDFC Gateway,2213.83,Failed
pay_104034,m_1002,cust_1104,2026-06-05 23:00:00,Card,Axis Wallet,1758.89,Failed
pay_100499,m_1004,cust_1105,2026-06-05 23:00:00,NetBanking,Razorpay,9061.96,Failed
pay_103007,m_1000,cust_1106,2026-06-06 02:00:00,Card,Razorpay,1533.77,Failed
pay_104327,m_1004,cust_1107,2026-06-06 02:00:00,UPI,Razorpay,2038.36,Success
pay_101840,m_1001,cust_1108,2026-06-06 02:00:00,Wallet,Razorpay,5486.99,Failed
pay_101332,m_1003,cust_1109,2026-06-06 03:00:00,Card,Axis Wallet,1681.93,Failed
pay_102275,m_1001,cust_1110,2026-06-06 03:00:00,Card,HDFC Gateway,1416.07,Failed
pay_102693,m_1004,cust_1111,2026-06-06 03:00:00,UPI,HDFC Gateway,6589.78,Success
pay_101058,m_1004,cust_1112,2026-06-06 05:00:00,Wallet,ICICI UPI,1740.14,Success
pay_103770,m_1003,cust_1113,2026-06-06 06:00:00,Wallet,Razorpay,2746.94,Failed
pay_100776,m_1001,cust_1114,2026-06-06 08:00:00,NetBanking,Razorpay,2300.87,Failed
pay_104129,m_1003,cust_1115,2026-06-06 08:00:00,UPI,SBI Card Gateway,1643.06,Failed
pay_102340,m_1000,cust_1116,2026-06-06 09:00:00,Card,HDFC Gateway,2380.71,Success
pay_102249,m_1001,cust_1117,2026-06-06 09:00:00,Card,ICICI UPI,2581.32,Failed
pay_103368,m_1001,cust_1118,2026-06-06 09:00:00,Card,Razorpay,3189.16,Failed
pay_102924,m_1001,cust_1119,2026-06-06 11:00:00,Wallet,Axis Wallet,4116.77,Failed
pay_102475,m_1001,cust_1120,2026-06-06 12:00:00,Card,SBI Card Gateway,3006.96,Failed
pay_102223,m_1003,cust_1121,2026-06-06 12:00:00,Card,Razorpay,2617.87,Failed
pay_103070,m_1000,cust_1122,2026-06-06 12:00:00,Card,SBI Card Gateway,6296.63,Success
pay_102961,m_1002,cust_1123,2026-06-06 16:00:00,Card,Axis Wallet,9922.39,Failed
pay_103566,m_1000,cust_1124,2026-06-06 16:00:00,Card,HDFC Gateway,1239.28,Success
pay_104067,m_1002,cust_1125,2026-06-06 19:00:00,NetBanking,ICICI UPI,5873.38,Failed
pay_103562,m_1001,cust_1126,2026-06-06 21:00:00,NetBanking,Razorpay,3520.8,Failed
pay_104658,m_1003,cust_1127,2026-06-06 22:00:00,UPI,Razorpay,2023.17,Success
pay_101373,m_1001,cust_1128,2026-06-06 22:00:00,Wallet,SBI Card Gateway,10035.58,Success
pay_103208,m_1002,cust_1129,2026-06-06 23:00:00,Card,Razorpay,8288.0,Failed
pay_101184,m_1000,cust_1130,2026-06-06 23:00:00,UPI,Razorpay,1132.73,Failed
pay_104561,m_1000,cust_1131,2026-06-06 23:00:00,Wallet,ICICI UPI,7857.54,Success
pay_102069,m_1003,cust_1132,2026-06-07 03:00:00,Card,Razorpay,4986.13,Failed
pay_101677,m_1002,cust_1133,2026-06-07 03:00:00,Wallet,Razorpay,737.79,Success
pay_100463,m_1002,cust_1134,2026-06-07 04:00:00,Card,Razorpay,1815.85,Failed
pay_102494,m_1003,cust_1135,2026-06-07 06:00:00,Card,HDFC Gateway,1997.62,Failed
pay_104735,m_1003,cust_1136,2026-06-07 06:00:00,UPI,HDFC Gateway,6262.79,Failed
pay_102419,m_1001,cust_1137,2026-06-07 06:00:00,UPI,HDFC Gateway,3149.93,Success
pay_100731,m_1002,cust_1138,2026-06-07 06:00:00,UPI,HDFC Gateway,494.35,Failed
pay_100928,m_1002,cust_1139,2026-06-07 07:00:00,NetBanking,Razorpay,18413.96,Failed
pay_100971,m_1001,cust_1140,2026-06-07 07:00:00,NetBanking,SBI Card Gateway,2385.3,Failed
pay_100274,m_1003,cust_1141,2026-06-07 08:00:00,UPI,HDFC Gateway,1487.51,Failed
pay_104250,m_1000,cust_1142,2026-06-07 08:00:00,Card,Razorpay,7028.36,Failed
pay_100164,m_1002,cust_1143,2026-06-07 09:00:00,UPI,HDFC Gateway,2937.98,Failed
pay_101078,m_1001,cust_1144,2026-06-07 10:00:00,UPI,Razorpay,4412.71,Failed
pay_104341,m_1001,cust_1145,2026-06-07 10:00:00,UPI,HDFC Gateway,1523.62,Success
pay_102697,m_1003,cust_1146,2026-06-07 10:00:00,NetBanking,ICICI UPI,3242.95,Failed
pay_103923,m_1000,cust_1147,2026-06-07 12:00:00,Wallet,Razorpay,3674.58,Success
pay_100424,m_1003,cust_1148,2026-06-07 13:00:00,Card,HDFC Gateway,1661.83,Success
pay_104825,m_1004,cust_1149,2026-06-07 13:00:00,NetBanking,HDFC Gateway,2113.04,Failed
pay_100623,m_1002,cust_1150,2026-06-07 14:00:00,Card,SBI Card Gateway,1703.2,Failed
pay_101224,m_1004,cust_1151,2026-06-07 14:00:00,UPI,Razorpay,1290.9,Success
pay_102289,m_1001,cust_1152,2026-06-07 15:00:00,UPI,HDFC Gateway,4790.35,Success
pay_101479,m_1001,cust_1153,2026-06-07 15:00:00,NetBanking,Razorpay,4065.96,Success
pay_103460,m_1004,cust_1154,2026-06-07 16:00:00,UPI,Razorpay,4836.36,Failed
pay_100571,m_1004,cust_1155,2026-06-07 16:00:00,Card,Axis Wallet,2012.47,Failed
pay_104445,m_1002,cust_1156,2026-06-07 17:00:00,UPI,HDFC Gateway,6023.48,Success
pay_100247,m_1000,cust_1157,2026-06-07 18:00:00,UPI,Razorpay,734.88,Failed
pay_104212,m_1002,cust_1158,2026-06-07 18:00:00,UPI,Axis Wallet,620.43,Success
pay_101190,m_1000,cust_1159,2026-06-07 19:00:00,Card,Razorpay,1679.35,Success
pay_103988,m_1003,cust_1160,2026-06-07 21:00:00,NetBanking,HDFC Gateway,4800.86,Success
pay_101042,m_1002,cust_1161,2026-06-07 21:00:00,Card,Razorpay,4243.19,Failed
pay_101634,m_1000,cust_1162,2026-06-07 21:00:00,Card,HDFC Gateway,9864.34,Failed
pay_102748,m_1001,cust_1163,2026-06-07 22:00:00,Card,HDFC Gateway,376.66,Success
pay_101308,m_1001,cust_1164,2026-06-07 22:00:00,UPI,Axis Wallet,4376.58,Success
pay_101484,m_1000,cust_1165,2026-06-07 23:00:00,UPI,Axis Wallet,2049.65,Failed
pay_102472,m_1003,cust_1166,2026-06-07 23:00:00,UPI,HDFC Gateway,1658.76,Success
pay_104029,m_1000,cust_1167,2026-06-08 00:00:00,NetBanking,ICICI UPI,4375.0,Failed
pay_103554,m_1000,cust_1168,2026-06-08 00:00:00,Wallet,ICICI UPI,13767.39,Failed
pay_104317,m_1004,cust_1169,2026-06-08 01:00:00,Card,Razorpay,12748.71,Failed
pay_101583,m_1004,cust_1170,2026-06-08 02:00:00,UPI,ICICI UPI,665.68,Failed
pay_102016,m_1001,cust_1171,2026-06-08 02:00:00,Wallet,ICICI UPI,6677.23,Failed
pay_103284,m_1003,cust_1172,2026-06-08 02:00:00,Wallet,ICICI UPI,1787.39,Success
pay_103885,m_1003,cust_1173,2026-06-08 02:00:00,Card,SBI Card Gateway,1323.6,Failed
pay_101887,m_1002,cust_1174,2026-06-08 04:00:00,UPI,ICICI UPI,4258.71,Failed
pay_104146,m_1001,cust_1175,2026-06-08 04:00:00,UPI,SBI Card Gateway,9765.75,Failed
pay_104353,m_1002,cust_1176,2026-06-08 05:00:00,UPI,Razorpay,732.75,Failed
pay_104044,m_1004,cust_1177,2026-06-08 05:00:00,NetBanking,Razorpay,2285.84,Failed
pay_101718,m_1000,cust_1178,2026-06-08 06:00:00,Card,HDFC Gateway,2498.37,Success
pay_103764,m_1004,cust_1179,2026-06-08 08:00:00,Card,Razorpay,1144.71,Failed
pay_100495,m_1003,cust_1180,2026-06-08 08:00:00,NetBanking,SBI Card Gateway,5287.24,Success
pay_104876,m_1003,cust_1181,2026-06-08 08:00:00,Wallet,Axis Wallet,1577.43,Failed
pay_103415,m_1002,cust_1182,2026-06-08 09:00:00,UPI,HDFC Gateway,3753.08,Success
pay_103697,m_1003,cust_1183,2026-06-08 10:00:00,UPI,SBI Card Gateway,1245.98,Success
pay_100959,m_1002,cust_1184,2026-06-08 11:00:00,Wallet,Razorpay,856.71,Failed
pay_103271,m_1003,cust_1185,2026-06-08 11:00:00,Card,Axis Wallet,1107.19,Failed
pay_101251,m_1001,cust_1186,2026-06-08 12:00:00,NetBanking,SBI Card Gateway,1820.65,Failed
pay_102356,m_1004,cust_1187,2026-06-08 12:00:00,Wallet,HDFC Gateway,1286.07,Failed
pay_100906,m_1000,cust_1188,2026-06-08 13:00:00,Card,HDFC Gateway,1358.67,Failed
pay_100064,m_1001,cust_1189,2026-06-08 16:00:00,Card,HDFC Gateway,4294.48,Success
pay_100372,m_1003,cust_1190,2026-06-08 18:00:00,UPI,Axis Wallet,3166.25,Failed
pay_103259,m_1003,cust_1191,2026-06-08 19:00:00,NetBanking,SBI Card Gateway,4223.89,Failed
pay_102191,m_1003,cust_1192,2026-06-08 19:00:00,UPI,HDFC Gateway,7435.04,Failed
pay_101834,m_1004,cust_1193,2026-06-08 19:00:00,UPI,ICICI UPI,1258.65,Failed
pay_101494,m_1003,cust_1194,2026-06-08 19:00:00,Card,Razorpay,1885.65,Failed
pay_103652,m_1002,cust_1195,2026-06-08 20:00:00,UPI,ICICI UPI,13970.41,Failed
pay_103478,m_1003,cust_1196,2026-06-08 21:00:00,NetBanking,SBI Card Gateway,863.73,Failed
pay_103546,m_1000,cust_1197,2026-06-08 22:00:00,Wallet,Razorpay,2196.72,Failed
pay_103617,m_1001,cust_1198,2026-06-08 23:00:00,Wallet,HDFC Gateway,1711.42,Failed
pay_101761,m_1002,cust_1199,2026-06-08 23:00:00,Card,SBI Card Gateway,3607.65,Success
pay_100162,m_1003,cust_1200,2026-06-08 23:00:00,UPI,SBI Card Gateway,11645.18,Success
pay_102563,m_1000,cust_1201,2026-06-09 01:00:00,Wallet,HDFC Gateway,2981.94,Failed
pay_100961,m_1001,cust_1202,2026-06-09 01:00:00,UPI,HDFC Gateway,869.93,Failed
pay_101874,m_1001,cust_1203,2026-06-09 02:00:00,Card,SBI Card Gateway,1365.51,Failed
pay_100143,m_1004,cust_1204,2026-06-09 02:00:00,UPI,Razorpay,575.34,Failed
pay_103765,m_1002,cust_1205,2026-06-09 03:00:00,Card,HDFC Gateway,5216.28,Failed
pay_102075,m_1004,cust_1206,2026-06-09 03:00:00,Wallet,HDFC Gateway,4396.12,Failed
pay_101339,m_1001,cust_1207,2026-06-09 04:00:00,UPI,Razorpay,2777.13,Failed
pay_101687,m_1001,cust_1208,2026-06-09 04:00:00,UPI,Razorpay,536.54,Failed
pay_103484,m_1002,cust_1209,2026-06-09 06:00:00,UPI,ICICI UPI,6292.05,Success
pay_103141,m_1001,cust_1210,2026-06-09 07:00:00,UPI,Razorpay,3332.51,Failed
pay_102508,m_1001,cust_1211,2026-06-09 07:00:00,NetBanking,ICICI UPI,1131.04,Success
pay_102914,m_1003,cust_1212,2026-06-09 08:00:00,UPI,Razorpay,817.86,Failed
pay_101130,m_1001,cust_1213,2026-06-09 09:00:00,UPI,Razorpay,15891.47,Success
pay_100686,m_1002,cust_1214,2026-06-09 09:00:00,NetBanking,Axis Wallet,525.11,Failed
pay_100163,m_1004,cust_1215,2026-06-09 11:00:00,Card,Razorpay,1352.66,Failed
pay_102745,m_1000,cust_1216,2026-06-09 17:00:00,UPI,HDFC Gateway,7422.57,Failed
pay_101865,m_1004,cust_1217,2026-06-09 18:00:00,Card,Razorpay,1409.88,Success
pay_104895,m_1001,cust_1218,2026-06-09 20:00:00,NetBanking,ICICI UPI,2258.05,Success
pay_100941,m_1003,cust_1219,2026-06-09 21:00:00,Wallet,SBI Card Gateway,3393.24,Failed
pay_100584,m_1004,cust_1220,2026-06-09 21:00:00,Card,ICICI UPI,1096.62,Success
pay_103290,m_1004,cust_1221,2026-06-09 23:00:00,NetBanking,Razorpay,12216.61,Failed
pay_104645,m_1002,cust_1222,2026-06-10 00:00:00,Wallet,SBI Card Gateway,3553.46,Success
pay_103273,m_1002,cust_1223,2026-06-10 00:00:00,UPI,Razorpay,1886.54,Failed
pay_104160,m_1001,cust_1224,2026-06-10 01:00:00,Card,HDFC Gateway,9406.5,Failed
pay_102059,m_1001,cust_1225,2026-06-10 01:00:00,Card,Razorpay,1298.76,Success
pay_103314,m_1000,cust_1226,2026-06-10 02:00:00,UPI,Razorpay,3678.75,Success
pay_103187,m_1001,cust_1227,2026-06-10 02:00:00,UPI,HDFC Gateway,2125.28,Failed
pay_102162,m_1000,cust_1228,2026-06-10 02:00:00,UPI,Razorpay,1359.87,Failed
pay_101846,m_1003,cust_1229,2026-06-10 03:00:00,NetBanking,Razorpay,1992.85,Failed
pay_102072,m_1004,cust_1230,2026-06-10 03:00:00,UPI,Razorpay,1041.76,Failed
pay_100026,m_1003,cust_1231,2026-06-10 04:00:00,Wallet,Razorpay,1523.02,Failed
pay_104470,m_1003,cust_1232,2026-06-10 05:00:00,UPI,Razorpay,5769.14,Success
pay_104983,m_1001,cust_1233,2026-06-10 05:00:00,Card,HDFC Gateway,3449.86,Failed
pay_103732,m_1001,cust_1234,2026-06-10 06:00:00,Card,ICICI UPI,6465.88,Failed
pay_103311,m_1004,cust_1235,2026-06-10 06:00:00,Card,Razorpay,8480.87,Success
pay_103690,m_1000,cust_1236,2026-06-10 07:00:00,UPI,Razorpay,789.82,Success
pay_103165,m_1000,cust_1237,2026-06-10 07:00:00,Card,Razorpay,895.95,Failed
pay_102523,m_1000,cust_1238,2026-06-10 09:00:00,UPI,Razorpay,2235.36,Failed
pay_101301,m_1002,cust_1239,2026-06-10 09:00:00,Wallet,SBI Card Gateway,8291.46,Failed
pay_102224,m_1003,cust_1240,2026-06-10 10:00:00,UPI,SBI Card Gateway,4644.14,Failed
pay_104718,m_1000,cust_1241,2026-06-10 10:00:00,UPI,Axis Wallet,4644.84,Failed
pay_100956,m_1002,cust_1242,2026-06-10 11:00:00,Wallet,SBI Card Gateway,2571.23,Failed
pay_104174,m_1000,cust_1243,2026-06-10 12:00:00,UPI,ICICI UPI,2727.57,Failed
pay_101955,m_1002,cust_1244,2026-06-10 13:00:00,Card,Razorpay,4147.61,Failed
pay_102139,m_1003,cust_1245,2026-06-10 14:00:00,NetBanking,Razorpay,24532.14,Success
pay_104402,m_1003,cust_1246,2026-06-10 15:00:00,NetBanking,ICICI UPI,2005.46,Success
pay_102133,m_1004,cust_1247,2026-06-10 16:00:00,NetBanking,Razorpay,577.25,Success
pay_103317,m_1001,cust_1248,2026-06-10 18:00:00,UPI,Axis Wallet,3661.75,Failed
pay_104926,m_1000,cust_1249,2026-06-10 20:00:00,Card,HDFC Gateway,7085.97,Failed
pay_102373,m_1003,cust_1000,2026-06-10 21:00:00,UPI,Razorpay,6851.14,Failed
pay_101167,m_1002,cust_1001,2026-06-10 21:00:00,NetBanking,ICICI UPI,2893.26,Success
pay_102545,m_1003,cust_1002,2026-06-11 01:00:00,NetBanking,Razorpay,5276.08,Success
pay_102002,m_1004,cust_1003,2026-06-11 01:00:00,UPI,Razorpay,3406.31,Failed
pay_100439,m_1002,cust_1004,2026-06-11 01:00:00,Card,HDFC Gateway,2390.46,Failed
pay_104650,m_1002,cust_1005,2026-06-11 02:00:00,Card,Razorpay,2030.32,Success
pay_102799,m_1000,cust_1006,2026-06-11 02:00:00,Card,ICICI UPI,174.24,Failed
pay_101319,m_1001,cust_1007,2026-06-11 04:00:00,UPI,Razorpay,3299.11,Failed
pay_104794,m_1004,cust_1008,2026-06-11 06:00:00,Card,ICICI UPI,2326.82,Success
pay_103459,m_1001,cust_1009,2026-06-11 06:00:00,Card,HDFC Gateway,623.2,Failed
pay_101665,m_1000,cust_1010,2026-06-11 07:00:00,Card,Razorpay,6692.03,Failed
pay_103040,m_1002,cust_1011,2026-06-11 11:00:00,Wallet,Razorpay,560.9,Failed
pay_103694,m_1001,cust_1012,2026-06-11 11:00:00,UPI,Razorpay,1205.42,Failed
pay_103249,m_1004,cust_1013,2026-06-11 11:00:00,UPI,Razorpay,967.13,Success
pay_101693,m_1003,cust_1014,2026-06-11 12:00:00,UPI,Razorpay,4570.46,Failed
pay_103379,m_1003,cust_1015,2026-06-11 12:00:00,NetBanking,Axis Wallet,5943.08,Success
pay_102290,m_1004,cust_1016,2026-06-11 14:00:00,Card,HDFC Gateway,21388.05,Success
pay_102341,m_1000,cust_1017,2026-06-11 14:00:00,Wallet,Razorpay,1447.95,Failed
pay_101753,m_1003,cust_1018,2026-06-11 14:00:00,Card,SBI Card Gateway,5279.09,Failed
pay_102058,m_1003,cust_1019,2026-06-11 15:00:00,UPI,Razorpay,511.87,Failed
pay_101477,m_1003,cust_1020,2026-06-11 16:00:00,NetBanking,Razorpay,118.76,Success
pay_104051,m_1002,cust_1021,2026-06-11 16:00:00,NetBanking,Razorpay,630.32,Failed
pay_101773,m_1004,cust_1022,2026-06-11 16:00:00,Card,Razorpay,3962.69,Success
pay_100551,m_1002,cust_1023,2026-06-11 18:00:00,UPI,Razorpay,1731.92,Success
pay_101282,m_1001,cust_1024,2026-06-11 19:00:00,Card,Razorpay,1743.21,Failed
pay_101920,m_1000,cust_1025,2026-06-11 20:00:00,Card,Razorpay,3951.99,Failed
pay_102383,m_1001,cust_1026,2026-06-11 21:00:00,UPI,ICICI UPI,792.19,Failed
pay_102011,m_1001,cust_1027,2026-06-11 21:00:00,UPI,Razorpay,828.31,Failed
pay_103328,m_1001,cust_1028,2026-06-11 22:00:00,UPI,Razorpay,1958.04,Success
pay_104325,m_1001,cust_1029,2026-06-11 22:00:00,Card,Razorpay,1230.45,Failed
pay_101093,m_1003,cust_1030,2026-06-11 23:00:00,UPI,Razorpay,13085.88,Failed
pay_102621,m_1004,cust_1031,2026-06-11 23:00:00,NetBanking,Razorpay,1242.38,Failed
pay_101351,m_1004,cust_1032,2026-06-11 23:00:00,Card,Razorpay,3550.98,Failed
pay_104624,m_1003,cust_1033,2026-06-12 00:00:00,Wallet,Razorpay,15622.31,Success
pay_103404,m_1003,cust_1034,2026-06-12 00:00:00,UPI,Razorpay,657.93,Failed
pay_103091,m_1000,cust_1035,2026-06-12 01:00:00,Card,HDFC Gateway,2048.65,Failed
pay_104161,m_1003,cust_1036,2026-06-12 02:00:00,Card,ICICI UPI,1187.38,Failed
pay_102851,m_1002,cust_1037,2026-06-12 03:00:00,Wallet,HDFC Gateway,4270.16,Failed
pay_102573,m_1003,cust_1038,2026-06-12 03:00:00,UPI,ICICI UPI,5967.09,Success
pay_101172,m_1004,cust_1039,2026-06-12 03:00:00,NetBanking,Razorpay,2199.43,Success
pay_104798,m_1001,cust_1040,2026-06-12 06:00:00,NetBanking,HDFC Gateway,11177.01,Failed
pay_100808,m_1002,cust_1041,2026-06-12 06:00:00,UPI,Razorpay,954.5,Failed
pay_102215,m_1003,cust_1042,2026-06-12 09:00:00,UPI,HDFC Gateway,3124.24,Failed
pay_104149,m_1000,cust_1043,2026-06-12 10:00:00,NetBanking,Razorpay,1734.86,Failed
pay_104808,m_1003,cust_1044,2026-06-12 10:00:00,Card,Razorpay,4004.1,Failed
pay_102682,m_1001,cust_1045,2026-06-12 11:00:00,UPI,Razorpay,1043.35,Success
pay_104832,m_1001,cust_1046,2026-06-12 11:00:00,NetBanking,HDFC Gateway,3874.03,Failed
pay_103058,m_1003,cust_1047,2026-06-12 14:00:00,Card,ICICI UPI,860.51,Success
pay_102599,m_1002,cust_1048,2026-06-12 14:00:00,UPI,Razorpay,4895.78,Failed
pay_102778,m_1002,cust_1049,2026-06-12 15:00:00,Card,Razorpay,5598.9,Success
pay_101628,m_1004,cust_1050,2026-06-12 18:00:00,UPI,Razorpay,6480.75,Success
pay_104497,m_1004,cust_1051,2026-06-12 18:00:00,UPI,ICICI UPI,4171.78,Failed
pay_102834,m_1004,cust_1052,2026-06-12 18:00:00,UPI,HDFC Gateway,731.66,Success
pay_101065,m_1002,cust_1053,2026-06-12 19:00:00,UPI,Axis Wallet,657.79,Success
pay_100093,m_1002,cust_1054,2026-06-12 21:00:00,Card,ICICI UPI,2345.84,Failed
pay_103022,m_1004,cust_1055,2026-06-12 23:00:00,Card,Razorpay,1904.19,Failed
pay_101384,m_1000,cust_1056,2026-06-13 02:00:00,UPI,Razorpay,2185.38,Success
pay_102847,m_1001,cust_1057,2026-06-13 02:00:00,NetBanking,Razorpay,1028.54,Failed
pay_104489,m_1004,cust_1058,2026-06-13 03:00:00,UPI,Axis Wallet,639.23,Success
pay_102427,m_1003,cust_1059,2026-06-13 06:00:00,NetBanking,Razorpay,1081.23,Failed
pay_100613,m_1003,cust_1060,2026-06-13 07:00:00,UPI,Razorpay,2384.36,Failed
pay_104251,m_1003,cust_1061,2026-06-13 07:00:00,UPI,Razorpay,1153.55,Success
pay_101880,m_1003,cust_1062,2026-06-13 08:00:00,Card,Razorpay,4000.21,Success
pay_101467,m_1003,cust_1063,2026-06-13 09:00:00,UPI,Axis Wallet,1477.81,Success
pay_104625,m_1003,cust_1064,2026-06-13 09:00:00,UPI,Razorpay,3063.19,Failed
pay_101760,m_1003,cust_1065,2026-06-13 09:00:00,Card,ICICI UPI,27717.37,Success
pay_101158,m_1003,cust_1066,2026-06-13 11:00:00,UPI,Axis Wallet,11078.89,Failed
pay_101016,m_1002,cust_1067,2026-06-13 12:00:00,Card,Razorpay,4671.59,Failed
pay_102404,m_1002,cust_1068,2026-06-13 12:00:00,Wallet,Razorpay,23017.83,Failed
pay_102580,m_1004,cust_1069,2026-06-13 13:00:00,UPI,Razorpay,2933.72,Failed
pay_104971,m_1004,cust_1070,2026-06-13 14:00:00,Card,ICICI UPI,1729.3,Failed
pay_102874,m_1004,cust_1071,2026-06-13 14:00:00,UPI,Razorpay,8363.52,Failed
pay_101592,m_1004,cust_1072,2026-06-13 14:00:00,Wallet,Razorpay,1288.66,Failed
pay_100757,m_1004,cust_1073,2026-06-13 15:00:00,Card,Razorpay,551.91,Success
pay_104384,m_1002,cust_1074,2026-06-13 15:00:00,UPI,Razorpay,3850.25,Failed
pay_103423,m_1001,cust_1075,2026-06-13 17:00:00,Card,Razorpay,5023.57,Failed
pay_103814,m_1003,cust_1076,2026-06-13 17:00:00,Card,HDFC Gateway,1437.31,Failed
pay_103062,m_1002,cust_1077,2026-06-13 18:00:00,Card,ICICI UPI,2774.8,Success
pay_101284,m_1001,cust_1078,2026-06-13 21:00:00,NetBanking,SBI Card Gateway,1969.09,Success
pay_104960,m_1002,cust_1079,2026-06-13 22:00:00,UPI,SBI Card Gateway,2854.21,Success
pay_100187,m_1004,cust_1080,2026-06-14 00:00:00,UPI,ICICI UPI,3253.41,Failed
pay_102543,m_1004,cust_1081,2026-06-14 02:00:00,Card,Razorpay,2162.52,Failed
pay_103530,m_1000,cust_1082,2026-06-14 03:00:00,NetBanking,Axis Wallet,10921.07,Failed
pay_101944,m_1004,cust_1083,2026-06-14 04:00:00,UPI,Axis Wallet,659.68,Success
pay_104880,m_1003,cust_1084,2026-06-14 05:00:00,UPI,Razorpay,5477.99,Failed
pay_104934,m_1003,cust_1085,2026-06-14 05:00:00,Wallet,SBI Card Gateway,632.03,Success
pay_100378,m_1002,cust_1086,2026-06-14 05:00:00,Card,Razorpay,1409.22,Success
pay_100633,m_1002,cust_1087,2026-06-14 07:00:00,Card,ICICI UPI,1478.35,Success
pay_103736,m_1004,cust_1088,2026-06-14 09:00:00,Card,Razorpay,3140.16,Failed
pay_101717,m_1004,cust_1089,2026-06-14 09:00:00,Card,Razorpay,1351.5,Failed
pay_102568,m_1002,cust_1090,2026-06-14 09:00:00,Wallet,Razorpay,4501.24,Failed
pay_104400,m_1001,cust_1091,2026-06-14 09:00:00,UPI,SBI Card Gateway,7881.4,Failed
pay_104505,m_1001,cust_1092,2026-06-14 10:00:00,Card,HDFC Gateway,2924.94,Success
pay_102591,m_1002,cust_1093,2026-06-14 11:00:00,NetBanking,Razorpay,411.29,Success
pay_104249,m_1003,cust_1094,2026-06-14 11:00:00,Card,Razorpay,1274.81,Success
pay_103227,m_1002,cust_1095,2026-06-14 12:00:00,Card,Razorpay,161.28,Failed
pay_102919,m_1003,cust_1096,2026-06-14 12:00:00,Card,Razorpay,3889.59,Failed
pay_103963,m_1001,cust_1097,2026-06-14 13:00:00,Card,Razorpay,4310.58,Failed
pay_104055,m_1000,cust_1098,2026-06-14 14:00:00,UPI,HDFC Gateway,1983.13,Failed
pay_101747,m_1002,cust_1099,2026-06-14 17:00:00,UPI,Axis Wallet,4012.1,Success
pay_101771,m_1001,cust_1100,2026-06-14 17:00:00,Card,Axis Wallet,580.73,Success
pay_103950,m_1001,cust_1101,2026-06-14 18:00:00,Wallet,ICICI UPI,6577.04,Success
pay_104663,m_1001,cust_1102,2026-06-14 19:00:00,Card,Razorpay,8849.23,Success
pay_102723,m_1001,cust_1103,2026-06-14 19:00:00,Wallet,Razorpay,4746.08,Failed
pay_100912,m_1001,cust_1104,2026-06-14 21:00:00,Card,Razorpay,2666.92,Failed
pay_100769,m_1000,cust_1105,2026-06-14 21:00:00,NetBanking,SBI Card Gateway,1639.64,Success
pay_104954,m_1001,cust_1106,2026-06-14 23:00:00,Card,SBI Card Gateway,3831.14,Failed
pay_101856,m_1002,cust_1107,2026-06-15 03:00:00,UPI,Razorpay,2096.6,Failed
pay_102679,m_1003,cust_1108,2026-06-15 05:00:00,Card,HDFC Gateway,2260.14,Failed
pay_104344,m_1002,cust_1109,2026-06-15 05:00:00,UPI,SBI Card Gateway,3283.9,Success
pay_100497,m_1001,cust_1110,2026-06-15 06:00:00,Card,Razorpay,2506.95,Failed
pay_103024,m_1000,cust_1111,2026-06-15 07:00:00,UPI,ICICI UPI,1909.89,Failed
pay_104039,m_1000,cust_1112,2026-06-15 08:00:00,UPI,ICICI UPI,30082.78,Failed
pay_100373,m_1002,cust_1113,2026-06-15 08:00:00,UPI,Razorpay,7586.14,Failed
pay_100575,m_1004,cust_1114,2026-06-15 08:00:00,Card,Razorpay,3915.96,Success
pay_104957,m_1000,cust_1115,2026-06-15 09:00:00,UPI,Razorpay,8483.5,Failed
pay_102653,m_1003,cust_1116,2026-06-15 11:00:00,Card,ICICI UPI,3629.9,Failed
pay_104170,m_1001,cust_1117,2026-06-15 12:00:00,NetBanking,ICICI UPI,1340.08,Success
pay_101267,m_1004,cust_1118,2026-06-15 12:00:00,Card,Razorpay,1508.3,Failed
pay_101936,m_1003,cust_1119,2026-06-15 13:00:00,NetBanking,ICICI UPI,3532.49,Success
pay_101043,m_1001,cust_1120,2026-06-15 14:00:00,UPI,Razorpay,1622.99,Success
pay_102414,m_1002,cust_1121,2026-06-15 15:00:00,Card,SBI Card Gateway,1739.84,Failed
pay_103253,m_1001,cust_1122,2026-06-15 17:00:00,UPI,Razorpay,2357.5,Failed
pay_103492,m_1002,cust_1123,2026-06-15 17:00:00,NetBanking,Razorpay,550.61,Success
pay_100908,m_1003,cust_1124,2026-06-15 19:00:00,NetBanking,Razorpay,1316.45,Failed
pay_101863,m_1000,cust_1125,2026-06-15 19:00:00,NetBanking,Razorpay,1421.24,Success
pay_102406,m_1003,cust_1126,2026-06-15 20:00:00,Card,Razorpay,2653.8,Success
pay_101966,m_1003,cust_1127,2026-06-15 20:00:00,Card,Razorpay,1111.76,Success
pay_103005,m_1002,cust_1128,2026-06-15 20:00:00,Card,ICICI UPI,1409.69,Failed
pay_100331,m_1002,cust_1129,2026-06-15 20:00:00,NetBanking,SBI Card Gateway,4318.65,Failed
pay_100021,m_1003,cust_1130,2026-06-15 21:00:00,UPI,Axis Wallet,7732.16,Failed
pay_100067,m_1000,cust_1131,2026-06-15 22:00:00,Wallet,ICICI UPI,1143.73,Success
pay_104946,m_1002,cust_1132,2026-06-16 00:00:00,UPI,SBI Card Gateway,1380.52,Success
pay_102695,m_1002,cust_1133,2026-06-16 00:00:00,NetBanking,Axis Wallet,1916.61,Success
pay_102586,m_1002,cust_1134,2026-06-16 01:00:00,UPI,ICICI UPI,17306.33,Success
pay_101150,m_1000,cust_1135,2026-06-16 01:00:00,UPI,Razorpay,2005.44,Failed
pay_104675,m_1002,cust_1136,2026-06-16 02:00:00,UPI,Razorpay,6768.21,Failed
pay_102766,m_1000,cust_1137,2026-06-16 03:00:00,UPI,Razorpay,4448.82,Failed
pay_103010,m_1003,cust_1138,2026-06-16 03:00:00,Card,ICICI UPI,1707.15,Failed
pay_103107,m_1003,cust_1139,2026-06-16 03:00:00,UPI,Razorpay,1790.93,Failed
pay_103947,m_1000,cust_1140,2026-06-16 04:00:00,UPI,Razorpay,1612.55,Failed
pay_104485,m_1002,cust_1141,2026-06-16 05:00:00,Card,ICICI UPI,9814.35,Failed
pay_101270,m_1000,cust_1142,2026-06-16 05:00:00,UPI,Axis Wallet,8236.6,Failed
pay_102278,m_1000,cust_1143,2026-06-16 06:00:00,Card,Razorpay,6764.58,Success
pay_104477,m_1003,cust_1144,2026-06-16 07:00:00,NetBanking,HDFC Gateway,7120.32,Failed
pay_104949,m_1003,cust_1145,2026-06-16 08:00:00,Card,Axis Wallet,2427.86,Failed
pay_102355,m_1003,cust_1146,2026-06-16 09:00:00,Card,Axis Wallet,23006.88,Failed
pay_100627,m_1001,cust_1147,2026-06-16 11:00:00,UPI,HDFC Gateway,4653.54,Failed
pay_100392,m_1001,cust_1148,2026-06-16 12:00:00,Card,ICICI UPI,2847.32,Failed
pay_104092,m_1001,cust_1149,2026-06-16 15:00:00,Wallet,Razorpay,7822.8,Success
pay_100062,m_1003,cust_1150,2026-06-16 15:00:00,NetBanking,HDFC Gateway,15292.65,Failed
pay_101137,m_1000,cust_1151,2026-06-16 15:00:00,Wallet,Razorpay,2331.38,Failed
pay_103676,m_1000,cust_1152,2026-06-16 15:00:00,Card,HDFC Gateway,4404.08,Failed
pay_104737,m_1000,cust_1153,2026-06-16 15:00:00,Card,Axis Wallet,2383.54,Success
pay_102055,m_1003,cust_1154,2026-06-16 16:00:00,Card,Razorpay,1889.62,Failed
pay_100200,m_1000,cust_1155,2026-06-16 16:00:00,Card,Razorpay,2695.06,Failed
pay_100629,m_1002,cust_1156,2026-06-16 16:00:00,Card,Razorpay,2038.52,Failed
pay_102200,m_1004,cust_1157,2026-06-16 17:00:00,NetBanking,ICICI UPI,1996.76,Failed
pay_103100,m_1002,cust_1158,2026-06-16 20:00:00,UPI,Razorpay,4053.46,Failed
pay_101359,m_1001,cust_1159,2026-06-16 20:00:00,UPI,Axis Wallet,10460.87,Success
pay_104749,m_1001,cust_1160,2026-06-16 21:00:00,NetBanking,SBI Card Gateway,3120.19,Success
pay_101051,m_1002,cust_1161,2026-06-16 22:00:00,UPI,Razorpay,4369.0,Failed
pay_103114,m_1001,cust_1162,2026-06-16 22:00:00,UPI,Razorpay,5510.97,Success
pay_102762,m_1001,cust_1163,2026-06-17 00:00:00,Card,Axis Wallet,5515.57,Failed
pay_100745,m_1001,cust_1164,2026-06-17 01:00:00,Card,Razorpay,938.85,Failed
pay_102892,m_1004,cust_1165,2026-06-17 01:00:00,UPI,Axis Wallet,3420.49,Failed
pay_100052,m_1002,cust_1166,2026-06-17 02:00:00,Card,HDFC Gateway,2687.72,Failed
pay_100300,m_1003,cust_1167,2026-06-17 03:00:00,UPI,Razorpay,1544.49,Failed
pay_103236,m_1004,cust_1168,2026-06-17 04:00:00,UPI,SBI Card Gateway,3338.85,Failed
pay_102190,m_1001,cust_1169,2026-06-17 08:00:00,Card,SBI Card Gateway,1714.28,Success
pay_102144,m_1004,cust_1170,2026-06-17 08:00:00,UPI,SBI Card Gateway,2601.85,Success
pay_101772,m_1000,cust_1171,2026-06-17 08:00:00,UPI,Axis Wallet,6434.41,Success
pay_102440,m_1002,cust_1172,2026-06-17 09:00:00,NetBanking,Razorpay,14578.4,Failed
pay_102826,m_1003,cust_1173,2026-06-17 11:00:00,NetBanking,Razorpay,1676.6,Failed
pay_100193,m_1001,cust_1174,2026-06-17 11:00:00,Card,Razorpay,3536.02,Success
pay_102849,m_1002,cust_1175,2026-06-17 12:00:00,Card,HDFC Gateway,4045.51,Failed
pay_101924,m_1002,cust_1176,2026-06-17 13:00:00,UPI,SBI Card Gateway,2202.58,Failed
pay_101571,m_1000,cust_1177,2026-06-17 13:00:00,Wallet,SBI Card Gateway,2244.76,Failed
pay_104181,m_1003,cust_1178,2026-06-17 14:00:00,NetBanking,HDFC Gateway,4380.23,Success
pay_102052,m_1000,cust_1179,2026-06-17 14:00:00,UPI,SBI Card Gateway,3643.84,Failed
pay_100997,m_1001,cust_1180,2026-06-17 16:00:00,NetBanking,Razorpay,439.12,Failed
pay_103085,m_1001,cust_1181,2026-06-17 16:00:00,Card,Razorpay,790.73,Success
pay_100764,m_1000,cust_1182,2026-06-17 16:00:00,Card,Razorpay,3957.66,Failed
pay_102485,m_1000,cust_1183,2026-06-17 16:00:00,Card,Razorpay,18981.97,Failed
pay_103710,m_1000,cust_1184,2026-06-17 19:00:00,UPI,Razorpay,21872.01,Success
pay_102758,m_1001,cust_1185,2026-06-17 20:00:00,UPI,Razorpay,6858.23,Success
pay_103464,m_1003,cust_1186,2026-06-17 20:00:00,Card,ICICI UPI,1296.78,Failed
pay_101698,m_1000,cust_1187,2026-06-17 21:00:00,NetBanking,ICICI UPI,1767.87,Failed
pay_101926,m_1001,cust_1188,2026-06-17 21:00:00,UPI,Axis Wallet,3147.23,Failed
pay_103847,m_1001,cust_1189,2026-06-17 21:00:00,UPI,ICICI UPI,1375.01,Success
pay_104785,m_1000,cust_1190,2026-06-17 23:00:00,Card,Razorpay,2299.42,Failed
pay_103856,m_1001,cust_1191,2026-06-17 23:00:00,Wallet,HDFC Gateway,1165.43,Failed
pay_102561,m_1002,cust_1192,2026-06-18 01:00:00,UPI,ICICI UPI,5368.39,Failed
pay_103130,m_1001,cust_1193,2026-06-18 01:00:00,Card,HDFC Gateway,3660.84,Failed
pay_101684,m_1001,cust_1194,2026-06-18 02:00:00,NetBanking,Razorpay,2081.38,Success
pay_100520,m_1004,cust_1195,2026-06-18 05:00:00,Wallet,Razorpay,1824.79,Failed
pay_103053,m_1003,cust_1196,2026-06-18 05:00:00,UPI,Razorpay,6590.09,Success
pay_102489,m_1002,cust_1197,2026-06-18 07:00:00,UPI,SBI Card Gateway,11525.89,Failed
pay_103406,m_1001,cust_1198,2026-06-18 15:00:00,UPI,Razorpay,3809.63,Failed
pay_102884,m_1001,cust_1199,2026-06-18 15:00:00,Wallet,Razorpay,2739.05,Failed
pay_104173,m_1001,cust_1200,2026-06-18 16:00:00,Card,Razorpay,395.81,Success
pay_104441,m_1003,cust_1201,2026-06-18 16:00:00,Card,Razorpay,1753.53,Failed
pay_101830,m_1001,cust_1202,2026-06-18 18:00:00,UPI,Razorpay,609.68,Failed
pay_100043,m_1001,cust_1203,2026-06-18 19:00:00,Card,HDFC Gateway,7213.82,Failed
pay_102281,m_1001,cust_1204,2026-06-19 00:00:00,Wallet,Axis Wallet,1044.25,Failed
pay_104382,m_1000,cust_1205,2026-06-19 00:00:00,Card,Razorpay,2941.85,Failed
pay_104010,m_1004,cust_1206,2026-06-19 01:00:00,NetBanking,Razorpay,2526.27,Failed
pay_104629,m_1004,cust_1207,2026-06-19 05:00:00,Card,ICICI UPI,2322.81,Success
pay_104244,m_1001,cust_1208,2026-06-19 05:00:00,UPI,HDFC Gateway,1241.76,Failed
pay_103853,m_1000,cust_1209,2026-06-19 05:00:00,UPI,SBI Card Gateway,654.74,Failed
pay_104349,m_1002,cust_1210,2026-06-19 06:00:00,NetBanking,ICICI UPI,1519.87,Success
pay_103405,m_1002,cust_1211,2026-06-19 06:00:00,Card,SBI Card Gateway,8903.92,Failed
pay_104516,m_1004,cust_1212,2026-06-19 07:00:00,Card,Razorpay,1198.65,Failed
pay_104266,m_1003,cust_1213,2026-06-19 09:00:00,NetBanking,Axis Wallet,1476.62,Success
pay_101362,m_1004,cust_1214,2026-06-19 11:00:00,NetBanking,ICICI UPI,897.79,Success
pay_100978,m_1002,cust_1215,2026-06-19 11:00:00,Card,Razorpay,2614.42,Failed
pay_102584,m_1000,cust_1216,2026-06-19 13:00:00,Card,Razorpay,3997.83,Failed
pay_103716,m_1002,cust_1217,2026-06-19 15:00:00,Card,HDFC Gateway,1592.86,Success
pay_104738,m_1000,cust_1218,2026-06-19 15:00:00,UPI,Razorpay,2850.23,Success
pay_103509,m_1004,cust_1219,2026-06-19 16:00:00,NetBanking,Axis Wallet,1711.76,Failed
pay_103020,m_1003,cust_1220,2026-06-19 16:00:00,NetBanking,ICICI UPI,1029.44,Failed
pay_104175,m_1002,cust_1221,2026-06-19 19:00:00,Card,Razorpay,1305.67,Failed
pay_102424,m_1001,cust_1222,2026-06-19 21:00:00,UPI,ICICI UPI,323.87,Success
pay_104830,m_1002,cust_1223,2026-06-19 21:00:00,Card,SBI Card Gateway,3978.17,Failed
pay_103453,m_1004,cust_1224,2026-06-19 22:00:00,Card,ICICI UPI,8918.67,Failed
pay_101311,m_1004,cust_1225,2026-06-19 23:00:00,Card,ICICI UPI,991.83,Failed
pay_101756,m_1002,cust_1226,2026-06-19 23:00:00,Wallet,Razorpay,1116.19,Failed
pay_104312,m_1000,cust_1227,2026-06-19 23:00:00,NetBanking,ICICI UPI,6833.81,Failed
pay_102909,m_1002,cust_1228,2026-06-20 00:00:00,UPI,Axis Wallet,5192.73,Failed
pay_100138,m_1002,cust_1229,2026-06-20 01:00:00,UPI,SBI Card Gateway,3496.67,Failed
pay_102997,m_1004,cust_1230,2026-06-20 01:00:00,UPI,HDFC Gateway,1324.46,Success
pay_104228,m_1001,cust_1231,2026-06-20 01:00:00,NetBanking,SBI Card Gateway,2202.84,Success
pay_101406,m_1003,cust_1232,2026-06-20 03:00:00,Card,Razorpay,13053.66,Failed
pay_100267,m_1002,cust_1233,2026-06-20 04:00:00,UPI,Razorpay,3517.25,Failed
pay_101382,m_1004,cust_1234,2026-06-20 05:00:00,Card,ICICI UPI,1546.47,Success
pay_101591,m_1002,cust_1235,2026-06-20 06:00:00,UPI,SBI Card Gateway,1474.12,Failed
pay_101235,m_1001,cust_1236,2026-06-20 06:00:00,Card,Razorpay,6187.63,Failed
pay_103557,m_1001,cust_1237,2026-06-20 08:00:00,Wallet,Razorpay,8573.47,Failed
pay_102589,m_1002,cust_1238,2026-06-20 09:00:00,NetBanking,Razorpay,15675.45,Failed
pay_104499,m_1000,cust_1239,2026-06-20 10:00:00,Wallet,ICICI UPI,2522.7,Success
pay_104900,m_1004,cust_1240,2026-06-20 11:00:00,NetBanking,Razorpay,5887.96,Success
pay_104065,m_1004,cust_1241,2026-06-20 13:00:00,Card,SBI Card Gateway,2352.44,Failed
pay_103173,m_1001,cust_1242,2026-06-20 14:00:00,Card,Axis Wallet,1262.28,Failed
pay_104438,m_1000,cust_1243,2026-06-20 15:00:00,UPI,Razorpay,2400.48,Success
pay_101356,m_1003,cust_1244,2026-06-20 16:00:00,Card,ICICI UPI,3735.05,Failed
pay_104202,m_1003,cust_1245,2026-06-20 16:00:00,NetBanking,Razorpay,3952.88,Failed
pay_102739,m_1003,cust_1246,2026-06-20 16:00:00,Card,HDFC Gateway,2141.89,Failed
pay_101792,m_1003,cust_1247,2026-06-20 17:00:00,Card,Razorpay,3712.33,Success
pay_102484,m_1003,cust_1248,2026-06-20 17:00:00,Card,Axis Wallet,394.82,Success
pay_103090,m_1000,cust_1249,2026-06-20 19:00:00,UPI,SBI Card Gateway,1362.37,Success
pay_101371,m_1004,cust_1000,2026-06-20 19:00:00,Card,SBI Card Gateway,923.74,Failed
pay_101646,m_1003,cust_1001,2026-06-20 19:00:00,Card,SBI Card Gateway,4217.39,Success
pay_104782,m_1003,cust_1002,2026-06-20 20:00:00,Card,Razorpay,21166.74,Success
pay_101710,m_1003,cust_1003,2026-06-20 22:00:00,Card,Razorpay,7099.99,Success
pay_104191,m_1002,cust_1004,2026-06-20 22:00:00,NetBanking,HDFC Gateway,25462.95,Success
pay_102029,m_1001,cust_1005,2026-06-20 22:00:00,Card,ICICI UPI,2465.92,Failed
pay_100990,m_1000,cust_1006,2026-06-20 22:00:00,Card,Razorpay,4866.11,Failed
pay_102073,m_1000,cust_1007,2026-06-20 23:00:00,UPI,Razorpay,836.71,Success
pay_100196,m_1002,cust_1008,2026-06-20 23:00:00,UPI,Axis Wallet,480.84,Failed
pay_101977,m_1003,cust_1009,2026-06-20 23:00:00,Card,SBI Card Gateway,4722.95,Failed
pay_102326,m_1001,cust_1010,2026-06-21 00:00:00,Card,ICICI UPI,110.62,Success
pay_102490,m_1003,cust_1011,2026-06-21 00:00:00,UPI,SBI Card Gateway,886.71,Success
pay_103212,m_1001,cust_1012,2026-06-21 00:00:00,Card,Razorpay,5602.17,Failed
pay_101329,m_1001,cust_1013,2026-06-21 01:00:00,Wallet,Razorpay,1317.52,Failed
pay_104254,m_1000,cust_1014,2026-06-21 02:00:00,Wallet,Razorpay,4667.32,Failed
pay_104217,m_1004,cust_1015,2026-06-21 03:00:00,Card,SBI Card Gateway,4024.87,Failed
pay_101973,m_1004,cust_1016,2026-06-21 04:00:00,UPI,Razorpay,6092.37,Success
pay_103728,m_1000,cust_1017,2026-06-21 06:00:00,UPI,Razorpay,2509.19,Failed
pay_101159,m_1004,cust_1018,2026-06-21 07:00:00,UPI,Axis Wallet,727.34,Failed
pay_103486,m_1003,cust_1019,2026-06-21 08:00:00,UPI,ICICI UPI,1502.38,Failed
pay_102460,m_1000,cust_1020,2026-06-21 09:00:00,NetBanking,ICICI UPI,5636.52,Success
pay_103084,m_1003,cust_1021,2026-06-21 11:00:00,Card,Axis Wallet,2222.76,Failed
pay_103985,m_1004,cust_1022,2026-06-21 11:00:00,UPI,Razorpay,1759.7,Failed
pay_101781,m_1003,cust_1023,2026-06-21 12:00:00,Card,ICICI UPI,2873.57,Failed
pay_103596,m_1000,cust_1024,2026-06-21 13:00:00,UPI,Razorpay,2631.49,Failed
pay_101899,m_1003,cust_1025,2026-06-21 13:00:00,Wallet,Razorpay,2476.57,Failed
pay_104461,m_1001,cust_1026,2026-06-21 14:00:00,Card,ICICI UPI,866.36,Failed
pay_104565,m_1003,cust_1027,2026-06-21 14:00:00,Card,HDFC Gateway,2743.15,Failed
pay_104253,m_1001,cust_1028,2026-06-21 14:00:00,UPI,Razorpay,679.89,Failed
pay_100198,m_1002,cust_1029,2026-06-21 14:00:00,Card,Razorpay,10940.32,Success
pay_101175,m_1000,cust_1030,2026-06-21 15:00:00,Card,SBI Card Gateway,6170.31,Failed
pay_104939,m_1002,cust_1031,2026-06-21 16:00:00,UPI,Razorpay,2167.76,Failed
pay_101141,m_1002,cust_1032,2026-06-21 16:00:00,UPI,Razorpay,1741.3,Failed
pay_104967,m_1002,cust_1033,2026-06-21 17:00:00,UPI,Razorpay,1580.44,Failed
pay_100626,m_1003,cust_1034,2026-06-21 17:00:00,UPI,Razorpay,1216.34,Success
pay_103250,m_1002,cust_1035,2026-06-21 17:00:00,NetBanking,Razorpay,16470.34,Failed
pay_101770,m_1001,cust_1036,2026-06-21 18:00:00,UPI,Axis Wallet,1980.86,Success
pay_102322,m_1001,cust_1037,2026-06-21 18:00:00,UPI,Axis Wallet,2340.0,Failed
pay_104888,m_1002,cust_1038,2026-06-21 19:00:00,NetBanking,Razorpay,544.96,Failed
pay_103826,m_1003,cust_1039,2026-06-21 22:00:00,UPI,HDFC Gateway,2444.64,Success
pay_102366,m_1001,cust_1040,2026-06-21 22:00:00,Wallet,Axis Wallet,734.08,Failed
pay_103433,m_1004,cust_1041,2026-06-21 23:00:00,Card,HDFC Gateway,2946.54,Failed
pay_103394,m_1001,cust_1042,2026-06-21 23:00:00,UPI,Razorpay,794.83,Failed
pay_104388,m_1004,cust_1043,2026-06-21 23:00:00,UPI,Razorpay,741.02,Failed
pay_104099,m_1000,cust_1044,2026-06-22 02:00:00,Card,Razorpay,796.51,Failed
pay_102203,m_1000,cust_1045,2026-06-22 02:00:00,Wallet,Razorpay,14645.44,Failed
pay_104048,m_1004,cust_1046,2026-06-22 04:00:00,Card,Razorpay,2505.24,Failed
pay_100370,m_1003,cust_1047,2026-06-22 05:00:00,UPI,ICICI UPI,988.11,Failed
pay_104776,m_1003,cust_1048,2026-06-22 05:00:00,NetBanking,Razorpay,1050.45,Failed
pay_104240,m_1000,cust_1049,2026-06-22 05:00:00,UPI,SBI Card Gateway,1064.95,Failed
pay_102636,m_1001,cust_1050,2026-06-22 05:00:00,UPI,Razorpay,1671.11,Failed
pay_103995,m_1000,cust_1051,2026-06-22 07:00:00,UPI,ICICI UPI,32518.89,Success
pay_103658,m_1004,cust_1052,2026-06-22 08:00:00,Card,Razorpay,337.95,Failed
pay_100168,m_1002,cust_1053,2026-06-22 10:00:00,NetBanking,Razorpay,979.15,Failed
pay_102159,m_1000,cust_1054,2026-06-22 11:00:00,Wallet,HDFC Gateway,1542.34,Failed
pay_101029,m_1000,cust_1055,2026-06-22 11:00:00,Wallet,Razorpay,661.2,Failed
pay_100486,m_1003,cust_1056,2026-06-22 11:00:00,UPI,Razorpay,16871.56,Success
pay_101068,m_1002,cust_1057,2026-06-22 13:00:00,Card,Razorpay,7906.5,Failed
pay_100737,m_1002,cust_1058,2026-06-22 13:00:00,UPI,Axis Wallet,3927.03,Failed
pay_103769,m_1002,cust_1059,2026-06-22 14:00:00,UPI,ICICI UPI,29022.66,Failed
pay_104412,m_1002,cust_1060,2026-06-22 14:00:00,UPI,Razorpay,2131.07,Failed
pay_101510,m_1003,cust_1061,2026-06-22 14:00:00,UPI,Razorpay,1465.27,Failed
pay_101904,m_1004,cust_1062,2026-06-22 16:00:00,UPI,Razorpay,8471.62,Success
pay_101493,m_1000,cust_1063,2026-06-22 16:00:00,UPI,SBI Card Gateway,2227.31,Failed
pay_101776,m_1002,cust_1064,2026-06-22 19:00:00,UPI,SBI Card Gateway,1607.36,Success
pay_103521,m_1004,cust_1065,2026-06-22 20:00:00,NetBanking,Razorpay,1581.53,Success
pay_100293,m_1000,cust_1066,2026-06-22 22:00:00,UPI,HDFC Gateway,8332.0,Failed
pay_104652,m_1004,cust_1067,2026-06-22 23:00:00,Card,HDFC Gateway,2891.14,Success
pay_101144,m_1004,cust_1068,2026-06-23 00:00:00,UPI,SBI Card Gateway,716.62,Failed
pay_104924,m_1002,cust_1069,2026-06-23 01:00:00,UPI,Razorpay,2750.7,Failed
pay_101513,m_1003,cust_1070,2026-06-23 02:00:00,UPI,ICICI UPI,678.25,Success
pay_103771,m_1002,cust_1071,2026-06-23 02:00:00,UPI,Razorpay,5739.89,Success
pay_103622,m_1003,cust_1072,2026-06-23 02:00:00,NetBanking,Razorpay,929.56,Success
pay_102649,m_1004,cust_1073,2026-06-23 02:00:00,Card,ICICI UPI,2839.12,Failed
pay_104950,m_1004,cust_1074,2026-06-23 03:00:00,NetBanking,ICICI UPI,655.61,Failed
pay_102068,m_1000,cust_1075,2026-06-23 03:00:00,UPI,Razorpay,2667.1,Success
pay_100076,m_1000,cust_1076,2026-06-23 04:00:00,Card,HDFC Gateway,7416.97,Success
pay_103573,m_1004,cust_1077,2026-06-23 04:00:00,Card,SBI Card Gateway,953.36,Failed
pay_100253,m_1004,cust_1078,2026-06-23 05:00:00,UPI,Razorpay,4257.74,Failed
pay_104496,m_1002,cust_1079,2026-06-23 06:00:00,Wallet,Razorpay,1343.96,Failed
pay_104817,m_1001,cust_1080,2026-06-23 06:00:00,Wallet,Razorpay,237.18,Failed
pay_104150,m_1000,cust_1081,2026-06-23 08:00:00,UPI,Razorpay,1404.23,Failed
pay_102575,m_1003,cust_1082,2026-06-23 08:00:00,Card,HDFC Gateway,1216.6,Success
pay_101094,m_1001,cust_1083,2026-06-23 11:00:00,UPI,Axis Wallet,2585.62,Failed
pay_104040,m_1004,cust_1084,2026-06-23 11:00:00,Card,HDFC Gateway,7216.9,Failed
pay_100645,m_1001,cust_1085,2026-06-23 12:00:00,UPI,Razorpay,1476.79,Failed
pay_101914,m_1001,cust_1086,2026-06-23 12:00:00,Wallet,SBI Card Gateway,553.19,Success
pay_103042,m_1001,cust_1087,2026-06-23 13:00:00,UPI,HDFC Gateway,736.71,Failed
pay_102150,m_1001,cust_1088,2026-06-23 13:00:00,UPI,ICICI UPI,6975.97,Success
pay_104255,m_1001,cust_1089,2026-06-23 14:00:00,Wallet,Razorpay,4980.69,Failed
pay_104337,m_1004,cust_1090,2026-06-23 14:00:00,NetBanking,Axis Wallet,2537.27,Failed
pay_103606,m_1004,cust_1091,2026-06-23 16:00:00,UPI,ICICI UPI,1511.28,Failed
pay_100631,m_1001,cust_1092,2026-06-23 16:00:00,UPI,HDFC Gateway,3529.83,Success
pay_102346,m_1002,cust_1093,2026-06-23 17:00:00,UPI,SBI Card Gateway,6148.61,Success
pay_104256,m_1001,cust_1094,2026-06-23 18:00:00,UPI,Razorpay,7690.53,Failed
pay_104743,m_1004,cust_1095,2026-06-23 18:00:00,Card,Razorpay,1356.94,Failed
pay_102091,m_1002,cust_1096,2026-06-23 20:00:00,UPI,Axis Wallet,2776.96,Failed
pay_104440,m_1000,cust_1097,2026-06-23 21:00:00,UPI,Razorpay,1660.57,Success
pay_103693,m_1001,cust_1098,2026-06-23 21:00:00,UPI,Razorpay,2616.45,Success
pay_102536,m_1000,cust_1099,2026-06-23 22:00:00,UPI,SBI Card Gateway,372.52,Failed
pay_102306,m_1002,cust_1100,2026-06-23 23:00:00,UPI,Razorpay,2995.48,Success
pay_100065,m_1001,cust_1101,2026-06-23 23:00:00,Wallet,SBI Card Gateway,3941.01,Success
pay_102920,m_1002,cust_1102,2026-06-24 00:00:00,Card,Razorpay,3066.89,Success
pay_101387,m_1004,cust_1103,2026-06-24 01:00:00,Card,Razorpay,1628.2,Success
pay_103858,m_1001,cust_1104,2026-06-24 01:00:00,Card,Razorpay,589.31,Failed
pay_101248,m_1004,cust_1105,2026-06-24 01:00:00,UPI,Razorpay,9527.39,Failed
pay_102082,m_1002,cust_1106,2026-06-24 03:00:00,UPI,Razorpay,6212.77,Failed
pay_104680,m_1002,cust_1107,2026-06-24 03:00:00,NetBanking,Razorpay,4780.74,Failed
pay_104074,m_1001,cust_1108,2026-06-24 04:00:00,Card,Razorpay,3792.55,Success
pay_104611,m_1004,cust_1109,2026-06-24 04:00:00,UPI,ICICI UPI,472.04,Success
pay_102525,m_1001,cust_1110,2026-06-24 07:00:00,UPI,Razorpay,2221.21,Failed
pay_104109,m_1000,cust_1111,2026-06-24 07:00:00,Card,Razorpay,4107.91,Success
pay_104050,m_1004,cust_1112,2026-06-24 08:00:00,UPI,Razorpay,2172.82,Failed
pay_102282,m_1002,cust_1113,2026-06-24 08:00:00,Wallet,Axis Wallet,1131.14,Failed
pay_104409,m_1001,cust_1114,2026-06-24 10:00:00,Card,ICICI UPI,297.99,Failed
pay_100606,m_1003,cust_1115,2026-06-24 11:00:00,UPI,Razorpay,1671.94,Success
pay_104867,m_1001,cust_1116,2026-06-24 13:00:00,UPI,Razorpay,1960.42,Success
pay_101503,m_1000,cust_1117,2026-06-24 13:00:00,Card,SBI Card Gateway,1532.65,Success
pay_101403,m_1004,cust_1118,2026-06-24 13:00:00,UPI,HDFC Gateway,485.32,Failed
pay_103734,m_1002,cust_1119,2026-06-24 14:00:00,NetBanking,Axis Wallet,618.38,Failed
pay_102151,m_1002,cust_1120,2026-06-24 15:00:00,NetBanking,Razorpay,1502.89,Success
pay_102291,m_1001,cust_1121,2026-06-24 17:00:00,Card,Razorpay,1857.36,Success
pay_101949,m_1001,cust_1122,2026-06-24 17:00:00,Card,Razorpay,2684.1,Failed
pay_102551,m_1000,cust_1123,2026-06-24 19:00:00,UPI,Razorpay,405.9,Success
pay_100166,m_1004,cust_1124,2026-06-24 19:00:00,Wallet,Razorpay,3022.95,Success
pay_103755,m_1000,cust_1125,2026-06-24 20:00:00,NetBanking,SBI Card Gateway,1732.74,Failed
pay_100594,m_1004,cust_1126,2026-06-24 21:00:00,NetBanking,SBI Card Gateway,1676.62,Failed
pay_102927,m_1002,cust_1127,2026-06-24 21:00:00,UPI,Axis Wallet,2278.46,Failed
pay_102587,m_1003,cust_1128,2026-06-24 21:00:00,Card,Razorpay,4551.44,Success
pay_100320,m_1003,cust_1129,2026-06-24 21:00:00,NetBanking,SBI Card Gateway,1723.41,Failed
pay_102129,m_1002,cust_1130,2026-06-24 22:00:00,NetBanking,Razorpay,853.27,Failed
pay_102483,m_1003,cust_1131,2026-06-24 22:00:00,NetBanking,HDFC Gateway,1314.23,Failed
pay_100402,m_1000,cust_1132,2026-06-24 22:00:00,Card,Razorpay,2956.87,Success
pay_102270,m_1000,cust_1133,2026-06-24 22:00:00,NetBanking,Razorpay,2310.3,Success
pay_103446,m_1000,cust_1134,2026-06-24 23:00:00,Wallet,Razorpay,2662.93,Failed
pay_104475,m_1000,cust_1135,2026-06-24 23:00:00,NetBanking,ICICI UPI,3243.88,Failed
pay_101434,m_1000,cust_1136,2026-06-25 02:00:00,Card,Razorpay,1279.19,Success
pay_101755,m_1004,cust_1137,2026-06-25 04:00:00,Card,Razorpay,6016.36,Failed
pay_102015,m_1001,cust_1138,2026-06-25 04:00:00,UPI,Razorpay,5069.59,Success
pay_101526,m_1002,cust_1139,2026-06-25 04:00:00,UPI,Razorpay,6753.73,Failed
pay_101438,m_1003,cust_1140,2026-06-25 05:00:00,NetBanking,Razorpay,4627.4,Failed
pay_100524,m_1003,cust_1141,2026-06-25 06:00:00,NetBanking,HDFC Gateway,785.24,Failed
pay_101575,m_1004,cust_1142,2026-06-25 07:00:00,UPI,Razorpay,3978.57,Success
pay_102271,m_1002,cust_1143,2026-06-25 07:00:00,UPI,Razorpay,5423.02,Failed
pay_100553,m_1001,cust_1144,2026-06-25 09:00:00,UPI,SBI Card Gateway,601.2,Failed
pay_101585,m_1002,cust_1145,2026-06-25 10:00:00,Wallet,Razorpay,2540.89,Success
pay_104000,m_1002,cust_1146,2026-06-25 11:00:00,Card,Razorpay,4672.97,Failed
pay_101603,m_1001,cust_1147,2026-06-25 12:00:00,Wallet,Razorpay,938.98,Failed
pay_100337,m_1003,cust_1148,2026-06-25 12:00:00,Wallet,Razorpay,504.41,Failed
pay_100967,m_1004,cust_1149,2026-06-25 13:00:00,Wallet,Razorpay,2689.14,Failed
pay_101176,m_1002,cust_1150,2026-06-25 15:00:00,Card,SBI Card Gateway,4303.2,Failed
pay_104376,m_1002,cust_1151,2026-06-25 15:00:00,UPI,Razorpay,707.16,Success
pay_103789,m_1003,cust_1152,2026-06-25 16:00:00,Card,ICICI UPI,5612.36,Success
pay_100987,m_1004,cust_1153,2026-06-25 16:00:00,Wallet,HDFC Gateway,1039.92,Failed
pay_102166,m_1001,cust_1154,2026-06-25 17:00:00,Card,Razorpay,637.65,Success
pay_100367,m_1004,cust_1155,2026-06-25 18:00:00,Card,HDFC Gateway,13783.25,Failed
pay_100308,m_1002,cust_1156,2026-06-25 19:00:00,Card,HDFC Gateway,2739.08,Failed
pay_100798,m_1004,cust_1157,2026-06-25 20:00:00,Wallet,Razorpay,31611.45,Failed
pay_102866,m_1002,cust_1158,2026-06-25 21:00:00,UPI,Razorpay,1540.39,Failed
pay_104439,m_1000,cust_1159,2026-06-25 23:00:00,Card,Razorpay,7250.47,Success
pay_102433,m_1000,cust_1160,2026-06-25 23:00:00,Wallet,Razorpay,18774.83,Success
pay_100747,m_1000,cust_1161,2026-06-26 00:00:00,NetBanking,SBI Card Gateway,4310.11,Success
pay_104273,m_1002,cust_1162,2026-06-26 00:00:00,Wallet,Razorpay,1875.95,Failed
pay_101013,m_1002,cust_1163,2026-06-26 00:00:00,UPI,Razorpay,231.23,Failed
pay_104424,m_1000,cust_1164,2026-06-26 00:00:00,UPI,Razorpay,1835.02,Failed
pay_103163,m_1001,cust_1165,2026-06-26 01:00:00,UPI,ICICI UPI,1230.95,Failed
pay_101033,m_1003,cust_1166,2026-06-26 02:00:00,Card,Razorpay,373.86,Success
pay_100446,m_1002,cust_1167,2026-06-26 03:00:00,NetBanking,HDFC Gateway,5849.4,Success
pay_103097,m_1004,cust_1168,2026-06-26 03:00:00,UPI,HDFC Gateway,1174.59,Failed
pay_100748,m_1002,cust_1169,2026-06-26 06:00:00,Card,HDFC Gateway,3865.21,Success
pay_104602,m_1002,cust_1170,2026-06-26 06:00:00,Card,Axis Wallet,5033.9,Failed
pay_101820,m_1004,cust_1171,2026-06-26 08:00:00,NetBanking,Razorpay,1895.59,Failed
pay_104664,m_1003,cust_1172,2026-06-26 08:00:00,UPI,Razorpay,1141.34,Success
pay_101461,m_1001,cust_1173,2026-06-26 08:00:00,Card,ICICI UPI,7012.84,Failed
pay_100087,m_1004,cust_1174,2026-06-26 09:00:00,NetBanking,ICICI UPI,2350.78,Success
pay_103941,m_1003,cust_1175,2026-06-26 10:00:00,UPI,Razorpay,444.6,Failed
pay_101059,m_1002,cust_1176,2026-06-26 15:00:00,UPI,Razorpay,1457.76,Success
pay_102780,m_1001,cust_1177,2026-06-26 15:00:00,UPI,Razorpay,3271.2,Failed
pay_102807,m_1001,cust_1178,2026-06-26 16:00:00,Wallet,ICICI UPI,2002.14,Success
pay_103502,m_1000,cust_1179,2026-06-26 17:00:00,Card,SBI Card Gateway,1011.99,Success
pay_100525,m_1001,cust_1180,2026-06-26 18:00:00,Card,SBI Card Gateway,919.98,Success
pay_100399,m_1002,cust_1181,2026-06-26 18:00:00,NetBanking,Razorpay,2183.91,Success
pay_100332,m_1003,cust_1182,2026-06-26 19:00:00,Card,Razorpay,1813.06,Failed
pay_103986,m_1002,cust_1183,2026-06-26 19:00:00,UPI,Razorpay,1994.92,Success
pay_104568,m_1000,cust_1184,2026-06-26 22:00:00,UPI,Axis Wallet,971.61,Failed
pay_102354,m_1001,cust_1185,2026-06-26 23:00:00,UPI,HDFC Gateway,4434.32,Success
pay_100238,m_1004,cust_1186,2026-06-27 01:00:00,UPI,SBI Card Gateway,2075.49,Failed
pay_103372,m_1002,cust_1187,2026-06-27 01:00:00,UPI,Axis Wallet,3316.11,Failed
pay_104289,m_1004,cust_1188,2026-06-27 02:00:00,UPI,Razorpay,7101.19,Failed
pay_103061,m_1001,cust_1189,2026-06-27 03:00:00,Wallet,Razorpay,3724.89,Failed
pay_103696,m_1004,cust_1190,2026-06-27 04:00:00,UPI,Razorpay,645.89,Failed
pay_101778,m_1002,cust_1191,2026-06-27 05:00:00,UPI,HDFC Gateway,2436.54,Failed
pay_103583,m_1004,cust_1192,2026-06-27 05:00:00,Card,Axis Wallet,10596.11,Failed
pay_102308,m_1001,cust_1193,2026-06-27 05:00:00,Card,ICICI UPI,10404.07,Failed
pay_104446,m_1000,cust_1194,2026-06-27 05:00:00,Card,Razorpay,6336.86,Failed
pay_102126,m_1000,cust_1195,2026-06-27 05:00:00,UPI,Razorpay,3543.46,Success
pay_101185,m_1001,cust_1196,2026-06-27 06:00:00,UPI,Razorpay,2870.06,Success
pay_104587,m_1000,cust_1197,2026-06-27 06:00:00,UPI,Razorpay,485.48,Failed
pay_103548,m_1003,cust_1198,2026-06-27 06:00:00,UPI,Razorpay,304.6,Failed
pay_104494,m_1004,cust_1199,2026-06-27 07:00:00,UPI,Axis Wallet,2904.68,Failed
pay_104666,m_1004,cust_1200,2026-06-27 08:00:00,UPI,Axis Wallet,4217.6,Failed
pay_101104,m_1004,cust_1201,2026-06-27 11:00:00,NetBanking,HDFC Gateway,2867.71,Failed
pay_104788,m_1001,cust_1202,2026-06-27 12:00:00,Card,SBI Card Gateway,1013.18,Success
pay_104038,m_1004,cust_1203,2026-06-27 12:00:00,NetBanking,HDFC Gateway,2517.93,Success
pay_103341,m_1000,cust_1204,2026-06-27 13:00:00,UPI,SBI Card Gateway,717.49,Success
pay_100225,m_1003,cust_1205,2026-06-27 13:00:00,Card,Razorpay,13019.28,Failed
pay_101390,m_1000,cust_1206,2026-06-27 13:00:00,UPI,ICICI UPI,1167.24,Failed
pay_102594,m_1002,cust_1207,2026-06-27 14:00:00,Card,Axis Wallet,5315.24,Failed
pay_104745,m_1003,cust_1208,2026-06-27 15:00:00,NetBanking,HDFC Gateway,1069.9,Failed
pay_102186,m_1001,cust_1209,2026-06-27 15:00:00,UPI,Razorpay,620.02,Failed
pay_102088,m_1004,cust_1210,2026-06-27 17:00:00,UPI,HDFC Gateway,402.2,Success
pay_101154,m_1004,cust_1211,2026-06-27 17:00:00,UPI,Razorpay,3879.27,Success
pay_100951,m_1004,cust_1212,2026-06-27 18:00:00,Wallet,Razorpay,2690.22,Success
pay_101837,m_1001,cust_1213,2026-06-27 19:00:00,Wallet,Razorpay,8171.23,Failed
pay_100135,m_1003,cust_1214,2026-06-27 21:00:00,UPI,HDFC Gateway,950.45,Failed
pay_102707,m_1002,cust_1215,2026-06-27 22:00:00,UPI,Razorpay,1532.58,Failed
pay_103898,m_1001,cust_1216,2026-06-27 23:00:00,UPI,Axis Wallet,924.58,Failed
pay_104176,m_1004,cust_1217,2026-06-28 00:00:00,Card,SBI Card Gateway,4492.08,Failed
pay_104374,m_1003,cust_1218,2026-06-28 00:00:00,UPI,Razorpay,7721.97,Success
pay_103741,m_1004,cust_1219,2026-06-28 01:00:00,Card,Razorpay,855.54,Success
pay_103105,m_1004,cust_1220,2026-06-28 02:00:00,Card,SBI Card Gateway,4575.1,Failed
pay_102020,m_1001,cust_1221,2026-06-28 02:00:00,UPI,HDFC Gateway,1412.61,Failed
pay_102051,m_1004,cust_1222,2026-06-28 04:00:00,UPI,Razorpay,1005.24,Failed
pay_100306,m_1004,cust_1223,2026-06-28 05:00:00,Card,Razorpay,7676.78,Failed
pay_100801,m_1001,cust_1224,2026-06-28 06:00:00,UPI,HDFC Gateway,1582.92,Success
pay_101475,m_1002,cust_1225,2026-06-28 06:00:00,UPI,ICICI UPI,10243.12,Success
pay_102996,m_1000,cust_1226,2026-06-28 07:00:00,NetBanking,HDFC Gateway,2493.23,Failed
pay_102775,m_1002,cust_1227,2026-06-28 07:00:00,UPI,Razorpay,4268.31,Failed
pay_101366,m_1001,cust_1228,2026-06-28 07:00:00,UPI,Razorpay,2638.36,Success
pay_101822,m_1000,cust_1229,2026-06-28 07:00:00,NetBanking,SBI Card Gateway,1051.3,Failed
pay_104157,m_1000,cust_1230,2026-06-28 08:00:00,NetBanking,ICICI UPI,2989.0,Failed
pay_100189,m_1003,cust_1231,2026-06-28 08:00:00,UPI,Razorpay,4042.07,Failed
pay_101600,m_1004,cust_1232,2026-06-28 08:00:00,NetBanking,Razorpay,4280.95,Failed
pay_100927,m_1003,cust_1233,2026-06-28 09:00:00,Wallet,SBI Card Gateway,5451.67,Success
pay_102466,m_1003,cust_1234,2026-06-28 09:00:00,UPI,Razorpay,5629.64,Failed
pay_103429,m_1000,cust_1235,2026-06-28 09:00:00,Wallet,HDFC Gateway,3818.1,Success
pay_100441,m_1000,cust_1236,2026-06-28 10:00:00,UPI,Axis Wallet,2164.88,Success
pay_104698,m_1000,cust_1237,2026-06-28 11:00:00,Card,Razorpay,1277.22,Failed
pay_103843,m_1000,cust_1238,2026-06-28 13:00:00,Card,Razorpay,1387.66,Success
pay_102832,m_1003,cust_1239,2026-06-28 14:00:00,UPI,HDFC Gateway,1843.36,Success
pay_100262,m_1002,cust_1240,2026-06-28 15:00:00,UPI,Razorpay,430.29,Success
pay_101402,m_1000,cust_1241,2026-06-28 16:00:00,UPI,ICICI UPI,33055.33,Failed
pay_103204,m_1000,cust_1242,2026-06-28 17:00:00,Card,Razorpay,5822.96,Success
pay_104510,m_1003,cust_1243,2026-06-28 17:00:00,Wallet,Razorpay,3022.55,Failed
pay_101399,m_1001,cust_1244,2026-06-28 17:00:00,Wallet,HDFC Gateway,1771.89,Failed
pay_104589,m_1000,cust_1245,2026-06-28 18:00:00,Card,Razorpay,3039.03,Failed
pay_101315,m_1001,cust_1246,2026-06-28 19:00:00,UPI,Axis Wallet,1868.17,Success
pay_100352,m_1001,cust_1247,2026-06-28 20:00:00,Card,ICICI UPI,2598.89,Success
pay_100970,m_1003,cust_1248,2026-06-28 20:00:00,Card,Razorpay,3979.68,Failed
pay_103474,m_1001,cust_1249,2026-06-28 23:00:00,Card,HDFC Gateway,2825.42,Success
pay_101238,m_1001,cust_1000,2026-06-29 00:00:00,Card,Razorpay,1079.63,Failed
pay_104815,m_1003,cust_1001,2026-06-29 02:00:00,Card,Razorpay,2984.96,Failed
pay_104481,m_1002,cust_1002,2026-06-29 04:00:00,Card,Razorpay,471.35,Failed
pay_102272,m_1003,cust_1003,2026-06-29 04:00:00,UPI,Razorpay,3991.39,Failed
pay_100637,m_1004,cust_1004,2026-06-29 04:00:00,NetBanking,Razorpay,446.35,Failed
pay_104204,m_1001,cust_1005,2026-06-29 05:00:00,NetBanking,Razorpay,3206.78,Failed
pay_100418,m_1001,cust_1006,2026-06-29 05:00:00,UPI,Razorpay,2073.47,Success
pay_101337,m_1001,cust_1007,2026-06-29 06:00:00,Card,ICICI UPI,600.25,Failed
pay_103177,m_1002,cust_1008,2026-06-29 06:00:00,UPI,Razorpay,5891.42,Failed
pay_101580,m_1004,cust_1009,2026-06-29 06:00:00,Card,ICICI UPI,2608.88,Failed
pay_101906,m_1001,cust_1010,2026-06-29 07:00:00,Card,Razorpay,5942.51,Success
pay_104938,m_1000,cust_1011,2026-06-29 08:00:00,NetBanking,Razorpay,306.04,Success
pay_101861,m_1000,cust_1012,2026-06-29 08:00:00,Wallet,ICICI UPI,11791.42,Success
pay_104770,m_1002,cust_1013,2026-06-29 10:00:00,UPI,Razorpay,1246.64,Failed
pay_100795,m_1000,cust_1014,2026-06-29 11:00:00,Card,SBI Card Gateway,3787.15,Failed
pay_103591,m_1001,cust_1015,2026-06-29 12:00:00,Card,Razorpay,1452.01,Failed
pay_102254,m_1003,cust_1016,2026-06-29 12:00:00,UPI,SBI Card Gateway,4078.79,Failed
pay_101645,m_1000,cust_1017,2026-06-29 13:00:00,UPI,Razorpay,8388.17,Failed
pay_104396,m_1000,cust_1018,2026-06-29 13:00:00,Card,Razorpay,8200.62,Failed
pay_100270,m_1003,cust_1019,2026-06-29 13:00:00,Card,Razorpay,1170.51,Success
pay_101819,m_1003,cust_1020,2026-06-29 13:00:00,Card,SBI Card Gateway,5480.08,Success
pay_103436,m_1000,cust_1021,2026-06-29 16:00:00,UPI,Razorpay,16814.03,Success
pay_100153,m_1004,cust_1022,2026-06-29 18:00:00,UPI,Razorpay,1759.72,Failed
pay_101450,m_1002,cust_1023,2026-06-29 18:00:00,NetBanking,ICICI UPI,586.8,Failed
pay_104648,m_1000,cust_1024,2026-06-29 21:00:00,NetBanking,Razorpay,3387.75,Failed
pay_104616,m_1000,cust_1025,2026-06-29 22:00:00,UPI,ICICI UPI,2383.49,Failed
pay_104579,m_1004,cust_1026,2026-06-30 00:00:00,UPI,Razorpay,14396.32,Failed
pay_101113,m_1002,cust_1027,2026-06-30 01:00:00,Card,Axis Wallet,1329.87,Success
pay_104262,m_1003,cust_1028,2026-06-30 03:00:00,UPI,SBI Card Gateway,2453.17,Success
pay_102582,m_1001,cust_1029,2026-06-30 04:00:00,Card,Razorpay,1184.44,Failed
pay_103041,m_1001,cust_1030,2026-06-30 04:00:00,Card,Axis Wallet,1712.86,Failed
pay_104114,m_1001,cust_1031,2026-06-30 05:00:00,Card,Razorpay,1745.54,Failed
pay_101560,m_1002,cust_1032,2026-06-30 05:00:00,NetBanking,SBI Card Gateway,11307.56,Failed
pay_103524,m_1003,cust_1033,2026-06-30 06:00:00,UPI,HDFC Gateway,1485.72,Failed
pay_100341,m_1004,cust_1034,2026-06-30 06:00:00,Wallet,Axis Wallet,4215.8,Success
pay_102196,m_1003,cust_1035,2026-06-30 07:00:00,UPI,HDFC Gateway,2819.57,Failed
pay_104724,m_1001,cust_1036,2026-06-30 07:00:00,UPI,Razorpay,3071.02,Failed
pay_101482,m_1000,cust_1037,2026-06-30 10:00:00,UPI,HDFC Gateway,2970.9,Failed
pay_104506,m_1004,cust_1038,2026-06-30 10:00:00,NetBanking,SBI Card Gateway,4184.52,Failed
pay_100494,m_1004,cust_1039,2026-06-30 10:00:00,Wallet,Razorpay,448.9,Success
pay_103595,m_1004,cust_1040,2026-06-30 10:00:00,Card,Razorpay,3700.14,Success
pay_102228,m_1003,cust_1041,2026-06-30 11:00:00,NetBanking,Axis Wallet,3026.43,Failed
pay_102540,m_1004,cust_1042,2026-06-30 11:00:00,UPI,Axis Wallet,4927.53,Failed
pay_102040,m_1002,cust_1043,2026-06-30 11:00:00,UPI,Razorpay,3246.15,Failed
pay_103388,m_1003,cust_1044,2026-06-30 12:00:00,Card,ICICI UPI,4239.88,Failed
pay_103698,m_1003,cust_1045,2026-06-30 12:00:00,UPI,Razorpay,849.16,Failed
pay_103293,m_1001,cust_1046,2026-06-30 12:00:00,UPI,Razorpay,1287.25,Failed
pay_102185,m_1004,cust_1047,2026-06-30 13:00:00,UPI,HDFC Gateway,1462.95,Failed
pay_102397,m_1000,cust_1048,2026-06-30 14:00:00,UPI,ICICI UPI,6194.95,Failed
pay_100840,m_1002,cust_1049,2026-06-30 14:00:00,NetBanking,HDFC Gateway,2579.52,Failed
pay_102806,m_1003,cust_1050,2026-06-30 15:00:00,Wallet,Razorpay,1299.28,Failed
pay_102418,m_1000,cust_1051,2026-06-30 17:00:00,Card,Razorpay,11609.32,Failed
pay_101229,m_1000,cust_1052,2026-06-30 17:00:00,Card,Axis Wallet,1413.03,Failed
pay_100095,m_1000,cust_1053,2026-06-30 17:00:00,Card,Axis Wallet,4021.83,Success
pay_100659,m_1000,cust_1054,2026-06-30 18:00:00,Card,ICICI UPI,893.92,Success
pay_104687,m_1003,cust_1055,2026-06-30 18:00:00,Card,Razorpay,4339.21,Success
pay_103367,m_1004,cust_1056,2026-06-30 19:00:00,UPI,HDFC Gateway,1115.12,Failed
pay_100480,m_1002,cust_1057,2026-06-30 19:00:00,Wallet,Razorpay,414.51,Failed
pay_100854,m_1003,cust_1058,2026-06-30 19:00:00,NetBanking,Axis Wallet,1372.85,Success
pay_104631,m_1000,cust_1059,2026-06-30 21:00:00,UPI,Axis Wallet,2391.1,Failed
pay_101992,m_1000,cust_1060,2026-06-30 22:00:00,NetBanking,SBI Card Gateway,3801.29,Failed
pay_103715,m_1003,cust_1061,2026-06-30 23:00:00,UPI,ICICI UPI,2901.2,Failed
pay_104023,m_1002,cust_1062,2026-07-01 00:00:00,UPI,HDFC Gateway,4391.52,Failed
pay_100449,m_1004,cust_1063,2026-07-01 01:00:00,UPI,Razorpay,4572.15,Failed
pay_102218,m_1004,cust_1064,2026-07-01 01:00:00,Wallet,Razorpay,729.2,Failed
pay_102192,m_1004,cust_1065,2026-07-01 01:00:00,UPI,Razorpay,1063.29,Success
pay_102811,m_1001,cust_1066,2026-07-01 03:00:00,Card,ICICI UPI,875.55,Success
pay_104906,m_1004,cust_1067,2026-07-01 05:00:00,Card,HDFC Gateway,452.98,Success
pay_104710,m_1002,cust_1068,2026-07-01 07:00:00,UPI,Razorpay,5476.62,Failed
pay_103993,m_1000,cust_1069,2026-07-01 07:00:00,UPI,ICICI UPI,6969.9,Failed
pay_101208,m_1001,cust_1070,2026-07-01 08:00:00,NetBanking,HDFC Gateway,4434.89,Success
pay_104081,m_1004,cust_1071,2026-07-01 08:00:00,UPI,Razorpay,3955.0,Failed
pay_101381,m_1003,cust_1072,2026-07-01 09:00:00,UPI,Razorpay,3110.0,Failed
pay_100533,m_1003,cust_1073,2026-07-01 09:00:00,Card,Axis Wallet,448.99,Success
pay_103598,m_1002,cust_1074,2026-07-01 09:00:00,UPI,Razorpay,1954.53,Success
pay_100298,m_1004,cust_1075,2026-07-01 09:00:00,Card,Razorpay,2881.46,Failed
pay_102705,m_1000,cust_1076,2026-07-01 10:00:00,NetBanking,Razorpay,2624.81,Success
pay_103419,m_1003,cust_1077,2026-07-01 11:00:00,Card,Razorpay,635.58,Failed
pay_100813,m_1003,cust_1078,2026-07-01 12:00:00,Card,Axis Wallet,988.54,Failed
pay_102109,m_1003,cust_1079,2026-07-01 14:00:00,UPI,HDFC Gateway,5093.68,Success
pay_101409,m_1001,cust_1080,2026-07-01 15:00:00,UPI,Razorpay,4636.08,Failed
pay_102978,m_1000,cust_1081,2026-07-01 17:00:00,UPI,ICICI UPI,1486.87,Failed
pay_102786,m_1001,cust_1082,2026-07-01 17:00:00,Card,Razorpay,2160.82,Failed
pay_102870,m_1002,cust_1083,2026-07-01 17:00:00,Wallet,Axis Wallet,4620.67,Failed
pay_103038,m_1004,cust_1084,2026-07-01 17:00:00,UPI,ICICI UPI,3681.41,Failed
pay_104014,m_1003,cust_1085,2026-07-01 17:00:00,NetBanking,Razorpay,3495.85,Failed
pay_101916,m_1002,cust_1086,2026-07-01 19:00:00,NetBanking,Razorpay,2357.24,Success
pay_100572,m_1002,cust_1087,2026-07-01 19:00:00,Card,Razorpay,8754.91,Failed
pay_100151,m_1004,cust_1088,2026-07-01 23:00:00,NetBanking,Axis Wallet,464.51,Failed
pay_102110,m_1004,cust_1089,2026-07-02 00:00:00,Card,HDFC Gateway,9804.3,Failed
pay_100313,m_1003,cust_1090,2026-07-02 00:00:00,Wallet,SBI Card Gateway,903.54,Failed
pay_101999,m_1000,cust_1091,2026-07-02 01:00:00,Card,HDFC Gateway,6955.14,Failed
pay_101027,m_1001,cust_1092,2026-07-02 02:00:00,NetBanking,Axis Wallet,8760.76,Failed
pay_101550,m_1003,cust_1093,2026-07-02 02:00:00,UPI,Razorpay,3635.31,Failed
pay_101998,m_1001,cust_1094,2026-07-02 02:00:00,NetBanking,Razorpay,11575.21,Success
pay_102310,m_1001,cust_1095,2026-07-02 02:00:00,Wallet,SBI Card Gateway,1338.08,Failed
pay_102108,m_1001,cust_1096,2026-07-02 03:00:00,UPI,Razorpay,1621.58,Failed
pay_100398,m_1001,cust_1097,2026-07-02 03:00:00,Wallet,Axis Wallet,412.52,Success
pay_102848,m_1003,cust_1098,2026-07-02 05:00:00,UPI,Razorpay,953.1,Success
pay_104033,m_1004,cust_1099,2026-07-02 06:00:00,Card,ICICI UPI,7952.49,Failed
pay_104145,m_1002,cust_1100,2026-07-02 07:00:00,NetBanking,ICICI UPI,1557.62,Failed
pay_104245,m_1004,cust_1101,2026-07-02 08:00:00,Card,Razorpay,1003.1,Failed
pay_100412,m_1000,cust_1102,2026-07-02 08:00:00,UPI,ICICI UPI,4154.66,Failed
pay_101793,m_1002,cust_1103,2026-07-02 13:00:00,UPI,HDFC Gateway,26120.39,Failed
pay_100949,m_1003,cust_1104,2026-07-02 13:00:00,UPI,ICICI UPI,868.87,Failed
pay_101191,m_1004,cust_1105,2026-07-02 13:00:00,UPI,Razorpay,3954.03,Failed
pay_102044,m_1003,cust_1106,2026-07-02 15:00:00,UPI,SBI Card Gateway,2069.2,Success
pay_100110,m_1004,cust_1107,2026-07-02 17:00:00,UPI,Razorpay,2917.95,Success
pay_102954,m_1000,cust_1108,2026-07-02 18:00:00,Wallet,Axis Wallet,1904.36,Failed
pay_100038,m_1003,cust_1109,2026-07-02 19:00:00,Card,Razorpay,2628.96,Failed
pay_103082,m_1001,cust_1110,2026-07-02 19:00:00,UPI,Axis Wallet,3183.46,Failed
pay_104300,m_1000,cust_1111,2026-07-02 20:00:00,Wallet,SBI Card Gateway,1103.02,Failed
pay_100142,m_1000,cust_1112,2026-07-02 20:00:00,UPI,Razorpay,2959.75,Failed
pay_103211,m_1003,cust_1113,2026-07-02 21:00:00,UPI,ICICI UPI,6334.24,Failed
pay_104315,m_1000,cust_1114,2026-07-02 23:00:00,UPI,Razorpay,850.81,Failed
pay_100280,m_1000,cust_1115,2026-07-02 23:00:00,Card,ICICI UPI,3299.26,Success
pay_103306,m_1000,cust_1116,2026-07-03 00:00:00,Wallet,HDFC Gateway,3854.17,Success
pay_102105,m_1003,cust_1117,2026-07-03 02:00:00,Card,HDFC Gateway,2972.78,Success
pay_103795,m_1004,cust_1118,2026-07-03 02:00:00,Card,Axis Wallet,962.74,Failed
pay_104578,m_1003,cust_1119,2026-07-03 02:00:00,UPI,Razorpay,2547.78,Success
pay_101490,m_1001,cust_1120,2026-07-03 03:00:00,UPI,Razorpay,332.71,Success
pay_101321,m_1001,cust_1121,2026-07-03 03:00:00,UPI,SBI Card Gateway,3667.61,Failed
pay_104632,m_1000,cust_1122,2026-07-03 04:00:00,NetBanking,Razorpay,3429.74,Failed
pay_100504,m_1000,cust_1123,2026-07-03 06:00:00,NetBanking,Razorpay,21618.23,Failed
pay_103303,m_1001,cust_1124,2026-07-03 06:00:00,NetBanking,HDFC Gateway,41108.52,Failed
pay_104241,m_1000,cust_1125,2026-07-03 07:00:00,UPI,ICICI UPI,1143.66,Failed
pay_103059,m_1000,cust_1126,2026-07-03 09:00:00,Card,ICICI UPI,2077.28,Success
pay_104917,m_1002,cust_1127,2026-07-03 10:00:00,UPI,Axis Wallet,568.13,Success
pay_101639,m_1002,cust_1128,2026-07-03 10:00:00,Wallet,Razorpay,3479.73,Failed
pay_104246,m_1004,cust_1129,2026-07-03 11:00:00,Card,Razorpay,4898.98,Failed
pay_103099,m_1001,cust_1130,2026-07-03 12:00:00,UPI,Razorpay,1189.78,Failed
pay_103031,m_1004,cust_1131,2026-07-03 13:00:00,UPI,Axis Wallet,4362.39,Success
pay_100215,m_1000,cust_1132,2026-07-03 14:00:00,Card,Razorpay,1391.26,Success
pay_100778,m_1002,cust_1133,2026-07-03 20:00:00,Card,HDFC Gateway,4877.47,Failed
pay_102576,m_1002,cust_1134,2026-07-03 20:00:00,Card,ICICI UPI,4029.4,Failed
pay_100889,m_1002,cust_1135,2026-07-03 21:00:00,UPI,Razorpay,1127.86,Success
pay_102429,m_1000,cust_1136,2026-07-03 21:00:00,Card,Razorpay,252.19,Failed
pay_102237,m_1000,cust_1137,2026-07-03 21:00:00,UPI,HDFC Gateway,570.13,Success
pay_104016,m_1002,cust_1138,2026-07-03 21:00:00,UPI,HDFC Gateway,10161.3,Failed
pay_100743,m_1000,cust_1139,2026-07-03 22:00:00,NetBanking,HDFC Gateway,4729.04,Success
pay_102657,m_1000,cust_1140,2026-07-03 23:00:00,Card,Razorpay,10026.09,Failed
pay_104331,m_1003,cust_1141,2026-07-03 23:00:00,Card,SBI Card Gateway,4189.3,Failed
pay_104086,m_1002,cust_1142,2026-07-04 02:00:00,UPI,HDFC Gateway,1787.76,Failed
pay_104774,m_1002,cust_1143,2026-07-04 02:00:00,NetBanking,Razorpay,743.75,Success
pay_103753,m_1004,cust_1144,2026-07-04 04:00:00,UPI,Razorpay,1426.55,Failed
pay_101010,m_1000,cust_1145,2026-07-04 05:00:00,Card,Razorpay,5141.2,Failed
pay_101122,m_1000,cust_1146,2026-07-04 05:00:00,Card,Razorpay,4230.14,Failed
pay_104032,m_1004,cust_1147,2026-07-04 05:00:00,UPI,SBI Card Gateway,838.33,Failed
pay_100508,m_1004,cust_1148,2026-07-04 06:00:00,UPI,Razorpay,9995.36,Success
pay_102332,m_1002,cust_1149,2026-07-04 07:00:00,Card,Razorpay,3243.46,Failed
pay_103167,m_1001,cust_1150,2026-07-04 08:00:00,UPI,SBI Card Gateway,4624.45,Failed
pay_101672,m_1001,cust_1151,2026-07-04 10:00:00,Card,Razorpay,1534.32,Failed
pay_102300,m_1001,cust_1152,2026-07-04 11:00:00,UPI,Razorpay,1116.25,Failed
pay_100291,m_1001,cust_1153,2026-07-04 13:00:00,NetBanking,Razorpay,4701.44,Failed
pay_101428,m_1001,cust_1154,2026-07-04 13:00:00,UPI,Razorpay,829.94,Failed
pay_100617,m_1004,cust_1155,2026-07-04 15:00:00,Card,Razorpay,1200.14,Failed
pay_101260,m_1004,cust_1156,2026-07-04 17:00:00,Card,Razorpay,2526.77,Failed
pay_103301,m_1001,cust_1157,2026-07-04 17:00:00,NetBanking,Razorpay,2504.47,Failed
pay_104186,m_1001,cust_1158,2026-07-04 18:00:00,UPI,Axis Wallet,2362.56,Failed
pay_100205,m_1002,cust_1159,2026-07-04 18:00:00,Card,SBI Card Gateway,1149.16,Success
pay_104123,m_1000,cust_1160,2026-07-04 18:00:00,Card,Razorpay,4368.69,Success
pay_104508,m_1004,cust_1161,2026-07-04 19:00:00,Card,Razorpay,7153.33,Success
pay_101700,m_1003,cust_1162,2026-07-04 20:00:00,UPI,Razorpay,1705.18,Failed
pay_104323,m_1003,cust_1163,2026-07-04 21:00:00,UPI,Razorpay,1097.77,Failed
pay_104740,m_1004,cust_1164,2026-07-04 22:00:00,Card,Razorpay,5457.06,Failed
pay_101620,m_1004,cust_1165,2026-07-04 22:00:00,NetBanking,SBI Card Gateway,10137.43,Success
pay_102491,m_1002,cust_1166,2026-07-04 23:00:00,UPI,SBI Card Gateway,2929.17,Success
pay_103215,m_1002,cust_1167,2026-07-04 23:00:00,UPI,ICICI UPI,2351.05,Failed
pay_104948,m_1003,cust_1168,2026-07-04 23:00:00,NetBanking,Razorpay,7427.83,Failed
pay_103199,m_1004,cust_1169,2026-07-04 23:00:00,Card,Razorpay,528.19,Failed
pay_104233,m_1000,cust_1170,2026-07-05 00:00:00,UPI,ICICI UPI,2988.21,Failed
pay_101881,m_1003,cust_1171,2026-07-05 00:00:00,NetBanking,Razorpay,13453.81,Failed
pay_101458,m_1002,cust_1172,2026-07-05 03:00:00,NetBanking,ICICI UPI,3071.18,Failed
pay_100208,m_1002,cust_1173,2026-07-05 04:00:00,UPI,Razorpay,13032.05,Failed
pay_104171,m_1004,cust_1174,2026-07-05 04:00:00,UPI,SBI Card Gateway,2741.12,Failed
pay_104377,m_1000,cust_1175,2026-07-05 04:00:00,Card,Axis Wallet,595.23,Failed
pay_104733,m_1000,cust_1176,2026-07-05 05:00:00,Card,Axis Wallet,4002.18,Success
pay_101296,m_1000,cust_1177,2026-07-05 06:00:00,Card,Razorpay,2265.6,Failed
pay_103514,m_1001,cust_1178,2026-07-05 06:00:00,UPI,Razorpay,2417.8,Success
pay_103719,m_1000,cust_1179,2026-07-05 07:00:00,UPI,Razorpay,2203.48,Failed
pay_104649,m_1001,cust_1180,2026-07-05 08:00:00,Card,Razorpay,3058.9,Success
pay_100379,m_1001,cust_1181,2026-07-05 09:00:00,UPI,ICICI UPI,324.76,Failed
pay_104858,m_1002,cust_1182,2026-07-05 10:00:00,UPI,Axis Wallet,448.38,Failed
pay_104493,m_1003,cust_1183,2026-07-05 11:00:00,NetBanking,Razorpay,1585.56,Failed
pay_104404,m_1001,cust_1184,2026-07-05 14:00:00,Wallet,HDFC Gateway,3785.47,Failed
pay_100210,m_1000,cust_1185,2026-07-05 14:00:00,UPI,SBI Card Gateway,1526.57,Failed
pay_102894,m_1004,cust_1186,2026-07-05 16:00:00,Card,Razorpay,1271.63,Failed
pay_103565,m_1002,cust_1187,2026-07-05 16:00:00,Card,HDFC Gateway,1499.64,Success
pay_104408,m_1002,cust_1188,2026-07-05 17:00:00,UPI,HDFC Gateway,4251.36,Failed
pay_101501,m_1001,cust_1189,2026-07-05 18:00:00,Card,Razorpay,3653.07,Failed
pay_104386,m_1003,cust_1190,2026-07-05 18:00:00,Card,SBI Card Gateway,510.9,Success
pay_102417,m_1000,cust_1191,2026-07-05 19:00:00,UPI,ICICI UPI,1774.28,Success
pay_101803,m_1000,cust_1192,2026-07-05 22:00:00,Card,SBI Card Gateway,1707.41,Failed
pay_101178,m_1001,cust_1193,2026-07-05 23:00:00,Wallet,Razorpay,3305.84,Success
pay_104137,m_1000,cust_1194,2026-07-06 00:00:00,Wallet,ICICI UPI,5975.8,Success
pay_104234,m_1003,cust_1195,2026-07-06 00:00:00,UPI,Axis Wallet,1373.72,Failed
pay_102420,m_1003,cust_1196,2026-07-06 01:00:00,UPI,HDFC Gateway,2166.38,Failed
pay_104406,m_1000,cust_1197,2026-07-06 01:00:00,UPI,ICICI UPI,9108.93,Success
pay_104397,m_1000,cust_1198,2026-07-06 02:00:00,UPI,Razorpay,12445.39,Success
pay_102078,m_1000,cust_1199,2026-07-06 02:00:00,UPI,ICICI UPI,2282.81,Success
pay_103973,m_1003,cust_1200,2026-07-06 04:00:00,Card,Razorpay,2839.89,Failed
pay_102187,m_1002,cust_1201,2026-07-06 05:00:00,UPI,Axis Wallet,838.22,Failed
pay_100932,m_1003,cust_1202,2026-07-06 06:00:00,Card,Razorpay,1692.26,Success
pay_103467,m_1004,cust_1203,2026-07-06 06:00:00,Card,Razorpay,300.81,Success
pay_104793,m_1003,cust_1204,2026-07-06 06:00:00,NetBanking,Razorpay,4357.91,Failed
pay_102345,m_1004,cust_1205,2026-07-06 06:00:00,Card,Razorpay,2246.28,Failed
pay_102607,m_1001,cust_1206,2026-07-06 06:00:00,Wallet,Razorpay,834.34,Failed
pay_104426,m_1002,cust_1207,2026-07-06 07:00:00,UPI,ICICI UPI,1920.99,Failed
pay_104343,m_1004,cust_1208,2026-07-06 07:00:00,UPI,ICICI UPI,1931.34,Failed
pay_104357,m_1002,cust_1209,2026-07-06 09:00:00,Wallet,Razorpay,3166.99,Failed
pay_100345,m_1004,cust_1210,2026-07-06 13:00:00,NetBanking,Axis Wallet,8191.19,Success
pay_103318,m_1001,cust_1211,2026-07-06 13:00:00,NetBanking,Razorpay,27641.51,Success
pay_101424,m_1003,cust_1212,2026-07-06 14:00:00,UPI,SBI Card Gateway,329.08,Failed
pay_103792,m_1001,cust_1213,2026-07-06 16:00:00,UPI,HDFC Gateway,4214.08,Failed
pay_102125,m_1004,cust_1214,2026-07-06 16:00:00,NetBanking,Axis Wallet,1240.84,Success
pay_101306,m_1002,cust_1215,2026-07-06 18:00:00,UPI,HDFC Gateway,1405.0,Success
pay_103305,m_1002,cust_1216,2026-07-06 18:00:00,UPI,SBI Card Gateway,1336.47,Failed
pay_104487,m_1003,cust_1217,2026-07-06 19:00:00,NetBanking,SBI Card Gateway,7565.89,Failed
pay_100918,m_1001,cust_1218,2026-07-06 19:00:00,NetBanking,Razorpay,1521.58,Failed
pay_101561,m_1002,cust_1219,2026-07-06 20:00:00,Card,Razorpay,13321.0,Failed
pay_101659,m_1002,cust_1220,2026-07-06 23:00:00,Wallet,Razorpay,2976.15,Success
pay_100695,m_1001,cust_1221,2026-07-07 00:00:00,UPI,SBI Card Gateway,5720.34,Failed
pay_101851,m_1002,cust_1222,2026-07-07 00:00:00,UPI,HDFC Gateway,6316.73,Success
pay_104451,m_1004,cust_1223,2026-07-07 00:00:00,Wallet,Razorpay,476.41,Failed
pay_103221,m_1004,cust_1224,2026-07-07 01:00:00,Card,ICICI UPI,4507.41,Success
pay_101941,m_1002,cust_1225,2026-07-07 01:00:00,Card,HDFC Gateway,1281.14,Failed
pay_103390,m_1001,cust_1226,2026-07-07 02:00:00,NetBanking,Razorpay,29157.32,Failed
pay_101817,m_1004,cust_1227,2026-07-07 04:00:00,UPI,Razorpay,1743.8,Success
pay_102398,m_1001,cust_1228,2026-07-07 06:00:00,UPI,ICICI UPI,3595.73,Failed
pay_104006,m_1001,cust_1229,2026-07-07 08:00:00,NetBanking,Axis Wallet,3381.18,Success
pay_104747,m_1001,cust_1230,2026-07-07 11:00:00,Card,Razorpay,3811.66,Failed
pay_100482,m_1003,cust_1231,2026-07-07 12:00:00,NetBanking,HDFC Gateway,1278.4,Success
pay_101412,m_1003,cust_1232,2026-07-07 12:00:00,NetBanking,SBI Card Gateway,2450.55,Failed
pay_103717,m_1003,cust_1233,2026-07-07 13:00:00,UPI,Razorpay,3199.23,Failed
pay_100616,m_1001,cust_1234,2026-07-07 15:00:00,UPI,Axis Wallet,1085.98,Success
pay_103702,m_1002,cust_1235,2026-07-07 15:00:00,UPI,Axis Wallet,395.92,Failed
pay_103430,m_1003,cust_1236,2026-07-07 17:00:00,Wallet,HDFC Gateway,7211.51,Failed
pay_102236,m_1004,cust_1237,2026-07-07 17:00:00,Card,SBI Card Gateway,3786.79,Success
pay_100567,m_1001,cust_1238,2026-07-07 17:00:00,NetBanking,HDFC Gateway,6263.1,Failed
pay_103594,m_1003,cust_1239,2026-07-07 20:00:00,NetBanking,Razorpay,1263.97,Failed
pay_101562,m_1000,cust_1240,2026-07-07 21:00:00,Card,Razorpay,1816.46,Failed
pay_101903,m_1000,cust_1241,2026-07-07 21:00:00,UPI,ICICI UPI,6258.36,Success
pay_104047,m_1002,cust_1242,2026-07-07 22:00:00,Wallet,Razorpay,206.63,Failed
pay_103332,m_1004,cust_1243,2026-07-07 22:00:00,Card,Razorpay,1079.99,Success
pay_103060,m_1001,cust_1244,2026-07-07 22:00:00,UPI,SBI Card Gateway,3281.33,Failed
pay_100924,m_1001,cust_1245,2026-07-07 22:00:00,UPI,HDFC Gateway,14290.32,Failed
pay_100507,m_1004,cust_1246,2026-07-08 00:00:00,UPI,SBI Card Gateway,4168.62,Failed
pay_103862,m_1003,cust_1247,2026-07-08 01:00:00,Card,Axis Wallet,6915.55,Failed
pay_104811,m_1003,cust_1248,2026-07-08 02:00:00,UPI,Axis Wallet,958.29,Success
pay_104078,m_1001,cust_1249,2026-07-08 03:00:00,Card,Razorpay,774.19,Failed
pay_101514,m_1003,cust_1000,2026-07-08 04:00:00,UPI,Razorpay,2683.34,Failed
pay_103385,m_1002,cust_1001,2026-07-08 05:00:00,Card,Razorpay,33708.45,Success
pay_102099,m_1003,cust_1002,2026-07-08 05:00:00,Card,Axis Wallet,6863.87,Failed
pay_103569,m_1002,cust_1003,2026-07-08 06:00:00,NetBanking,Razorpay,1507.62,Failed
pay_100988,m_1002,cust_1004,2026-07-08 07:00:00,UPI,Razorpay,2420.2,Failed
pay_101453,m_1003,cust_1005,2026-07-08 07:00:00,UPI,Razorpay,1399.66,Failed
pay_103277,m_1001,cust_1006,2026-07-08 08:00:00,Wallet,SBI Card Gateway,1495.66,Failed
pay_100830,m_1003,cust_1007,2026-07-08 08:00:00,NetBanking,ICICI UPI,1362.37,Failed
pay_101012,m_1002,cust_1008,2026-07-08 08:00:00,Card,SBI Card Gateway,2934.5,Failed
pay_103481,m_1001,cust_1009,2026-07-08 09:00:00,UPI,Razorpay,841.51,Success
pay_103877,m_1002,cust_1010,2026-07-08 10:00:00,UPI,Razorpay,2925.85,Failed
pay_100118,m_1001,cust_1011,2026-07-08 10:00:00,Card,Razorpay,3948.14,Failed
pay_102750,m_1004,cust_1012,2026-07-08 11:00:00,Wallet,Razorpay,1311.38,Success
pay_101891,m_1000,cust_1013,2026-07-08 11:00:00,UPI,Razorpay,1080.55,Failed
pay_101810,m_1004,cust_1014,2026-07-08 13:00:00,Wallet,Axis Wallet,1201.07,Success
pay_100856,m_1001,cust_1015,2026-07-08 13:00:00,Card,SBI Card Gateway,803.56,Success
pay_101905,m_1000,cust_1016,2026-07-08 13:00:00,Card,Razorpay,1076.03,Failed
pay_102686,m_1004,cust_1017,2026-07-08 14:00:00,Card,Razorpay,1464.24,Failed
pay_104498,m_1003,cust_1018,2026-07-08 14:00:00,Card,Razorpay,1367.38,Success
pay_102486,m_1003,cust_1019,2026-07-08 15:00:00,UPI,HDFC Gateway,2029.94,Success
pay_102161,m_1002,cust_1020,2026-07-08 16:00:00,Card,HDFC Gateway,5115.01,Failed
pay_101106,m_1003,cust_1021,2026-07-08 16:00:00,NetBanking,Razorpay,774.3,Failed
pay_101708,m_1002,cust_1022,2026-07-08 17:00:00,Card,SBI Card Gateway,2685.81,Success
pay_100314,m_1004,cust_1023,2026-07-08 17:00:00,Card,Razorpay,1646.1,Success
pay_102252,m_1004,cust_1024,2026-07-08 18:00:00,NetBanking,Axis Wallet,4710.14,Failed
pay_101785,m_1002,cust_1025,2026-07-08 18:00:00,UPI,HDFC Gateway,3841.7,Failed
pay_101123,m_1001,cust_1026,2026-07-08 18:00:00,UPI,Razorpay,1666.76,Failed
pay_103274,m_1004,cust_1027,2026-07-08 20:00:00,Card,Razorpay,2312.97,Failed
pay_101505,m_1003,cust_1028,2026-07-08 23:00:00,UPI,ICICI UPI,814.15,Success
pay_101250,m_1000,cust_1029,2026-07-09 01:00:00,Card,Razorpay,2597.32,Failed
pay_103967,m_1003,cust_1030,2026-07-09 02:00:00,Card,HDFC Gateway,1879.35,Failed
pay_101541,m_1002,cust_1031,2026-07-09 03:00:00,UPI,Razorpay,490.75,Success
pay_103744,m_1000,cust_1032,2026-07-09 03:00:00,Card,Razorpay,2176.87,Failed
pay_101401,m_1000,cust_1033,2026-07-09 04:00:00,Card,Razorpay,1454.9,Failed
pay_100831,m_1004,cust_1034,2026-07-09 06:00:00,UPI,Razorpay,5376.4,Success
pay_103083,m_1000,cust_1035,2026-07-09 06:00:00,Card,SBI Card Gateway,2673.01,Failed
pay_100383,m_1002,cust_1036,2026-07-09 06:00:00,NetBanking,ICICI UPI,18344.17,Failed
pay_103093,m_1001,cust_1037,2026-07-09 06:00:00,NetBanking,Razorpay,1961.73,Failed
pay_102666,m_1002,cust_1038,2026-07-09 07:00:00,UPI,Razorpay,5058.63,Failed
pay_102966,m_1004,cust_1039,2026-07-09 07:00:00,Card,Axis Wallet,2182.4,Failed
pay_104239,m_1003,cust_1040,2026-07-09 09:00:00,UPI,HDFC Gateway,9188.34,Failed
pay_102181,m_1002,cust_1041,2026-07-09 09:00:00,NetBanking,Razorpay,1289.18,Failed
pay_104606,m_1000,cust_1042,2026-07-09 09:00:00,UPI,Axis Wallet,1880.03,Failed
pay_103072,m_1002,cust_1043,2026-07-09 09:00:00,Card,Razorpay,3144.63,Success
pay_100592,m_1000,cust_1044,2026-07-09 10:00:00,Card,HDFC Gateway,1233.21,Failed
pay_100096,m_1001,cust_1045,2026-07-09 12:00:00,UPI,SBI Card Gateway,1926.3,Success
pay_102640,m_1000,cust_1046,2026-07-09 12:00:00,Card,SBI Card Gateway,10754.33,Failed
pay_101046,m_1000,cust_1047,2026-07-09 12:00:00,NetBanking,Razorpay,746.15,Success
pay_100188,m_1001,cust_1048,2026-07-09 15:00:00,UPI,Razorpay,5149.66,Failed
pay_104199,m_1002,cust_1049,2026-07-09 16:00:00,Card,Razorpay,451.36,Success
pay_100853,m_1000,cust_1050,2026-07-09 16:00:00,Card,Razorpay,2191.97,Success
pay_103371,m_1004,cust_1051,2026-07-09 17:00:00,Card,Razorpay,27625.47,Failed
pay_101264,m_1000,cust_1052,2026-07-09 17:00:00,UPI,Axis Wallet,2180.08,Failed
pay_103292,m_1002,cust_1053,2026-07-09 18:00:00,Card,Axis Wallet,5746.75,Success
pay_104763,m_1000,cust_1054,2026-07-09 20:00:00,UPI,ICICI UPI,3917.52,Success
pay_101307,m_1004,cust_1055,2026-07-09 20:00:00,NetBanking,Razorpay,1802.8,Failed
pay_103627,m_1002,cust_1056,2026-07-09 22:00:00,UPI,Razorpay,1548.43,Failed
pay_104833,m_1002,cust_1057,2026-07-10 00:00:00,UPI,Razorpay,956.59,Failed
pay_100565,m_1002,cust_1058,2026-07-10 00:00:00,Card,ICICI UPI,2548.69,Failed
pay_100509,m_1002,cust_1059,2026-07-10 00:00:00,NetBanking,Razorpay,4403.73,Success
pay_103254,m_1001,cust_1060,2026-07-10 00:00:00,Card,ICICI UPI,3804.52,Failed
pay_102881,m_1000,cust_1061,2026-07-10 01:00:00,Card,Razorpay,4665.94,Failed
pay_100326,m_1003,cust_1062,2026-07-10 01:00:00,UPI,Razorpay,869.28,Success
pay_101608,m_1003,cust_1063,2026-07-10 02:00:00,UPI,Razorpay,789.1,Failed
pay_103109,m_1004,cust_1064,2026-07-10 03:00:00,UPI,ICICI UPI,3274.24,Success
pay_100718,m_1000,cust_1065,2026-07-10 04:00:00,UPI,Razorpay,1923.8,Failed
pay_100636,m_1001,cust_1066,2026-07-10 05:00:00,Wallet,SBI Card Gateway,3297.43,Failed
pay_102292,m_1003,cust_1067,2026-07-10 06:00:00,UPI,Axis Wallet,1829.52,Failed
pay_103209,m_1003,cust_1068,2026-07-10 06:00:00,Wallet,Razorpay,2964.14,Failed
pay_103434,m_1004,cust_1069,2026-07-10 06:00:00,NetBanking,ICICI UPI,11463.45,Failed
pay_101385,m_1000,cust_1070,2026-07-10 07:00:00,UPI,Razorpay,1327.65,Failed
pay_104963,m_1000,cust_1071,2026-07-10 08:00:00,Wallet,Axis Wallet,1760.09,Failed
pay_102208,m_1002,cust_1072,2026-07-10 09:00:00,UPI,ICICI UPI,1058.79,Success
pay_101287,m_1001,cust_1073,2026-07-10 09:00:00,Wallet,HDFC Gateway,1578.4,Success
pay_104705,m_1001,cust_1074,2026-07-10 09:00:00,UPI,HDFC Gateway,5185.6,Success
pay_101816,m_1004,cust_1075,2026-07-10 11:00:00,Card,ICICI UPI,3152.48,Failed
pay_100147,m_1001,cust_1076,2026-07-10 12:00:00,UPI,Axis Wallet,565.1,Failed
pay_101290,m_1003,cust_1077,2026-07-10 13:00:00,NetBanking,Razorpay,6616.5,Failed
pay_102174,m_1001,cust_1078,2026-07-10 15:00:00,Wallet,Razorpay,3082.49,Success
pay_101876,m_1002,cust_1079,2026-07-10 16:00:00,NetBanking,SBI Card Gateway,7293.69,Success
pay_101111,m_1002,cust_1080,2026-07-10 17:00:00,Card,HDFC Gateway,4559.15,Failed
pay_100485,m_1004,cust_1081,2026-07-10 17:00:00,Card,ICICI UPI,3248.55,Failed
pay_103910,m_1000,cust_1082,2026-07-10 18:00:00,Card,Razorpay,5581.11,Failed
pay_100625,m_1003,cust_1083,2026-07-10 18:00:00,Card,HDFC Gateway,2183.82,Success
pay_103088,m_1000,cust_1084,2026-07-10 23:00:00,NetBanking,Razorpay,2057.43,Success
pay_101655,m_1002,cust_1085,2026-07-10 23:00:00,Card,ICICI UPI,3088.4,Success
pay_103483,m_1002,cust_1086,2026-07-11 02:00:00,UPI,SBI Card Gateway,20936.69,Success
pay_101544,m_1001,cust_1087,2026-07-11 02:00:00,UPI,Axis Wallet,1822.26,Success
pay_103701,m_1003,cust_1088,2026-07-11 02:00:00,UPI,SBI Card Gateway,865.02,Failed
pay_101478,m_1003,cust_1089,2026-07-11 03:00:00,NetBanking,SBI Card Gateway,4882.81,Failed
pay_100325,m_1003,cust_1090,2026-07-11 04:00:00,UPI,Razorpay,3679.7,Failed
pay_100411,m_1002,cust_1091,2026-07-11 06:00:00,UPI,SBI Card Gateway,3969.55,Failed
pay_101502,m_1000,cust_1092,2026-07-11 09:00:00,Card,Razorpay,1632.92,Failed
pay_103810,m_1001,cust_1093,2026-07-11 10:00:00,UPI,SBI Card Gateway,2669.26,Success
pay_102935,m_1001,cust_1094,2026-07-11 11:00:00,UPI,Razorpay,2010.16,Failed
pay_101511,m_1001,cust_1095,2026-07-11 12:00:00,Wallet,Razorpay,394.1,Failed
pay_100566,m_1004,cust_1096,2026-07-11 13:00:00,UPI,SBI Card Gateway,1514.64,Success
pay_103781,m_1003,cust_1097,2026-07-11 14:00:00,Wallet,Axis Wallet,3681.5,Failed
pay_102967,m_1004,cust_1098,2026-07-11 14:00:00,UPI,HDFC Gateway,1995.39,Failed
pay_103335,m_1000,cust_1099,2026-07-11 15:00:00,UPI,Razorpay,3685.34,Failed
pay_100031,m_1002,cust_1100,2026-07-11 17:00:00,NetBanking,Razorpay,5966.29,Failed
pay_100077,m_1000,cust_1101,2026-07-11 18:00:00,UPI,SBI Card Gateway,2291.57,Failed
pay_104154,m_1000,cust_1102,2026-07-11 19:00:00,Card,Axis Wallet,740.37,Success
pay_102314,m_1003,cust_1103,2026-07-11 19:00:00,Card,HDFC Gateway,1770.85,Failed
pay_104372,m_1002,cust_1104,2026-07-11 19:00:00,Wallet,SBI Card Gateway,2961.65,Failed
pay_104208,m_1004,cust_1105,2026-07-11 21:00:00,UPI,Razorpay,1277.28,Success
pay_102913,m_1003,cust_1106,2026-07-11 22:00:00,Wallet,Axis Wallet,817.88,Failed
pay_104260,m_1004,cust_1107,2026-07-11 22:00:00,Card,HDFC Gateway,1904.47,Success
pay_104966,m_1001,cust_1108,2026-07-11 23:00:00,NetBanking,SBI Card Gateway,1711.4,Failed
pay_100975,m_1004,cust_1109,2026-07-12 00:00:00,UPI,HDFC Gateway,3196.48,Failed
pay_103196,m_1000,cust_1110,2026-07-12 00:00:00,NetBanking,Razorpay,9829.13,Failed
pay_103151,m_1000,cust_1111,2026-07-12 02:00:00,NetBanking,Razorpay,1683.15,Success
pay_103740,m_1001,cust_1112,2026-07-12 03:00:00,Card,ICICI UPI,9641.61,Failed
pay_103028,m_1001,cust_1113,2026-07-12 04:00:00,UPI,HDFC Gateway,1168.14,Failed
pay_102746,m_1000,cust_1114,2026-07-12 04:00:00,NetBanking,Axis Wallet,3146.92,Failed
pay_103313,m_1002,cust_1115,2026-07-12 04:00:00,NetBanking,Razorpay,1400.94,Failed
pay_103849,m_1003,cust_1116,2026-07-12 05:00:00,UPI,Razorpay,2467.56,Failed
pay_103713,m_1004,cust_1117,2026-07-12 07:00:00,UPI,HDFC Gateway,5259.84,Failed
pay_103180,m_1004,cust_1118,2026-07-12 09:00:00,Card,Razorpay,2804.51,Failed
pay_102240,m_1000,cust_1119,2026-07-12 09:00:00,Card,Razorpay,4427.15,Failed
pay_100362,m_1003,cust_1120,2026-07-12 09:00:00,UPI,SBI Card Gateway,2376.43,Failed
pay_103881,m_1002,cust_1121,2026-07-12 09:00:00,UPI,HDFC Gateway,2526.81,Success
pay_103470,m_1001,cust_1122,2026-07-12 10:00:00,Card,Razorpay,2226.1,Failed
pay_101838,m_1000,cust_1123,2026-07-12 14:00:00,Card,Razorpay,2349.9,Failed
pay_103621,m_1001,cust_1124,2026-07-12 14:00:00,Card,ICICI UPI,814.28,Failed
pay_103412,m_1004,cust_1125,2026-07-12 15:00:00,Card,Axis Wallet,1390.69,Success
pay_102298,m_1000,cust_1126,2026-07-12 16:00:00,UPI,Razorpay,2068.57,Failed
pay_101256,m_1001,cust_1127,2026-07-12 16:00:00,UPI,HDFC Gateway,2024.51,Failed
pay_104929,m_1000,cust_1128,2026-07-12 17:00:00,Card,Axis Wallet,1394.43,Failed
pay_103868,m_1004,cust_1129,2026-07-12 17:00:00,UPI,Razorpay,4410.24,Failed
pay_104802,m_1001,cust_1130,2026-07-12 18:00:00,UPI,HDFC Gateway,6897.84,Success
pay_102702,m_1000,cust_1131,2026-07-12 19:00:00,Card,Razorpay,2429.57,Failed
pay_102393,m_1000,cust_1132,2026-07-12 21:00:00,UPI,Razorpay,1040.31,Success
pay_103443,m_1001,cust_1133,2026-07-12 23:00:00,NetBanking,HDFC Gateway,794.32,Failed
pay_103951,m_1004,cust_1134,2026-07-13 02:00:00,NetBanking,Razorpay,6454.82,Success
pay_101354,m_1001,cust_1135,2026-07-13 02:00:00,Card,SBI Card Gateway,2571.36,Success
pay_100902,m_1003,cust_1136,2026-07-13 04:00:00,Card,ICICI UPI,5289.38,Failed
pay_102357,m_1003,cust_1137,2026-07-13 04:00:00,UPI,HDFC Gateway,1884.57,Failed
pay_102193,m_1003,cust_1138,2026-07-13 05:00:00,UPI,Razorpay,1759.1,Failed
pay_102873,m_1001,cust_1139,2026-07-13 06:00:00,NetBanking,HDFC Gateway,2653.31,Failed
pay_100963,m_1004,cust_1140,2026-07-13 10:00:00,Card,Axis Wallet,1288.21,Success
pay_103669,m_1003,cust_1141,2026-07-13 13:00:00,Card,HDFC Gateway,1315.78,Failed
pay_102552,m_1002,cust_1142,2026-07-13 14:00:00,Card,Razorpay,1240.87,Success
pay_103585,m_1003,cust_1143,2026-07-13 15:00:00,Wallet,Razorpay,4342.32,Success
pay_104555,m_1003,cust_1144,2026-07-13 16:00:00,Card,Razorpay,1329.81,Failed
pay_101581,m_1003,cust_1145,2026-07-13 16:00:00,NetBanking,ICICI UPI,4111.87,Success
pay_103475,m_1003,cust_1146,2026-07-13 18:00:00,Card,Razorpay,8419.2,Failed
pay_101394,m_1003,cust_1147,2026-07-13 19:00:00,NetBanking,Razorpay,2393.98,Failed
pay_102838,m_1004,cust_1148,2026-07-13 19:00:00,Card,Razorpay,2005.92,Success
pay_103178,m_1003,cust_1149,2026-07-13 20:00:00,UPI,ICICI UPI,1959.56,Failed
pay_103682,m_1004,cust_1150,2026-07-13 20:00:00,UPI,Razorpay,911.38,Failed
pay_103017,m_1003,cust_1151,2026-07-13 20:00:00,Card,Razorpay,970.95,Failed
pay_102461,m_1001,cust_1152,2026-07-13 21:00:00,UPI,Razorpay,3769.51,Failed
pay_103959,m_1003,cust_1153,2026-07-13 21:00:00,UPI,Razorpay,11275.32,Failed
pay_102664,m_1002,cust_1154,2026-07-13 22:00:00,UPI,Razorpay,2252.29,Success
pay_100141,m_1003,cust_1155,2026-07-13 23:00:00,NetBanking,Axis Wallet,1059.83,Failed
pay_104586,m_1004,cust_1156,2026-07-13 23:00:00,Card,Razorpay,1554.53,Failed
pay_102601,m_1000,cust_1157,2026-07-14 00:00:00,Wallet,Razorpay,1166.84,Success
pay_102733,m_1000,cust_1158,2026-07-14 01:00:00,NetBanking,Razorpay,9543.56,Failed
pay_102469,m_1003,cust_1159,2026-07-14 02:00:00,UPI,Razorpay,2078.07,Success
pay_104187,m_1003,cust_1160,2026-07-14 03:00:00,Card,ICICI UPI,1642.86,Success
pay_103231,m_1004,cust_1161,2026-07-14 06:00:00,Card,Razorpay,3819.27,Failed
pay_102443,m_1002,cust_1162,2026-07-14 09:00:00,UPI,SBI Card Gateway,3103.41,Failed
pay_101709,m_1002,cust_1163,2026-07-14 10:00:00,Card,HDFC Gateway,371.3,Success
pay_104754,m_1003,cust_1164,2026-07-14 11:00:00,Wallet,Razorpay,2611.56,Success
pay_101987,m_1004,cust_1165,2026-07-14 11:00:00,UPI,Razorpay,1125.24,Failed
pay_103525,m_1003,cust_1166,2026-07-14 12:00:00,UPI,Razorpay,10921.52,Failed
pay_104995,m_1000,cust_1167,2026-07-14 12:00:00,NetBanking,ICICI UPI,2505.09,Success
pay_103296,m_1000,cust_1168,2026-07-14 12:00:00,Card,Razorpay,1856.01,Failed
pay_103327,m_1002,cust_1169,2026-07-14 15:00:00,UPI,HDFC Gateway,7088.08,Failed
pay_104604,m_1000,cust_1170,2026-07-14 15:00:00,NetBanking,Razorpay,1566.05,Failed
pay_101988,m_1004,cust_1171,2026-07-14 17:00:00,Wallet,HDFC Gateway,555.17,Failed
pay_104672,m_1002,cust_1172,2026-07-14 17:00:00,Card,Axis Wallet,15285.01,Success
pay_101744,m_1001,cust_1173,2026-07-14 18:00:00,Card,Razorpay,1991.27,Failed
pay_102522,m_1000,cust_1174,2026-07-14 19:00:00,Wallet,HDFC Gateway,4781.13,Success
pay_104026,m_1000,cust_1175,2026-07-14 19:00:00,Card,Razorpay,796.75,Failed
pay_102276,m_1000,cust_1176,2026-07-14 19:00:00,Wallet,Axis Wallet,4548.73,Failed
pay_101071,m_1004,cust_1177,2026-07-14 23:00:00,UPI,Razorpay,2711.39,Failed
pay_103240,m_1003,cust_1178,2026-07-15 00:00:00,UPI,Razorpay,561.57,Failed
pay_104653,m_1004,cust_1179,2026-07-15 00:00:00,Card,Axis Wallet,7218.8,Failed
pay_102359,m_1003,cust_1180,2026-07-15 02:00:00,Wallet,ICICI UPI,6604.43,Failed
pay_100734,m_1004,cust_1181,2026-07-15 03:00:00,UPI,ICICI UPI,2061.88,Failed
pay_103241,m_1003,cust_1182,2026-07-15 04:00:00,UPI,Razorpay,1776.34,Failed
pay_101939,m_1001,cust_1183,2026-07-15 05:00:00,Card,Razorpay,4617.27,Success
pay_104118,m_1002,cust_1184,2026-07-15 06:00:00,Card,SBI Card Gateway,1181.24,Failed
pay_103432,m_1004,cust_1185,2026-07-15 06:00:00,UPI,HDFC Gateway,7650.67,Failed
pay_102473,m_1002,cust_1186,2026-07-15 08:00:00,UPI,HDFC Gateway,3700.99,Success
pay_101473,m_1004,cust_1187,2026-07-15 08:00:00,UPI,Axis Wallet,10499.51,Failed
pay_101871,m_1003,cust_1188,2026-07-15 09:00:00,Card,SBI Card Gateway,782.35,Failed
pay_103582,m_1000,cust_1189,2026-07-15 10:00:00,Card,Razorpay,5413.58,Success
pay_103078,m_1001,cust_1190,2026-07-15 12:00:00,Card,Razorpay,2737.92,Success
pay_102869,m_1004,cust_1191,2026-07-15 13:00:00,UPI,ICICI UPI,3133.94,Failed
pay_102495,m_1004,cust_1192,2026-07-15 15:00:00,Wallet,Razorpay,5269.3,Success
pay_104058,m_1000,cust_1193,2026-07-15 16:00:00,UPI,Razorpay,5596.54,Failed
pay_102764,m_1004,cust_1194,2026-07-15 19:00:00,Card,Razorpay,1688.57,Failed
pay_104569,m_1002,cust_1195,2026-07-15 20:00:00,Wallet,ICICI UPI,1863.39,Failed
pay_101739,m_1000,cust_1196,2026-07-15 20:00:00,Card,ICICI UPI,166.38,Success
pay_103735,m_1004,cust_1197,2026-07-15 22:00:00,NetBanking,Razorpay,2114.43,Failed
pay_104810,m_1000,cust_1198,2026-07-15 23:00:00,Wallet,Razorpay,2414.79,Failed
pay_102772,m_1003,cust_1199,2026-07-16 00:00:00,Card,SBI Card Gateway,2411.96,Failed
pay_102642,m_1000,cust_1200,2026-07-16 01:00:00,UPI,HDFC Gateway,3366.5,Success
pay_103831,m_1002,cust_1201,2026-07-16 02:00:00,UPI,ICICI UPI,3989.71,Failed
pay_100338,m_1003,cust_1202,2026-07-16 03:00:00,UPI,ICICI UPI,1182.92,Failed
pay_100652,m_1004,cust_1203,2026-07-16 04:00:00,NetBanking,ICICI UPI,2416.33,Failed
pay_104885,m_1003,cust_1204,2026-07-16 04:00:00,Card,Razorpay,1719.31,Success
pay_100223,m_1003,cust_1205,2026-07-16 04:00:00,Card,HDFC Gateway,1905.14,Success
pay_100663,m_1003,cust_1206,2026-07-16 04:00:00,NetBanking,SBI Card Gateway,7253.58,Failed
pay_102115,m_1003,cust_1207,2026-07-16 04:00:00,UPI,ICICI UPI,2366.03,Failed
pay_104261,m_1003,cust_1208,2026-07-16 05:00:00,Card,HDFC Gateway,1505.65,Failed
pay_101795,m_1003,cust_1209,2026-07-16 05:00:00,Card,HDFC Gateway,45589.82,Success
pay_101363,m_1003,cust_1210,2026-07-16 06:00:00,UPI,Razorpay,11527.29,Failed
pay_102899,m_1000,cust_1211,2026-07-16 06:00:00,UPI,Razorpay,2613.05,Failed
pay_100871,m_1001,cust_1212,2026-07-16 07:00:00,UPI,Axis Wallet,296.93,Success
pay_100008,m_1004,cust_1213,2026-07-16 08:00:00,UPI,Razorpay,15479.58,Success
pay_103503,m_1001,cust_1214,2026-07-16 08:00:00,UPI,Razorpay,10750.94,Failed
pay_102348,m_1001,cust_1215,2026-07-16 08:00:00,Wallet,Razorpay,5110.08,Success
pay_103893,m_1002,cust_1216,2026-07-16 09:00:00,Card,Razorpay,1596.71,Failed
pay_101084,m_1002,cust_1217,2026-07-16 12:00:00,UPI,SBI Card Gateway,1083.81,Failed
pay_103287,m_1003,cust_1218,2026-07-16 12:00:00,Wallet,ICICI UPI,4519.98,Success
pay_104163,m_1000,cust_1219,2026-07-16 14:00:00,Card,Razorpay,1902.38,Failed
pay_100425,m_1002,cust_1220,2026-07-16 15:00:00,Card,Razorpay,1113.97,Failed
pay_102814,m_1000,cust_1221,2026-07-16 15:00:00,UPI,ICICI UPI,9311.45,Success
pay_104577,m_1001,cust_1222,2026-07-16 15:00:00,UPI,HDFC Gateway,1323.01,Failed
pay_103964,m_1004,cust_1223,2026-07-16 15:00:00,NetBanking,Razorpay,14850.36,Failed
pay_100101,m_1004,cust_1224,2026-07-16 15:00:00,NetBanking,Razorpay,494.22,Failed
pay_101703,m_1004,cust_1225,2026-07-16 16:00:00,Card,SBI Card Gateway,5305.38,Failed
pay_104158,m_1003,cust_1226,2026-07-16 16:00:00,Card,Razorpay,6230.03,Failed
pay_102510,m_1004,cust_1227,2026-07-16 18:00:00,UPI,ICICI UPI,2447.46,Failed
pay_102744,m_1001,cust_1228,2026-07-16 20:00:00,NetBanking,Razorpay,716.61,Failed
pay_103023,m_1003,cust_1229,2026-07-16 21:00:00,UPI,SBI Card Gateway,1960.91,Failed
pay_100837,m_1004,cust_1230,2026-07-16 22:00:00,Card,ICICI UPI,1458.53,Failed
pay_101786,m_1000,cust_1231,2026-07-16 22:00:00,Card,Razorpay,4620.29,Failed
pay_102812,m_1004,cust_1232,2026-07-16 23:00:00,UPI,Razorpay,2478.62,Failed
pay_104655,m_1002,cust_1233,2026-07-16 23:00:00,UPI,SBI Card Gateway,6221.55,Success
pay_104843,m_1002,cust_1234,2026-07-16 23:00:00,Card,HDFC Gateway,6888.98,Failed
pay_102093,m_1003,cust_1235,2026-07-17 00:00:00,UPI,Razorpay,20979.25,Success
pay_103039,m_1004,cust_1236,2026-07-17 01:00:00,Wallet,HDFC Gateway,13498.87,Failed
pay_104790,m_1004,cust_1237,2026-07-17 03:00:00,NetBanking,Razorpay,1371.21,Success
pay_104826,m_1001,cust_1238,2026-07-17 04:00:00,NetBanking,Axis Wallet,1062.3,Failed
pay_104491,m_1003,cust_1239,2026-07-17 04:00:00,Card,ICICI UPI,400.5,Failed
pay_103152,m_1001,cust_1240,2026-07-17 04:00:00,UPI,Razorpay,3239.0,Failed
pay_100992,m_1001,cust_1241,2026-07-17 04:00:00,Card,Razorpay,621.42,Success
pay_101769,m_1000,cust_1242,2026-07-17 05:00:00,UPI,Razorpay,2675.54,Failed
pay_100397,m_1000,cust_1243,2026-07-17 06:00:00,UPI,Razorpay,880.88,Failed
pay_103836,m_1003,cust_1244,2026-07-17 06:00:00,NetBanking,Razorpay,2272.86,Failed
pay_103908,m_1000,cust_1245,2026-07-17 07:00:00,Card,Razorpay,353.68,Failed
pay_102465,m_1001,cust_1246,2026-07-17 10:00:00,NetBanking,HDFC Gateway,3121.22,Failed
pay_103257,m_1001,cust_1247,2026-07-17 10:00:00,Card,HDFC Gateway,2062.86,Success
pay_103181,m_1003,cust_1248,2026-07-17 11:00:00,Wallet,Razorpay,2193.36,Failed
pay_103692,m_1000,cust_1249,2026-07-17 11:00:00,UPI,SBI Card Gateway,2414.28,Failed
pay_102889,m_1003,cust_1000,2026-07-17 12:00:00,Card,Razorpay,9512.37,Failed
pay_100542,m_1001,cust_1001,2026-07-17 13:00:00,UPI,Razorpay,2582.04,Success
pay_102850,m_1003,cust_1002,2026-07-17 13:00:00,Card,Razorpay,999.8,Failed
pay_100051,m_1001,cust_1003,2026-07-17 14:00:00,UPI,ICICI UPI,2685.38,Failed
pay_101114,m_1001,cust_1004,2026-07-17 15:00:00,Card,Razorpay,5938.82,Failed
pay_104580,m_1003,cust_1005,2026-07-17 16:00:00,NetBanking,Razorpay,2580.39,Success
pay_102860,m_1004,cust_1006,2026-07-17 18:00:00,Card,ICICI UPI,1364.41,Failed
pay_102992,m_1000,cust_1007,2026-07-17 20:00:00,UPI,SBI Card Gateway,2342.45,Failed
pay_102553,m_1002,cust_1008,2026-07-17 20:00:00,Card,Razorpay,2993.04,Success
pay_100887,m_1002,cust_1009,2026-07-17 21:00:00,NetBanking,Razorpay,639.34,Failed
pay_104247,m_1003,cust_1010,2026-07-17 21:00:00,Card,HDFC Gateway,1340.58,Success
pay_104955,m_1004,cust_1011,2026-07-17 21:00:00,UPI,Axis Wallet,2684.75,Failed
pay_101112,m_1000,cust_1012,2026-07-17 23:00:00,UPI,ICICI UPI,2835.51,Failed
pay_102219,m_1000,cust_1013,2026-07-17 23:00:00,Card,Razorpay,5907.47,Failed
pay_104984,m_1003,cust_1014,2026-07-17 23:00:00,NetBanking,SBI Card Gateway,5007.19,Success
pay_100522,m_1003,cust_1015,2026-07-18 00:00:00,UPI,Razorpay,3950.32,Failed
pay_102391,m_1002,cust_1016,2026-07-18 00:00:00,Card,Razorpay,1695.89,Success
pay_103294,m_1001,cust_1017,2026-07-18 00:00:00,UPI,Axis Wallet,586.57,Failed
pay_103193,m_1002,cust_1018,2026-07-18 01:00:00,UPI,Razorpay,2102.74,Failed
pay_101177,m_1002,cust_1019,2026-07-18 03:00:00,Card,SBI Card Gateway,3003.26,Failed
pay_103912,m_1002,cust_1020,2026-07-18 04:00:00,NetBanking,Axis Wallet,1016.37,Failed
pay_101522,m_1000,cust_1021,2026-07-18 04:00:00,NetBanking,ICICI UPI,3430.55,Success
pay_104874,m_1000,cust_1022,2026-07-18 07:00:00,Card,Razorpay,4116.16,Failed
pay_104870,m_1000,cust_1023,2026-07-18 08:00:00,Card,Razorpay,4985.59,Failed
pay_104102,m_1001,cust_1024,2026-07-18 09:00:00,Wallet,HDFC Gateway,879.71,Failed
pay_104447,m_1001,cust_1025,2026-07-18 10:00:00,Card,Razorpay,5085.24,Failed
pay_104008,m_1004,cust_1026,2026-07-18 11:00:00,Wallet,Razorpay,526.38,Failed
pay_101650,m_1003,cust_1027,2026-07-18 11:00:00,Card,Razorpay,4884.03,Failed
pay_100071,m_1004,cust_1028,2026-07-18 12:00:00,Wallet,ICICI UPI,2075.56,Success
pay_104795,m_1003,cust_1029,2026-07-18 12:00:00,Card,Razorpay,7662.74,Failed
pay_102809,m_1004,cust_1030,2026-07-18 12:00:00,UPI,ICICI UPI,4001.24,Success
pay_102070,m_1003,cust_1031,2026-07-18 12:00:00,Card,Axis Wallet,371.42,Failed
pay_104904,m_1001,cust_1032,2026-07-18 13:00:00,UPI,HDFC Gateway,940.83,Failed
pay_103044,m_1003,cust_1033,2026-07-18 14:00:00,Wallet,ICICI UPI,2079.69,Failed
pay_103255,m_1003,cust_1034,2026-07-18 15:00:00,UPI,Razorpay,4011.52,Failed
pay_103775,m_1004,cust_1035,2026-07-18 15:00:00,UPI,Razorpay,7721.59,Success
pay_103393,m_1002,cust_1036,2026-07-18 16:00:00,UPI,Axis Wallet,6065.81,Failed
pay_102737,m_1002,cust_1037,2026-07-18 16:00:00,Wallet,SBI Card Gateway,5336.2,Failed
pay_101533,m_1004,cust_1038,2026-07-18 17:00:00,Card,ICICI UPI,5643.07,Failed
pay_100252,m_1000,cust_1039,2026-07-18 17:00:00,Wallet,ICICI UPI,1389.77,Failed
pay_104563,m_1002,cust_1040,2026-07-18 18:00:00,NetBanking,Razorpay,9466.18,Success
pay_104490,m_1000,cust_1041,2026-07-18 18:00:00,NetBanking,Razorpay,1010.47,Failed
pay_102943,m_1001,cust_1042,2026-07-18 19:00:00,NetBanking,Razorpay,1054.72,Failed
pay_101325,m_1001,cust_1043,2026-07-18 20:00:00,UPI,Razorpay,1286.48,Failed
pay_102673,m_1003,cust_1044,2026-07-18 20:00:00,Card,Razorpay,910.64,Failed
pay_103358,m_1001,cust_1045,2026-07-18 21:00:00,Card,Razorpay,1810.29,Success
pay_103528,m_1001,cust_1046,2026-07-18 21:00:00,Card,HDFC Gateway,922.69,Failed
pay_104018,m_1000,cust_1047,2026-07-18 22:00:00,UPI,Razorpay,1803.96,Failed
pay_101959,m_1004,cust_1048,2026-07-18 22:00:00,UPI,Razorpay,2033.32,Failed
pay_104982,m_1002,cust_1049,2026-07-18 22:00:00,Wallet,SBI Card Gateway,5745.8,Failed
pay_101344,m_1001,cust_1050,2026-07-19 00:00:00,Card,HDFC Gateway,1182.56,Success
pay_104155,m_1003,cust_1051,2026-07-19 01:00:00,NetBanking,ICICI UPI,1062.0,Success
pay_104407,m_1001,cust_1052,2026-07-19 03:00:00,Card,Razorpay,4041.87,Failed
pay_101797,m_1004,cust_1053,2026-07-19 04:00:00,UPI,Razorpay,3537.4,Failed
pay_102740,m_1003,cust_1054,2026-07-19 04:00:00,NetBanking,Razorpay,911.0,Failed
pay_102928,m_1003,cust_1055,2026-07-19 05:00:00,UPI,HDFC Gateway,1242.65,Success
pay_103289,m_1000,cust_1056,2026-07-19 06:00:00,Wallet,ICICI UPI,668.63,Failed
pay_101662,m_1000,cust_1057,2026-07-19 06:00:00,UPI,Razorpay,4182.68,Failed
pay_101890,m_1003,cust_1058,2026-07-19 06:00:00,Card,Razorpay,5770.2,Failed
pay_101431,m_1000,cust_1059,2026-07-19 07:00:00,UPI,Razorpay,4458.88,Success
pay_104330,m_1004,cust_1060,2026-07-19 07:00:00,UPI,SBI Card Gateway,2685.38,Success
pay_102384,m_1000,cust_1061,2026-07-19 13:00:00,Card,Razorpay,146.78,Failed
pay_100911,m_1003,cust_1062,2026-07-19 14:00:00,Card,HDFC Gateway,3719.9,Success
pay_103934,m_1004,cust_1063,2026-07-19 14:00:00,NetBanking,ICICI UPI,3869.64,Failed
pay_103098,m_1003,cust_1064,2026-07-19 14:00:00,NetBanking,ICICI UPI,1072.88,Success
pay_100634,m_1001,cust_1065,2026-07-19 16:00:00,Card,SBI Card Gateway,863.5,Failed
pay_102925,m_1003,cust_1066,2026-07-19 17:00:00,UPI,Razorpay,936.27,Failed
pay_100022,m_1003,cust_1067,2026-07-19 18:00:00,UPI,SBI Card Gateway,4771.19,Failed
pay_101928,m_1001,cust_1068,2026-07-19 18:00:00,Card,Razorpay,1844.39,Failed
pay_101638,m_1003,cust_1069,2026-07-19 19:00:00,Wallet,Razorpay,2099.43,Success
pay_104928,m_1003,cust_1070,2026-07-19 19:00:00,Card,HDFC Gateway,644.07,Success
pay_100563,m_1001,cust_1071,2026-07-19 22:00:00,UPI,Axis Wallet,7237.35,Failed
pay_103086,m_1003,cust_1072,2026-07-19 22:00:00,UPI,Razorpay,2172.49,Failed
pay_102612,m_1003,cust_1073,2026-07-19 23:00:00,UPI,Razorpay,4879.44,Failed
pay_100468,m_1000,cust_1074,2026-07-19 23:00:00,Card,Razorpay,7764.8,Failed
pay_104167,m_1004,cust_1075,2026-07-19 23:00:00,NetBanking,Razorpay,15002.22,Success
pay_103667,m_1003,cust_1076,2026-07-20 01:00:00,Wallet,ICICI UPI,1127.08,Failed
pay_101105,m_1004,cust_1077,2026-07-20 01:00:00,UPI,Razorpay,894.99,Failed
pay_100348,m_1001,cust_1078,2026-07-20 02:00:00,UPI,Razorpay,1173.31,Failed
pay_104390,m_1001,cust_1079,2026-07-20 02:00:00,Card,Razorpay,10268.22,Failed
pay_104627,m_1000,cust_1080,2026-07-20 02:00:00,Card,Axis Wallet,1131.63,Failed
pay_102482,m_1003,cust_1081,2026-07-20 04:00:00,UPI,Razorpay,2735.07,Failed
pay_102380,m_1003,cust_1082,2026-07-20 07:00:00,NetBanking,Axis Wallet,1924.5,Failed
pay_101885,m_1001,cust_1083,2026-07-20 07:00:00,UPI,Razorpay,5374.26,Success
pay_100250,m_1001,cust_1084,2026-07-20 07:00:00,NetBanking,SBI Card Gateway,2979.46,Failed
pay_100391,m_1002,cust_1085,2026-07-20 08:00:00,Wallet,Razorpay,26120.91,Failed
pay_103823,m_1001,cust_1086,2026-07-20 11:00:00,NetBanking,HDFC Gateway,12740.17,Failed
pay_101701,m_1004,cust_1087,2026-07-20 12:00:00,NetBanking,Razorpay,666.19,Failed
pay_103878,m_1002,cust_1088,2026-07-20 12:00:00,NetBanking,Razorpay,479.23,Success
pay_104225,m_1003,cust_1089,2026-07-20 14:00:00,Wallet,HDFC Gateway,2355.72,Failed
pay_101882,m_1003,cust_1090,2026-07-20 14:00:00,Card,HDFC Gateway,9931.99,Failed
pay_102274,m_1003,cust_1091,2026-07-20 14:00:00,Card,Razorpay,2103.56,Failed
pay_101173,m_1004,cust_1092,2026-07-20 16:00:00,Wallet,Razorpay,5993.83,Failed
pay_101404,m_1004,cust_1093,2026-07-20 16:00:00,Card,Razorpay,3105.69,Failed
pay_102031,m_1002,cust_1094,2026-07-20 17:00:00,Card,Razorpay,5896.51,Failed
pay_104772,m_1001,cust_1095,2026-07-20 17:00:00,Card,HDFC Gateway,5755.99,Failed
pay_103791,m_1003,cust_1096,2026-07-20 18:00:00,NetBanking,Axis Wallet,4727.27,Success
pay_103786,m_1000,cust_1097,2026-07-20 19:00:00,Card,SBI Card Gateway,3151.36,Success
pay_100660,m_1000,cust_1098,2026-07-20 19:00:00,UPI,Axis Wallet,1395.08,Failed
pay_100229,m_1002,cust_1099,2026-07-20 19:00:00,UPI,ICICI UPI,2221.17,Failed
pay_103887,m_1001,cust_1100,2026-07-20 19:00:00,NetBanking,Razorpay,15118.91,Failed
pay_102146,m_1002,cust_1101,2026-07-20 20:00:00,Card,ICICI UPI,1691.49,Failed
pay_102367,m_1004,cust_1102,2026-07-20 21:00:00,UPI,Razorpay,4204.52,Failed
pay_103087,m_1003,cust_1103,2026-07-20 21:00:00,UPI,ICICI UPI,1484.41,Success
pay_102247,m_1003,cust_1104,2026-07-20 21:00:00,Card,Razorpay,1463.19,Success
pay_102477,m_1003,cust_1105,2026-07-20 22:00:00,Card,HDFC Gateway,1501.93,Failed
pay_100760,m_1000,cust_1106,2026-07-20 22:00:00,UPI,Razorpay,1155.92,Success
pay_103195,m_1001,cust_1107,2026-07-21 01:00:00,Card,Razorpay,2620.37,Success
pay_102369,m_1001,cust_1108,2026-07-21 01:00:00,UPI,Razorpay,5249.23,Failed
pay_103051,m_1002,cust_1109,2026-07-21 02:00:00,NetBanking,Razorpay,7066.17,Failed
pay_100258,m_1001,cust_1110,2026-07-21 02:00:00,UPI,Razorpay,4314.01,Success
pay_103949,m_1001,cust_1111,2026-07-21 03:00:00,Card,ICICI UPI,3982.37,Failed
pay_100543,m_1000,cust_1112,2026-07-21 04:00:00,NetBanking,HDFC Gateway,3813.17,Failed
pay_104633,m_1000,cust_1113,2026-07-21 04:00:00,NetBanking,Razorpay,3321.0,Success
pay_103096,m_1002,cust_1114,2026-07-21 04:00:00,UPI,Razorpay,817.57,Failed
pay_103760,m_1004,cust_1115,2026-07-21 05:00:00,Card,HDFC Gateway,5875.92,Failed
pay_100410,m_1003,cust_1116,2026-07-21 06:00:00,Card,Axis Wallet,2240.05,Success
pay_102930,m_1000,cust_1117,2026-07-21 06:00:00,Card,Razorpay,5729.87,Success
pay_103288,m_1002,cust_1118,2026-07-21 08:00:00,Card,Razorpay,8207.93,Failed
pay_101615,m_1003,cust_1119,2026-07-21 11:00:00,UPI,ICICI UPI,3548.5,Failed
pay_101031,m_1001,cust_1120,2026-07-21 11:00:00,UPI,ICICI UPI,1361.45,Success
pay_100907,m_1000,cust_1121,2026-07-21 11:00:00,UPI,Razorpay,21765.49,Failed
pay_103256,m_1001,cust_1122,2026-07-21 12:00:00,Card,Razorpay,1147.76,Failed
pay_102050,m_1000,cust_1123,2026-07-21 14:00:00,Card,HDFC Gateway,1396.75,Failed
pay_102804,m_1000,cust_1124,2026-07-21 15:00:00,Card,Razorpay,3746.0,Failed
pay_102102,m_1001,cust_1125,2026-07-21 15:00:00,Card,ICICI UPI,1651.21,Success
pay_102449,m_1002,cust_1126,2026-07-21 16:00:00,Card,Razorpay,2135.42,Failed
pay_100703,m_1004,cust_1127,2026-07-21 19:00:00,Card,ICICI UPI,1749.21,Failed
pay_101432,m_1003,cust_1128,2026-07-21 19:00:00,Card,ICICI UPI,1570.51,Success
pay_100261,m_1002,cust_1129,2026-07-21 22:00:00,Wallet,Axis Wallet,9485.95,Success
pay_101192,m_1002,cust_1130,2026-07-21 23:00:00,Card,Axis Wallet,2185.27,Failed
pay_104681,m_1002,cust_1131,2026-07-21 23:00:00,NetBanking,ICICI UPI,2360.94,Success
pay_102533,m_1003,cust_1132,2026-07-21 23:00:00,Card,Razorpay,1355.45,Failed
pay_104371,m_1000,cust_1133,2026-07-22 00:00:00,UPI,Axis Wallet,2703.12,Success
pay_103561,m_1004,cust_1134,2026-07-22 01:00:00,UPI,SBI Card Gateway,359.32,Failed
pay_104282,m_1000,cust_1135,2026-07-22 01:00:00,Card,SBI Card Gateway,2160.74,Success
pay_103179,m_1002,cust_1136,2026-07-22 01:00:00,Wallet,ICICI UPI,1564.41,Success
pay_103516,m_1001,cust_1137,2026-07-22 02:00:00,UPI,SBI Card Gateway,2234.73,Success
pay_103048,m_1004,cust_1138,2026-07-22 02:00:00,Wallet,HDFC Gateway,4554.72,Success
pay_100684,m_1003,cust_1139,2026-07-22 03:00:00,Card,Razorpay,9233.07,Failed
pay_103523,m_1000,cust_1140,2026-07-22 04:00:00,UPI,Razorpay,1854.12,Failed
pay_102939,m_1002,cust_1141,2026-07-22 05:00:00,UPI,ICICI UPI,2078.66,Failed
pay_102327,m_1004,cust_1142,2026-07-22 09:00:00,UPI,HDFC Gateway,1214.31,Success
pay_103558,m_1004,cust_1143,2026-07-22 09:00:00,NetBanking,Razorpay,10652.33,Failed
pay_102199,m_1002,cust_1144,2026-07-22 10:00:00,NetBanking,Axis Wallet,13165.84,Failed
pay_100702,m_1003,cust_1145,2026-07-22 10:00:00,UPI,Razorpay,436.69,Failed
pay_102296,m_1002,cust_1146,2026-07-22 11:00:00,Wallet,Razorpay,1517.3,Failed
pay_103689,m_1003,cust_1147,2026-07-22 11:00:00,UPI,Razorpay,902.16,Failed
pay_100167,m_1003,cust_1148,2026-07-22 13:00:00,NetBanking,SBI Card Gateway,9381.38,Failed
pay_100186,m_1000,cust_1149,2026-07-22 16:00:00,Card,Razorpay,2144.46,Success
pay_102595,m_1003,cust_1150,2026-07-22 17:00:00,Card,Razorpay,293.69,Success
pay_104378,m_1000,cust_1151,2026-07-22 17:00:00,Wallet,HDFC Gateway,4545.18,Success
pay_104366,m_1004,cust_1152,2026-07-22 17:00:00,NetBanking,Razorpay,4753.67,Success
pay_101077,m_1000,cust_1153,2026-07-22 18:00:00,Card,Razorpay,2423.66,Success
pay_100466,m_1003,cust_1154,2026-07-22 18:00:00,UPI,ICICI UPI,2939.78,Failed
pay_100531,m_1000,cust_1155,2026-07-22 19:00:00,UPI,Axis Wallet,3750.32,Failed
pay_101636,m_1003,cust_1156,2026-07-22 20:00:00,NetBanking,Axis Wallet,5755.67,Failed
pay_101849,m_1001,cust_1157,2026-07-22 20:00:00,UPI,Razorpay,2503.91,Failed
pay_101595,m_1001,cust_1158,2026-07-22 20:00:00,UPI,Razorpay,7347.03,Failed
pay_100040,m_1004,cust_1159,2026-07-22 21:00:00,UPI,Razorpay,2098.76,Failed
pay_100622,m_1004,cust_1160,2026-07-22 21:00:00,Wallet,Razorpay,892.23,Failed
pay_104582,m_1004,cust_1161,2026-07-22 22:00:00,Card,Razorpay,13686.09,Success
pay_100349,m_1002,cust_1162,2026-07-22 23:00:00,NetBanking,Razorpay,14133.95,Success
pay_103270,m_1002,cust_1163,2026-07-22 23:00:00,UPI,Razorpay,2487.41,Success
pay_101940,m_1001,cust_1164,2026-07-23 00:00:00,Card,ICICI UPI,2507.89,Success
pay_101075,m_1002,cust_1165,2026-07-23 03:00:00,UPI,Razorpay,11658.72,Success
pay_101935,m_1002,cust_1166,2026-07-23 04:00:00,Card,HDFC Gateway,5817.99,Failed
pay_104142,m_1000,cust_1167,2026-07-23 05:00:00,Card,Razorpay,4316.09,Success
pay_102719,m_1001,cust_1168,2026-07-23 05:00:00,UPI,Razorpay,9357.36,Failed
pay_101777,m_1002,cust_1169,2026-07-23 07:00:00,UPI,Razorpay,3693.73,Failed
pay_104219,m_1001,cust_1170,2026-07-23 07:00:00,UPI,Razorpay,1748.94,Success
pay_101555,m_1003,cust_1171,2026-07-23 07:00:00,Card,Razorpay,3994.78,Failed
pay_101486,m_1001,cust_1172,2026-07-23 08:00:00,Wallet,HDFC Gateway,1743.58,Success
pay_102094,m_1004,cust_1173,2026-07-23 09:00:00,Card,ICICI UPI,12883.23,Failed
pay_103884,m_1002,cust_1174,2026-07-23 09:00:00,Card,Razorpay,1577.66,Failed
pay_102368,m_1002,cust_1175,2026-07-23 09:00:00,Card,HDFC Gateway,215.19,Failed
pay_102432,m_1001,cust_1176,2026-07-23 09:00:00,UPI,Razorpay,5383.08,Success
pay_102932,m_1004,cust_1177,2026-07-23 10:00:00,Card,Razorpay,1823.54,Failed
pay_103321,m_1001,cust_1178,2026-07-23 11:00:00,UPI,HDFC Gateway,1567.34,Failed
pay_101907,m_1004,cust_1179,2026-07-23 14:00:00,NetBanking,ICICI UPI,6253.65,Failed
pay_103364,m_1003,cust_1180,2026-07-23 14:00:00,UPI,Razorpay,1603.15,Failed
pay_100177,m_1003,cust_1181,2026-07-23 14:00:00,Card,Razorpay,4278.98,Failed
pay_100286,m_1003,cust_1182,2026-07-23 15:00:00,NetBanking,Axis Wallet,3861.74,Success
pay_103326,m_1004,cust_1183,2026-07-23 16:00:00,Wallet,Razorpay,10950.2,Failed
pay_100082,m_1003,cust_1184,2026-07-23 16:00:00,UPI,Razorpay,3615.43,Failed
pay_104956,m_1000,cust_1185,2026-07-23 17:00:00,UPI,Razorpay,2238.59,Failed
pay_102659,m_1004,cust_1186,2026-07-23 17:00:00,UPI,Razorpay,642.83,Success
pay_104883,m_1001,cust_1187,2026-07-23 18:00:00,UPI,Razorpay,629.15,Success
pay_103162,m_1002,cust_1188,2026-07-23 18:00:00,NetBanking,Axis Wallet,3184.94,Failed
pay_101853,m_1003,cust_1189,2026-07-23 18:00:00,NetBanking,HDFC Gateway,2187.33,Failed
pay_101694,m_1003,cust_1190,2026-07-23 19:00:00,UPI,ICICI UPI,2430.95,Success
pay_103350,m_1004,cust_1191,2026-07-24 00:00:00,Card,Razorpay,1823.34,Failed
pay_100936,m_1004,cust_1192,2026-07-24 04:00:00,NetBanking,Axis Wallet,2431.31,Success
pay_102426,m_1000,cust_1193,2026-07-24 05:00:00,Card,Razorpay,2389.58,Failed
pay_100749,m_1002,cust_1194,2026-07-24 06:00:00,UPI,Razorpay,2944.48,Failed
pay_102867,m_1004,cust_1195,2026-07-24 06:00:00,Card,Razorpay,1579.94,Success
pay_101946,m_1003,cust_1196,2026-07-24 08:00:00,UPI,Axis Wallet,280.19,Failed
pay_103402,m_1002,cust_1197,2026-07-24 09:00:00,UPI,Razorpay,1581.31,Failed
pay_104417,m_1003,cust_1198,2026-07-24 11:00:00,Card,Razorpay,2183.49,Failed
pay_101654,m_1000,cust_1199,2026-07-24 11:00:00,UPI,Razorpay,4172.09,Success
pay_103706,m_1003,cust_1200,2026-07-24 11:00:00,UPI,HDFC Gateway,2047.24,Success
pay_100846,m_1004,cust_1201,2026-07-24 11:00:00,Card,Razorpay,2166.11,Failed
pay_103252,m_1003,cust_1202,2026-07-24 12:00:00,Card,HDFC Gateway,2903.16,Failed
pay_100532,m_1004,cust_1203,2026-07-24 13:00:00,UPI,Razorpay,4868.28,Failed
pay_104556,m_1004,cust_1204,2026-07-24 14:00:00,UPI,Razorpay,895.37,Failed
pay_102791,m_1000,cust_1205,2026-07-24 14:00:00,UPI,Razorpay,6669.6,Failed
pay_102248,m_1003,cust_1206,2026-07-24 14:00:00,Card,Razorpay,2029.96,Success
pay_103807,m_1002,cust_1207,2026-07-24 15:00:00,UPI,Razorpay,2588.23,Failed
pay_101405,m_1001,cust_1208,2026-07-24 15:00:00,Card,Razorpay,2009.09,Failed
pay_104662,m_1000,cust_1209,2026-07-24 16:00:00,NetBanking,Razorpay,1224.38,Success
pay_100883,m_1001,cust_1210,2026-07-24 16:00:00,NetBanking,ICICI UPI,1855.26,Failed
pay_103602,m_1004,cust_1211,2026-07-24 16:00:00,Card,Razorpay,1678.9,Failed
pay_103037,m_1003,cust_1212,2026-07-24 19:00:00,Card,HDFC Gateway,2645.27,Failed
pay_100057,m_1001,cust_1213,2026-07-24 20:00:00,UPI,ICICI UPI,2034.04,Success
pay_103685,m_1004,cust_1214,2026-07-24 20:00:00,UPI,Razorpay,2073.44,Failed
pay_101228,m_1004,cust_1215,2026-07-24 21:00:00,Card,Razorpay,3284.44,Failed
pay_102221,m_1000,cust_1216,2026-07-24 21:00:00,Card,Razorpay,7173.74,Failed
pay_103927,m_1000,cust_1217,2026-07-24 23:00:00,UPI,HDFC Gateway,289.52,Success
pay_101536,m_1003,cust_1218,2026-07-24 23:00:00,Card,Razorpay,4929.57,Failed
pay_101045,m_1004,cust_1219,2026-07-24 23:00:00,NetBanking,HDFC Gateway,781.85,Failed
pay_102307,m_1000,cust_1220,2026-07-24 23:00:00,NetBanking,Axis Wallet,7905.33,Failed
pay_100535,m_1001,cust_1221,2026-07-24 23:00:00,UPI,Razorpay,4119.32,Failed
pay_103567,m_1000,cust_1222,2026-07-24 23:00:00,UPI,Razorpay,1508.25,Failed
pay_102885,m_1000,cust_1223,2026-07-24 23:00:00,NetBanking,Razorpay,3493.02,Failed
pay_100960,m_1003,cust_1224,2026-07-25 00:00:00,UPI,SBI Card Gateway,622.19,Failed
pay_100389,m_1001,cust_1225,2026-07-25 00:00:00,UPI,Razorpay,4254.64,Failed
pay_104848,m_1000,cust_1226,2026-07-25 01:00:00,UPI,SBI Card Gateway,2215.54,Success
pay_103700,m_1000,cust_1227,2026-07-25 01:00:00,NetBanking,HDFC Gateway,565.29,Failed
pay_102012,m_1001,cust_1228,2026-07-25 01:00:00,NetBanking,Axis Wallet,1433.11,Failed
pay_101969,m_1003,cust_1229,2026-07-25 02:00:00,UPI,HDFC Gateway,340.88,Success
pay_104017,m_1003,cust_1230,2026-07-25 03:00:00,UPI,Razorpay,1783.21,Failed
pay_102007,m_1002,cust_1231,2026-07-25 04:00:00,Wallet,Razorpay,2351.08,Success
pay_100181,m_1001,cust_1232,2026-07-25 05:00:00,Card,ICICI UPI,4305.5,Failed
pay_104347,m_1002,cust_1233,2026-07-25 07:00:00,NetBanking,Razorpay,8168.4,Failed
pay_100272,m_1003,cust_1234,2026-07-25 08:00:00,Card,Razorpay,1861.79,Success
pay_100356,m_1001,cust_1235,2026-07-25 08:00:00,Card,Razorpay,5184.94,Failed
pay_101480,m_1004,cust_1236,2026-07-25 08:00:00,Card,ICICI UPI,4849.41,Failed
pay_104112,m_1003,cust_1237,2026-07-25 09:00:00,Card,HDFC Gateway,1478.49,Success
pay_102638,m_1003,cust_1238,2026-07-25 10:00:00,Card,Axis Wallet,2530.25,Failed
pay_104210,m_1002,cust_1239,2026-07-25 10:00:00,NetBanking,SBI Card Gateway,1439.15,Failed
pay_103979,m_1004,cust_1240,2026-07-25 12:00:00,Wallet,SBI Card Gateway,3564.64,Failed
pay_104765,m_1003,cust_1241,2026-07-25 12:00:00,NetBanking,ICICI UPI,1424.81,Success
pay_101103,m_1003,cust_1242,2026-07-25 12:00:00,Card,Razorpay,14578.01,Failed
pay_101523,m_1000,cust_1243,2026-07-25 13:00:00,UPI,Razorpay,2589.8,Failed
pay_104719,m_1002,cust_1244,2026-07-25 14:00:00,UPI,Razorpay,3204.73,Failed
pay_103829,m_1004,cust_1245,2026-07-25 14:00:00,UPI,Razorpay,5732.76,Failed
pay_104751,m_1001,cust_1246,2026-07-25 15:00:00,UPI,SBI Card Gateway,669.62,Success
pay_101676,m_1000,cust_1247,2026-07-25 15:00:00,UPI,ICICI UPI,7769.09,Failed
pay_102662,m_1003,cust_1248,2026-07-25 16:00:00,Card,Razorpay,1957.43,Success
pay_102062,m_1002,cust_1249,2026-07-25 17:00:00,Card,ICICI UPI,2998.05,Success
pay_101697,m_1000,cust_1000,2026-07-25 17:00:00,Card,Razorpay,1156.31,Success
pay_103068,m_1001,cust_1001,2026-07-25 19:00:00,UPI,Axis Wallet,4118.33,Failed
pay_102890,m_1002,cust_1002,2026-07-25 21:00:00,Card,Razorpay,5833.36,Failed
pay_102888,m_1004,cust_1003,2026-07-25 21:00:00,NetBanking,ICICI UPI,418.69,Failed
pay_100937,m_1000,cust_1004,2026-07-25 21:00:00,Card,HDFC Gateway,2994.16,Failed
pay_101574,m_1001,cust_1005,2026-07-25 21:00:00,NetBanking,Axis Wallet,5433.66,Success
pay_100456,m_1004,cust_1006,2026-07-25 22:00:00,Card,ICICI UPI,3747.24,Failed
pay_100974,m_1003,cust_1007,2026-07-25 23:00:00,Card,HDFC Gateway,11071.87,Failed
pay_101606,m_1002,cust_1008,2026-07-25 23:00:00,Card,Axis Wallet,2919.12,Success
pay_104630,m_1001,cust_1009,2026-07-26 00:00:00,UPI,SBI Card Gateway,4368.3,Success
pay_100751,m_1000,cust_1010,2026-07-26 00:00:00,UPI,ICICI UPI,1991.5,Success
pay_103057,m_1000,cust_1011,2026-07-26 02:00:00,Card,Razorpay,5774.66,Failed
pay_102329,m_1000,cust_1012,2026-07-26 04:00:00,Card,Razorpay,7605.52,Failed
pay_104097,m_1002,cust_1013,2026-07-26 05:00:00,UPI,Razorpay,10071.72,Failed
pay_101934,m_1000,cust_1014,2026-07-26 05:00:00,NetBanking,HDFC Gateway,14734.6,Failed
pay_100521,m_1001,cust_1015,2026-07-26 07:00:00,Card,HDFC Gateway,1046.53,Success
pay_104060,m_1001,cust_1016,2026-07-26 12:00:00,UPI,Razorpay,1098.36,Success
pay_100923,m_1001,cust_1017,2026-07-26 12:00:00,UPI,HDFC Gateway,6780.66,Failed
pay_100255,m_1004,cust_1018,2026-07-26 14:00:00,UPI,Razorpay,950.43,Failed
pay_101062,m_1003,cust_1019,2026-07-26 16:00:00,UPI,HDFC Gateway,10182.32,Failed
pay_103670,m_1000,cust_1020,2026-07-26 16:00:00,NetBanking,Axis Wallet,1743.56,Success
pay_100407,m_1003,cust_1021,2026-07-26 17:00:00,Card,Razorpay,2909.98,Failed
pay_100527,m_1001,cust_1022,2026-07-26 17:00:00,Card,ICICI UPI,1622.58,Success
pay_102301,m_1001,cust_1023,2026-07-26 17:00:00,Card,Razorpay,2159.95,Success
pay_101611,m_1000,cust_1024,2026-07-26 18:00:00,Card,Razorpay,8620.77,Success
pay_102518,m_1001,cust_1025,2026-07-26 20:00:00,UPI,Razorpay,1825.24,Failed
pay_104953,m_1003,cust_1026,2026-07-26 21:00:00,UPI,Axis Wallet,4267.49,Success
pay_100833,m_1004,cust_1027,2026-07-26 21:00:00,Card,HDFC Gateway,4733.3,Success
pay_101186,m_1004,cust_1028,2026-07-26 23:00:00,Wallet,HDFC Gateway,8833.64,Success
pay_101962,m_1004,cust_1029,2026-07-26 23:00:00,NetBanking,Razorpay,2548.48,Failed
pay_104367,m_1001,cust_1030,2026-07-27 01:00:00,Wallet,ICICI UPI,312.45,Success
pay_104015,m_1000,cust_1031,2026-07-27 03:00:00,Card,Razorpay,1027.89,Failed
pay_101089,m_1004,cust_1032,2026-07-27 03:00:00,Card,Razorpay,2471.45,Success
pay_100328,m_1002,cust_1033,2026-07-27 04:00:00,UPI,HDFC Gateway,478.63,Success
pay_103513,m_1002,cust_1034,2026-07-27 05:00:00,Card,Razorpay,805.96,Success
pay_103834,m_1002,cust_1035,2026-07-27 06:00:00,Card,Razorpay,1441.78,Failed
pay_100461,m_1003,cust_1036,2026-07-27 08:00:00,Card,HDFC Gateway,5045.38,Failed
pay_103248,m_1000,cust_1037,2026-07-27 08:00:00,NetBanking,Axis Wallet,4007.48,Failed
pay_100305,m_1002,cust_1038,2026-07-27 09:00:00,Card,SBI Card Gateway,2071.38,Success
pay_100240,m_1002,cust_1039,2026-07-27 09:00:00,UPI,HDFC Gateway,3755.51,Success
pay_103203,m_1002,cust_1040,2026-07-27 09:00:00,UPI,Razorpay,2292.85,Failed
pay_103992,m_1003,cust_1041,2026-07-27 09:00:00,Card,HDFC Gateway,6518.42,Success
pay_100768,m_1000,cust_1042,2026-07-27 10:00:00,NetBanking,Razorpay,4506.21,Success
pay_102735,m_1002,cust_1043,2026-07-27 11:00:00,Wallet,Axis Wallet,1120.45,Failed
pay_104025,m_1001,cust_1044,2026-07-27 11:00:00,UPI,HDFC Gateway,5733.85,Success
pay_103888,m_1002,cust_1045,2026-07-27 11:00:00,Card,SBI Card Gateway,2657.93,Failed
pay_100619,m_1000,cust_1046,2026-07-27 11:00:00,NetBanking,Razorpay,3068.38,Success
pay_100117,m_1004,cust_1047,2026-07-27 11:00:00,Card,Axis Wallet,1080.37,Failed
pay_100099,m_1000,cust_1048,2026-07-27 11:00:00,UPI,Razorpay,8365.28,Failed
pay_101444,m_1001,cust_1049,2026-07-27 11:00:00,UPI,Razorpay,3929.24,Failed
pay_100720,m_1003,cust_1050,2026-07-27 13:00:00,UPI,ICICI UPI,12993.11,Failed
pay_102107,m_1003,cust_1051,2026-07-27 16:00:00,UPI,Razorpay,3876.07,Success
pay_104667,m_1003,cust_1052,2026-07-27 16:00:00,NetBanking,Razorpay,7268.16,Failed
pay_102209,m_1003,cust_1053,2026-07-27 17:00:00,UPI,SBI Card Gateway,7974.32,Failed
pay_101527,m_1004,cust_1054,2026-07-27 17:00:00,Card,Razorpay,509.84,Success
pay_102233,m_1002,cust_1055,2026-07-27 18:00:00,UPI,SBI Card Gateway,5758.75,Failed
pay_101835,m_1004,cust_1056,2026-07-27 19:00:00,NetBanking,Razorpay,1415.87,Failed
pay_100681,m_1004,cust_1057,2026-07-27 21:00:00,NetBanking,Razorpay,1670.05,Success
pay_102377,m_1000,cust_1058,2026-07-27 22:00:00,NetBanking,ICICI UPI,2338.1,Success
pay_101341,m_1004,cust_1059,2026-07-27 23:00:00,UPI,SBI Card Gateway,8001.47,Success
pay_104836,m_1001,cust_1060,2026-07-27 23:00:00,Card,Axis Wallet,1625.89,Success
pay_102726,m_1002,cust_1061,2026-07-28 01:00:00,NetBanking,Razorpay,2516.56,Success
pay_104473,m_1000,cust_1062,2026-07-28 01:00:00,UPI,Razorpay,5269.06,Failed
pay_100822,m_1000,cust_1063,2026-07-28 01:00:00,UPI,HDFC Gateway,2965.1,Failed
pay_101818,m_1003,cust_1064,2026-07-28 06:00:00,UPI,Axis Wallet,1644.13,Failed
pay_103605,m_1001,cust_1065,2026-07-28 07:00:00,Card,Razorpay,4745.32,Failed
pay_103307,m_1004,cust_1066,2026-07-28 07:00:00,UPI,Razorpay,4840.27,Success
pay_100603,m_1004,cust_1067,2026-07-28 09:00:00,NetBanking,Razorpay,3341.91,Success
pay_102479,m_1003,cust_1068,2026-07-28 09:00:00,Card,HDFC Gateway,555.85,Failed
pay_102206,m_1001,cust_1069,2026-07-28 10:00:00,Card,ICICI UPI,4930.82,Failed
pay_101357,m_1002,cust_1070,2026-07-28 10:00:00,Wallet,Razorpay,2640.3,Failed
pay_103268,m_1000,cust_1071,2026-07-28 10:00:00,Card,Razorpay,3096.46,Failed
pay_101894,m_1003,cust_1072,2026-07-28 11:00:00,UPI,Razorpay,1282.13,Success
pay_100947,m_1000,cust_1073,2026-07-28 11:00:00,NetBanking,Razorpay,1361.51,Success
pay_102760,m_1000,cust_1074,2026-07-28 13:00:00,NetBanking,HDFC Gateway,6977.34,Success
pay_104757,m_1000,cust_1075,2026-07-28 13:00:00,NetBanking,Razorpay,1687.86,Success
pay_104302,m_1004,cust_1076,2026-07-28 14:00:00,Card,ICICI UPI,629.37,Failed
pay_103526,m_1001,cust_1077,2026-07-28 15:00:00,Card,Razorpay,3106.57,Success
pay_104656,m_1004,cust_1078,2026-07-28 15:00:00,Wallet,SBI Card Gateway,2417.14,Success
pay_104020,m_1000,cust_1079,2026-07-28 17:00:00,Card,ICICI UPI,3123.33,Success
pay_103537,m_1004,cust_1080,2026-07-28 18:00:00,Wallet,ICICI UPI,1619.7,Success
pay_102430,m_1003,cust_1081,2026-07-28 19:00:00,UPI,Razorpay,1314.7,Failed
pay_100442,m_1002,cust_1082,2026-07-28 19:00:00,Wallet,SBI Card Gateway,2312.3,Success
pay_100669,m_1003,cust_1083,2026-07-28 20:00:00,UPI,Razorpay,1853.61,Failed
pay_101644,m_1004,cust_1084,2026-07-28 20:00:00,Card,SBI Card Gateway,1949.03,Failed
pay_101925,m_1003,cust_1085,2026-07-28 21:00:00,UPI,Axis Wallet,4502.38,Failed
pay_100413,m_1000,cust_1086,2026-07-28 21:00:00,Card,SBI Card Gateway,1803.36,Success
pay_102084,m_1001,cust_1087,2026-07-28 23:00:00,NetBanking,ICICI UPI,6866.71,Failed
pay_101775,m_1002,cust_1088,2026-07-29 00:00:00,UPI,ICICI UPI,344.39,Failed
pay_100433,m_1002,cust_1089,2026-07-29 00:00:00,Card,ICICI UPI,522.22,Success
pay_103021,m_1002,cust_1090,2026-07-29 00:00:00,Card,ICICI UPI,2694.15,Failed
pay_104117,m_1002,cust_1091,2026-07-29 01:00:00,UPI,Razorpay,1459.48,Failed
pay_103286,m_1000,cust_1092,2026-07-29 01:00:00,Wallet,Razorpay,2477.38,Failed
pay_103101,m_1000,cust_1093,2026-07-29 01:00:00,UPI,SBI Card Gateway,923.52,Failed
pay_104203,m_1000,cust_1094,2026-07-29 02:00:00,Card,HDFC Gateway,2800.63,Failed
pay_103944,m_1000,cust_1095,2026-07-29 03:00:00,UPI,Razorpay,1222.76,Success
pay_100073,m_1002,cust_1096,2026-07-29 05:00:00,NetBanking,HDFC Gateway,419.83,Failed
pay_100704,m_1000,cust_1097,2026-07-29 08:00:00,UPI,HDFC Gateway,838.78,Success
pay_102103,m_1003,cust_1098,2026-07-29 08:00:00,Card,Axis Wallet,1828.93,Success
pay_100944,m_1002,cust_1099,2026-07-29 08:00:00,Wallet,Razorpay,3786.12,Success
pay_102005,m_1000,cust_1100,2026-07-29 09:00:00,UPI,Razorpay,10892.13,Failed
pay_104144,m_1001,cust_1101,2026-07-29 10:00:00,Card,SBI Card Gateway,4744.35,Failed
pay_102698,m_1000,cust_1102,2026-07-29 10:00:00,NetBanking,SBI Card Gateway,68754.99,Success
pay_103512,m_1001,cust_1103,2026-07-29 11:00:00,NetBanking,Axis Wallet,6559.56,Failed
pay_101004,m_1004,cust_1104,2026-07-29 12:00:00,Card,Razorpay,1442.9,Failed
pay_103347,m_1000,cust_1105,2026-07-29 12:00:00,NetBanking,SBI Card Gateway,3272.02,Success
pay_102549,m_1003,cust_1106,2026-07-29 13:00:00,UPI,Razorpay,1736.32,Failed
pay_100017,m_1003,cust_1107,2026-07-29 13:00:00,NetBanking,ICICI UPI,3315.28,Failed
pay_103164,m_1004,cust_1108,2026-07-29 13:00:00,UPI,Razorpay,2170.05,Failed
pay_102696,m_1003,cust_1109,2026-07-29 14:00:00,Card,Razorpay,8782.65,Failed
pay_101804,m_1003,cust_1110,2026-07-29 14:00:00,Card,Razorpay,395.11,Success
pay_100758,m_1002,cust_1111,2026-07-29 14:00:00,Wallet,SBI Card Gateway,1873.69,Failed
pay_100220,m_1002,cust_1112,2026-07-29 15:00:00,NetBanking,Razorpay,10172.04,Success
pay_102908,m_1003,cust_1113,2026-07-29 15:00:00,UPI,SBI Card Gateway,1125.51,Failed
pay_102818,m_1003,cust_1114,2026-07-29 16:00:00,UPI,Razorpay,6225.72,Failed
pay_103063,m_1004,cust_1115,2026-07-29 17:00:00,Wallet,Razorpay,9048.13,Failed
pay_103773,m_1004,cust_1116,2026-07-29 17:00:00,Card,HDFC Gateway,23799.45,Success
pay_101629,m_1001,cust_1117,2026-07-29 18:00:00,Card,Razorpay,6722.02,Failed
pay_102822,m_1001,cust_1118,2026-07-29 18:00:00,UPI,Razorpay,1607.21,Failed
pay_102829,m_1002,cust_1119,2026-07-29 18:00:00,UPI,Razorpay,1224.82,Failed
pay_104531,m_1002,cust_1120,2026-07-29 20:00:00,UPI,ICICI UPI,3332.61,Failed
pay_103820,m_1003,cust_1121,2026-07-29 21:00:00,Wallet,Razorpay,1834.58,Failed
pay_100156,m_1003,cust_1122,2026-07-29 21:00:00,Card,Razorpay,2809.98,Failed
pay_101609,m_1003,cust_1123,2026-07-29 22:00:00,UPI,ICICI UPI,2816.85,Success
pay_102079,m_1001,cust_1124,2026-07-29 23:00:00,UPI,Razorpay,1301.65,Failed
pay_101927,m_1004,cust_1125,2026-07-30 00:00:00,Card,Razorpay,1438.58,Failed
pay_100873,m_1001,cust_1126,2026-07-30 03:00:00,UPI,SBI Card Gateway,3094.21,Success
pay_101604,m_1004,cust_1127,2026-07-30 06:00:00,UPI,HDFC Gateway,2846.28,Failed
pay_103972,m_1004,cust_1128,2026-07-30 06:00:00,UPI,Razorpay,565.04,Failed
pay_104841,m_1001,cust_1129,2026-07-30 07:00:00,Card,Axis Wallet,2449.87,Failed
pay_101237,m_1001,cust_1130,2026-07-30 07:00:00,NetBanking,Razorpay,2754.43,Success
pay_104197,m_1003,cust_1131,2026-07-30 07:00:00,UPI,HDFC Gateway,1537.72,Success
pay_104797,m_1003,cust_1132,2026-07-30 07:00:00,UPI,Razorpay,572.38,Failed
pay_100435,m_1004,cust_1133,2026-07-30 08:00:00,Wallet,Razorpay,5242.79,Failed
pay_102922,m_1004,cust_1134,2026-07-30 08:00:00,UPI,Axis Wallet,3143.65,Success
pay_103498,m_1000,cust_1135,2026-07-30 11:00:00,UPI,Axis Wallet,4115.17,Success
pay_100385,m_1002,cust_1136,2026-07-30 12:00:00,UPI,HDFC Gateway,1236.14,Failed
pay_100782,m_1002,cust_1137,2026-07-30 12:00:00,UPI,Razorpay,1622.04,Failed
pay_104512,m_1004,cust_1138,2026-07-30 12:00:00,Card,Razorpay,5904.43,Failed
pay_104654,m_1002,cust_1139,2026-07-30 14:00:00,UPI,HDFC Gateway,1884.0,Success
pay_100417,m_1001,cust_1140,2026-07-30 16:00:00,UPI,ICICI UPI,3303.52,Success
pay_102509,m_1000,cust_1141,2026-07-30 16:00:00,Card,Razorpay,1166.58,Failed
pay_100783,m_1004,cust_1142,2026-07-30 16:00:00,UPI,Razorpay,2086.05,Failed
pay_103348,m_1002,cust_1143,2026-07-30 16:00:00,Card,Razorpay,1896.98,Success
pay_104284,m_1004,cust_1144,2026-07-30 16:00:00,Card,Razorpay,6266.69,Failed
pay_101618,m_1000,cust_1145,2026-07-30 18:00:00,UPI,HDFC Gateway,1683.05,Failed
pay_104410,m_1001,cust_1146,2026-07-30 21:00:00,UPI,ICICI UPI,980.36,Failed
pay_101875,m_1003,cust_1147,2026-07-30 21:00:00,UPI,Razorpay,3882.87,Failed
pay_100862,m_1000,cust_1148,2026-07-30 23:00:00,UPI,Razorpay,1209.28,Success
pay_101156,m_1002,cust_1149,2026-07-30 23:00:00,Wallet,Razorpay,2058.18,Failed
pay_103529,m_1000,cust_1150,2026-07-31 00:00:00,Card,Razorpay,4866.43,Success
pay_103650,m_1003,cust_1151,2026-07-31 00:00:00,NetBanking,SBI Card Gateway,2707.74,Failed
pay_100723,m_1000,cust_1152,2026-07-31 01:00:00,UPI,SBI Card Gateway,14367.8,Success
pay_101049,m_1001,cust_1153,2026-07-31 02:00:00,UPI,ICICI UPI,9351.3,Success
pay_101342,m_1003,cust_1154,2026-07-31 03:00:00,UPI,Razorpay,7447.47,Success
pay_100945,m_1002,cust_1155,2026-07-31 03:00:00,Wallet,Razorpay,5283.58,Failed
pay_102363,m_1003,cust_1156,2026-07-31 05:00:00,Card,Razorpay,1320.86,Success
pay_101945,m_1002,cust_1157,2026-07-31 05:00:00,Card,ICICI UPI,1635.42,Success
pay_100496,m_1000,cust_1158,2026-07-31 05:00:00,UPI,SBI Card Gateway,1757.11,Failed
pay_100312,m_1001,cust_1159,2026-07-31 05:00:00,Card,Razorpay,3132.94,Failed
pay_103160,m_1003,cust_1160,2026-07-31 06:00:00,UPI,ICICI UPI,3203.12,Failed
pay_104401,m_1000,cust_1161,2026-07-31 06:00:00,UPI,Axis Wallet,1150.88,Success
pay_103304,m_1003,cust_1162,2026-07-31 06:00:00,Card,SBI Card Gateway,2481.98,Success
pay_102699,m_1004,cust_1163,2026-07-31 07:00:00,Card,Razorpay,538.83,Failed
pay_100777,m_1003,cust_1164,2026-07-31 07:00:00,Card,Axis Wallet,1450.02,Success
pay_102268,m_1002,cust_1165,2026-07-31 08:00:00,UPI,ICICI UPI,2366.36,Success
pay_103369,m_1003,cust_1166,2026-07-31 09:00:00,Card,Razorpay,5907.43,Success
pay_100197,m_1002,cust_1167,2026-07-31 09:00:00,Card,Razorpay,3106.41,Failed
pay_102785,m_1003,cust_1168,2026-07-31 11:00:00,UPI,Razorpay,771.4,Success
pay_102680,m_1000,cust_1169,2026-07-31 12:00:00,Wallet,Axis Wallet,13761.63,Failed
pay_100725,m_1000,cust_1170,2026-07-31 13:00:00,Wallet,Razorpay,7261.84,Failed
pay_104458,m_1003,cust_1171,2026-07-31 15:00:00,Card,SBI Card Gateway,816.26,Failed
pay_100364,m_1002,cust_1172,2026-07-31 17:00:00,UPI,SBI Card Gateway,1572.87,Failed
pay_101019,m_1002,cust_1173,2026-07-31 18:00:00,Card,Axis Wallet,11301.53,Success
pay_104009,m_1002,cust_1174,2026-07-31 18:00:00,Card,SBI Card Gateway,5270.12,Success
pay_102213,m_1001,cust_1175,2026-07-31 19:00:00,NetBanking,Axis Wallet,3579.38,Success
pay_102214,m_1000,cust_1176,2026-07-31 20:00:00,Card,Razorpay,1117.07,Success
pay_102505,m_1003,cust_1177,2026-07-31 20:00:00,UPI,SBI Card Gateway,471.32,Success
pay_100537,m_1004,cust_1178,2026-07-31 20:00:00,NetBanking,Razorpay,6022.67,Failed
pay_104381,m_1002,cust_1179,2026-07-31 21:00:00,Card,ICICI UPI,1475.22,Success
pay_101320,m_1003,cust_1180,2026-08-01 00:00:00,UPI,ICICI UPI,2347.39,Success
pay_100119,m_1004,cust_1181,2026-08-01 00:00:00,UPI,Razorpay,4243.29,Success
pay_101215,m_1004,cust_1182,2026-08-01 02:00:00,UPI,SBI Card Gateway,1786.69,Failed
pay_104433,m_1001,cust_1183,2026-08-01 02:00:00,NetBanking,Razorpay,2902.48,Success
pay_102852,m_1001,cust_1184,2026-08-01 02:00:00,UPI,Razorpay,5597.76,Failed
pay_100872,m_1000,cust_1185,2026-08-01 03:00:00,NetBanking,Razorpay,675.69,Failed
pay_100500,m_1002,cust_1186,2026-08-01 03:00:00,UPI,HDFC Gateway,3128.02,Failed
pay_104768,m_1001,cust_1187,2026-08-01 04:00:00,UPI,ICICI UPI,5306.11,Failed
pay_102722,m_1003,cust_1188,2026-08-01 04:00:00,UPI,SBI Card Gateway,360.2,Success
pay_103026,m_1000,cust_1189,2026-08-01 05:00:00,UPI,HDFC Gateway,898.37,Success
pay_101578,m_1003,cust_1190,2026-08-01 06:00:00,Card,Razorpay,1717.77,Success
pay_102910,m_1003,cust_1191,2026-08-01 10:00:00,Card,SBI Card Gateway,2909.54,Failed
pay_101483,m_1004,cust_1192,2026-08-01 10:00:00,Card,Razorpay,1980.52,Failed
pay_104728,m_1003,cust_1193,2026-08-01 10:00:00,Wallet,Razorpay,2104.83,Failed
pay_103790,m_1001,cust_1194,2026-08-01 11:00:00,Card,Razorpay,4942.63,Success
pay_102243,m_1003,cust_1195,2026-08-01 11:00:00,NetBanking,SBI Card Gateway,1215.82,Failed
pay_104220,m_1003,cust_1196,2026-08-01 12:00:00,Card,Razorpay,4331.72,Failed
pay_101465,m_1004,cust_1197,2026-08-01 12:00:00,Card,ICICI UPI,21903.2,Failed
pay_103590,m_1002,cust_1198,2026-08-01 13:00:00,UPI,Razorpay,1478.16,Success
pay_101488,m_1000,cust_1199,2026-08-01 15:00:00,UPI,HDFC Gateway,838.13,Failed
pay_101866,m_1002,cust_1200,2026-08-01 15:00:00,UPI,Razorpay,3888.04,Failed
pay_104977,m_1001,cust_1201,2026-08-01 16:00:00,Card,Razorpay,160.99,Success
pay_103033,m_1003,cust_1202,2026-08-01 16:00:00,UPI,Axis Wallet,2267.95,Success
pay_101815,m_1003,cust_1203,2026-08-01 16:00:00,Card,SBI Card Gateway,2891.75,Failed
pay_100807,m_1003,cust_1204,2026-08-01 17:00:00,UPI,Razorpay,1456.27,Success
pay_101537,m_1003,cust_1205,2026-08-01 17:00:00,UPI,ICICI UPI,8498.34,Failed
pay_101271,m_1002,cust_1206,2026-08-01 22:00:00,UPI,Axis Wallet,9408.86,Success
pay_103726,m_1002,cust_1207,2026-08-01 22:00:00,Card,SBI Card Gateway,4963.76,Failed
pay_100479,m_1002,cust_1208,2026-08-01 23:00:00,NetBanking,Razorpay,907.18,Failed
pay_103076,m_1004,cust_1209,2026-08-02 00:00:00,Card,Razorpay,426.56,Success
pay_103149,m_1003,cust_1210,2026-08-02 01:00:00,UPI,ICICI UPI,1798.22,Failed
pay_104043,m_1003,cust_1211,2026-08-02 01:00:00,NetBanking,Razorpay,3227.42,Failed
pay_100309,m_1001,cust_1212,2026-08-02 01:00:00,UPI,Razorpay,4545.37,Failed
pay_104237,m_1002,cust_1213,2026-08-02 03:00:00,Card,Razorpay,972.23,Success
pay_103490,m_1000,cust_1214,2026-08-02 04:00:00,UPI,Razorpay,961.11,Failed
pay_100321,m_1002,cust_1215,2026-08-02 05:00:00,Card,HDFC Gateway,2360.17,Success
pay_102945,m_1004,cust_1216,2026-08-02 07:00:00,Card,ICICI UPI,1527.54,Failed
pay_104831,m_1001,cust_1217,2026-08-02 07:00:00,Card,Axis Wallet,7888.2,Failed
pay_101226,m_1000,cust_1218,2026-08-02 07:00:00,UPI,Axis Wallet,999.13,Failed
pay_102503,m_1002,cust_1219,2026-08-02 07:00:00,NetBanking,HDFC Gateway,14010.76,Success
pay_100582,m_1000,cust_1220,2026-08-02 09:00:00,Card,SBI Card Gateway,3522.45,Success
pay_101854,m_1002,cust_1221,2026-08-02 10:00:00,UPI,ICICI UPI,837.4,Failed
pay_104778,m_1000,cust_1222,2026-08-02 10:00:00,Wallet,Razorpay,886.75,Failed
pay_100817,m_1002,cust_1223,2026-08-02 11:00:00,Card,Razorpay,8449.27,Failed
pay_104852,m_1003,cust_1224,2026-08-02 12:00:00,Card,Razorpay,7846.55,Failed
pay_100170,m_1004,cust_1225,2026-08-02 12:00:00,Card,Razorpay,9145.18,Failed
pay_102264,m_1001,cust_1226,2026-08-02 13:00:00,Card,SBI Card Gateway,1476.05,Failed
pay_100459,m_1000,cust_1227,2026-08-02 13:00:00,Card,Razorpay,3301.85,Failed
pay_103352,m_1000,cust_1228,2026-08-02 13:00:00,Card,HDFC Gateway,3645.16,Success
pay_103686,m_1001,cust_1229,2026-08-02 14:00:00,Card,Razorpay,3730.5,Failed
pay_104965,m_1004,cust_1230,2026-08-02 14:00:00,Card,SBI Card Gateway,3793.66,Failed
pay_102176,m_1002,cust_1231,2026-08-02 16:00:00,Card,HDFC Gateway,1422.9,Success
pay_100515,m_1000,cust_1232,2026-08-02 16:00:00,UPI,Razorpay,2717.08,Success
pay_101826,m_1003,cust_1233,2026-08-02 16:00:00,Card,SBI Card Gateway,1326.91,Failed
pay_101165,m_1000,cust_1234,2026-08-02 17:00:00,Card,Razorpay,6443.0,Failed
pay_102474,m_1003,cust_1235,2026-08-02 18:00:00,Card,Razorpay,3589.46,Success
pay_103852,m_1002,cust_1236,2026-08-02 18:00:00,UPI,SBI Card Gateway,1635.85,Failed
pay_103782,m_1002,cust_1237,2026-08-02 18:00:00,Card,Razorpay,3747.21,Success
pay_101729,m_1002,cust_1238,2026-08-02 19:00:00,UPI,ICICI UPI,1630.54,Failed
pay_104916,m_1000,cust_1239,2026-08-02 19:00:00,NetBanking,Razorpay,7741.66,Success
pay_102614,m_1000,cust_1240,2026-08-02 19:00:00,UPI,Razorpay,1732.43,Success
pay_104419,m_1003,cust_1241,2026-08-02 21:00:00,UPI,ICICI UPI,1329.07,Failed
pay_102622,m_1001,cust_1242,2026-08-02 22:00:00,NetBanking,ICICI UPI,4800.93,Success
pay_102422,m_1002,cust_1243,2026-08-02 22:00:00,Card,Razorpay,16846.8,Failed
pay_102555,m_1003,cust_1244,2026-08-03 00:00:00,Card,Razorpay,2122.98,Failed
pay_102514,m_1002,cust_1245,2026-08-03 00:00:00,Card,HDFC Gateway,6115.34,Failed
pay_100257,m_1000,cust_1246,2026-08-03 00:00:00,Card,Razorpay,5807.08,Failed
pay_101358,m_1001,cust_1247,2026-08-03 01:00:00,UPI,HDFC Gateway,5801.24,Failed
pay_101449,m_1001,cust_1248,2026-08-03 02:00:00,Card,Razorpay,3844.64,Success
pay_104106,m_1000,cust_1249,2026-08-03 02:00:00,NetBanking,SBI Card Gateway,1571.07,Success
pay_103496,m_1001,cust_1000,2026-08-03 02:00:00,UPI,Razorpay,732.08,Success
pay_103871,m_1002,cust_1001,2026-08-03 02:00:00,Card,Razorpay,1338.75,Failed
pay_104460,m_1003,cust_1002,2026-08-03 03:00:00,Card,Razorpay,367.49,Failed
pay_103806,m_1003,cust_1003,2026-08-03 03:00:00,UPI,ICICI UPI,1299.83,Failed
pay_101435,m_1002,cust_1004,2026-08-03 06:00:00,Card,SBI Card Gateway,7138.48,Success
pay_101288,m_1003,cust_1005,2026-08-03 06:00:00,Card,Razorpay,3889.96,Failed
pay_100579,m_1001,cust_1006,2026-08-03 07:00:00,UPI,Razorpay,1962.92,Failed
pay_104634,m_1003,cust_1007,2026-08-03 09:00:00,UPI,ICICI UPI,1903.55,Failed
pay_104915,m_1000,cust_1008,2026-08-03 09:00:00,UPI,ICICI UPI,11600.57,Success
pay_104182,m_1002,cust_1009,2026-08-03 10:00:00,Card,Razorpay,485.26,Failed
pay_102681,m_1000,cust_1010,2026-08-03 10:00:00,UPI,Razorpay,1492.57,Failed
pay_104069,m_1004,cust_1011,2026-08-03 13:00:00,Card,HDFC Gateway,1013.51,Failed
pay_101879,m_1000,cust_1012,2026-08-03 13:00:00,Card,HDFC Gateway,1147.61,Success
pay_102501,m_1003,cust_1013,2026-08-03 15:00:00,UPI,Axis Wallet,2893.6,Success
pay_100890,m_1000,cust_1014,2026-08-03 15:00:00,UPI,Razorpay,664.55,Failed
pay_101737,m_1001,cust_1015,2026-08-03 15:00:00,NetBanking,Axis Wallet,3400.47,Success
pay_103034,m_1000,cust_1016,2026-08-03 16:00:00,UPI,Razorpay,1749.98,Failed
pay_100587,m_1002,cust_1017,2026-08-03 18:00:00,Wallet,Razorpay,1214.56,Failed
pay_102471,m_1001,cust_1018,2026-08-03 18:00:00,UPI,Razorpay,3174.75,Failed
pay_104552,m_1002,cust_1019,2026-08-03 19:00:00,Card,HDFC Gateway,414.64,Failed
pay_101787,m_1003,cust_1020,2026-08-03 19:00:00,UPI,Razorpay,3988.31,Failed
pay_103342,m_1001,cust_1021,2026-08-03 19:00:00,UPI,Razorpay,1177.47,Success
pay_102956,m_1003,cust_1022,2026-08-03 19:00:00,UPI,SBI Card Gateway,4888.21,Success
pay_102320,m_1001,cust_1023,2026-08-03 20:00:00,Card,Razorpay,1993.23,Success
pay_104842,m_1003,cust_1024,2026-08-03 22:00:00,UPI,Axis Wallet,1442.93,Failed
pay_104726,m_1002,cust_1025,2026-08-03 22:00:00,Card,SBI Card Gateway,9306.28,Success
pay_103283,m_1004,cust_1026,2026-08-04 00:00:00,UPI,Razorpay,3034.25,Success
pay_104762,m_1003,cust_1027,2026-08-04 00:00:00,Card,HDFC Gateway,2502.23,Failed
pay_103958,m_1004,cust_1028,2026-08-04 00:00:00,NetBanking,SBI Card Gateway,2562.09,Failed
pay_104313,m_1002,cust_1029,2026-08-04 00:00:00,Card,HDFC Gateway,328.72,Failed
pay_103418,m_1001,cust_1030,2026-08-04 02:00:00,UPI,ICICI UPI,2656.13,Success
pay_100086,m_1001,cust_1031,2026-08-04 02:00:00,Card,Razorpay,579.44,Success
pay_104070,m_1004,cust_1032,2026-08-04 03:00:00,Card,Razorpay,1311.68,Success
pay_101841,m_1001,cust_1033,2026-08-04 04:00:00,NetBanking,Razorpay,17356.96,Success
pay_104847,m_1000,cust_1034,2026-08-04 04:00:00,Card,HDFC Gateway,10388.88,Failed
pay_102741,m_1002,cust_1035,2026-08-04 04:00:00,UPI,SBI Card Gateway,4228.29,Failed
pay_100217,m_1001,cust_1036,2026-08-04 06:00:00,UPI,ICICI UPI,13332.1,Success
pay_102305,m_1004,cust_1037,2026-08-04 07:00:00,UPI,Axis Wallet,1362.97,Success
pay_104670,m_1002,cust_1038,2026-08-04 08:00:00,Card,Razorpay,2325.87,Success
pay_100790,m_1003,cust_1039,2026-08-04 09:00:00,Wallet,SBI Card Gateway,4075.27,Success
pay_103671,m_1004,cust_1040,2026-08-04 11:00:00,Wallet,SBI Card Gateway,706.36,Failed
pay_100976,m_1004,cust_1041,2026-08-04 11:00:00,Card,Razorpay,2270.72,Failed
pay_102265,m_1000,cust_1042,2026-08-04 11:00:00,UPI,HDFC Gateway,1017.06,Failed
pay_103974,m_1000,cust_1043,2026-08-04 12:00:00,UPI,HDFC Gateway,4544.25,Failed
pay_102452,m_1004,cust_1044,2026-08-04 12:00:00,Card,Axis Wallet,28045.07,Success
pay_100673,m_1001,cust_1045,2026-08-04 12:00:00,NetBanking,HDFC Gateway,4149.75,Success
pay_100699,m_1003,cust_1046,2026-08-04 12:00:00,NetBanking,Razorpay,1184.41,Failed
pay_100242,m_1001,cust_1047,2026-08-04 13:00:00,UPI,Razorpay,549.24,Success
pay_100375,m_1003,cust_1048,2026-08-04 14:00:00,NetBanking,Razorpay,2691.21,Failed
pay_102593,m_1002,cust_1049,2026-08-04 14:00:00,UPI,HDFC Gateway,1606.23,Success
pay_104293,m_1002,cust_1050,2026-08-04 15:00:00,NetBanking,Razorpay,3418.58,Success
pay_102815,m_1004,cust_1051,2026-08-04 15:00:00,UPI,HDFC Gateway,5587.98,Success
pay_100009,m_1002,cust_1052,2026-08-04 16:00:00,UPI,Razorpay,4159.93,Success
pay_104465,m_1004,cust_1053,2026-08-04 16:00:00,Card,Axis Wallet,2606.33,Success
pay_101689,m_1004,cust_1054,2026-08-04 16:00:00,Card,SBI Card Gateway,3021.64,Success
pay_103413,m_1003,cust_1055,2026-08-04 17:00:00,UPI,Razorpay,2962.89,Failed
pay_104571,m_1003,cust_1056,2026-08-04 18:00:00,UPI,ICICI UPI,26954.59,Failed
pay_100950,m_1003,cust_1057,2026-08-04 19:00:00,UPI,HDFC Gateway,714.63,Failed
pay_100580,m_1001,cust_1058,2026-08-04 19:00:00,NetBanking,Razorpay,2431.91,Success
pay_104299,m_1002,cust_1059,2026-08-04 20:00:00,Card,ICICI UPI,5157.48,Failed
pay_104527,m_1001,cust_1060,2026-08-04 22:00:00,NetBanking,SBI Card Gateway,9140.2,Failed
pay_102339,m_1004,cust_1061,2026-08-04 22:00:00,Card,Razorpay,16531.96,Failed
pay_104610,m_1000,cust_1062,2026-08-04 23:00:00,UPI,Razorpay,1829.05,Failed
pay_100032,m_1000,cust_1063,2026-08-05 00:00:00,Card,Razorpay,5461.07,Failed
pay_100909,m_1004,cust_1064,2026-08-05 02:00:00,Wallet,Razorpay,1325.04,Failed
pay_102081,m_1000,cust_1065,2026-08-05 02:00:00,NetBanking,Razorpay,6580.51,Success
pay_104100,m_1004,cust_1066,2026-08-05 02:00:00,UPI,Razorpay,2137.82,Success
pay_101632,m_1001,cust_1067,2026-08-05 05:00:00,UPI,Razorpay,1813.84,Failed
pay_100358,m_1002,cust_1068,2026-08-05 06:00:00,Card,SBI Card Gateway,4983.17,Failed
pay_100132,m_1004,cust_1069,2026-08-05 07:00:00,Card,ICICI UPI,2721.91,Success
pay_102032,m_1003,cust_1070,2026-08-05 07:00:00,NetBanking,HDFC Gateway,2444.12,Failed
pay_102911,m_1001,cust_1071,2026-08-05 07:00:00,UPI,SBI Card Gateway,905.56,Failed
pay_104127,m_1003,cust_1072,2026-08-05 07:00:00,Card,Razorpay,4966.49,Failed
pay_100825,m_1002,cust_1073,2026-08-05 08:00:00,Card,HDFC Gateway,582.12,Failed
pay_104925,m_1000,cust_1074,2026-08-05 08:00:00,Card,HDFC Gateway,3725.59,Failed
pay_100694,m_1004,cust_1075,2026-08-05 09:00:00,NetBanking,ICICI UPI,2564.53,Success
pay_100171,m_1001,cust_1076,2026-08-05 09:00:00,UPI,SBI Card Gateway,1343.86,Success
pay_103527,m_1004,cust_1077,2026-08-05 10:00:00,UPI,Razorpay,3713.96,Success
pay_101808,m_1003,cust_1078,2026-08-05 10:00:00,UPI,SBI Card Gateway,1727.69,Failed
pay_101530,m_1002,cust_1079,2026-08-05 10:00:00,Card,HDFC Gateway,2582.08,Failed
pay_102853,m_1003,cust_1080,2026-08-05 11:00:00,UPI,Razorpay,5720.51,Failed
pay_104257,m_1004,cust_1081,2026-08-05 11:00:00,Card,HDFC Gateway,803.65,Failed
pay_101930,m_1002,cust_1082,2026-08-05 12:00:00,NetBanking,ICICI UPI,544.1,Failed
pay_100000,m_1000,cust_1083,2026-08-05 13:00:00,Card,Razorpay,997.32,Failed
pay_103247,m_1001,cust_1084,2026-08-05 14:00:00,UPI,HDFC Gateway,10482.4,Success
pay_104697,m_1001,cust_1085,2026-08-05 14:00:00,NetBanking,Razorpay,1655.21,Failed
pay_101542,m_1001,cust_1086,2026-08-05 15:00:00,Card,Razorpay,3814.26,Failed
pay_101720,m_1004,cust_1087,2026-08-05 15:00:00,UPI,Razorpay,3214.44,Failed
pay_103981,m_1001,cust_1088,2026-08-05 17:00:00,UPI,HDFC Gateway,2256.24,Failed
pay_104431,m_1002,cust_1089,2026-08-05 19:00:00,Card,Axis Wallet,5722.26,Success
pay_100195,m_1003,cust_1090,2026-08-05 20:00:00,Wallet,SBI Card Gateway,3920.96,Success
pay_100727,m_1002,cust_1091,2026-08-05 20:00:00,Card,SBI Card Gateway,1457.1,Failed
pay_103534,m_1003,cust_1092,2026-08-05 20:00:00,Card,Razorpay,2756.42,Success
pay_102316,m_1000,cust_1093,2026-08-05 23:00:00,NetBanking,SBI Card Gateway,977.17,Success
pay_103280,m_1003,cust_1094,2026-08-05 23:00:00,UPI,Razorpay,1895.81,Failed
pay_103619,m_1003,cust_1095,2026-08-06 00:00:00,Card,ICICI UPI,7343.9,Success
pay_102864,m_1000,cust_1096,2026-08-06 00:00:00,Card,Axis Wallet,2691.45,Failed
pay_102528,m_1004,cust_1097,2026-08-06 01:00:00,Card,Razorpay,1338.92,Failed
pay_100752,m_1000,cust_1098,2026-08-06 02:00:00,Card,Razorpay,2328.27,Failed
pay_100880,m_1004,cust_1099,2026-08-06 03:00:00,UPI,Razorpay,404.8,Success
pay_100006,m_1001,cust_1100,2026-08-06 03:00:00,UPI,Razorpay,1004.41,Failed
pay_102365,m_1003,cust_1101,2026-08-06 03:00:00,NetBanking,Razorpay,9256.82,Failed
pay_103542,m_1003,cust_1102,2026-08-06 07:00:00,UPI,SBI Card Gateway,2772.25,Success
pay_103320,m_1000,cust_1103,2026-08-06 07:00:00,UPI,ICICI UPI,946.89,Failed
pay_101255,m_1003,cust_1104,2026-08-06 08:00:00,UPI,Razorpay,5226.07,Failed
pay_101327,m_1001,cust_1105,2026-08-06 08:00:00,UPI,HDFC Gateway,2379.28,Failed
pay_100677,m_1003,cust_1106,2026-08-06 09:00:00,NetBanking,Razorpay,9922.04,Failed
pay_100245,m_1000,cust_1107,2026-08-06 10:00:00,NetBanking,Axis Wallet,3520.3,Success
pay_100430,m_1003,cust_1108,2026-08-06 10:00:00,UPI,ICICI UPI,22602.04,Failed
pay_101121,m_1003,cust_1109,2026-08-06 11:00:00,Card,Axis Wallet,6376.54,Failed
pay_103886,m_1001,cust_1110,2026-08-06 15:00:00,Wallet,HDFC Gateway,1268.47,Failed
pay_102634,m_1002,cust_1111,2026-08-06 15:00:00,UPI,Axis Wallet,1723.46,Failed
pay_104576,m_1001,cust_1112,2026-08-06 15:00:00,Card,SBI Card Gateway,3892.78,Success
pay_100279,m_1001,cust_1113,2026-08-06 17:00:00,Wallet,Axis Wallet,8957.39,Success
pay_103638,m_1000,cust_1114,2026-08-06 17:00:00,NetBanking,HDFC Gateway,2473.59,Failed
pay_101360,m_1004,cust_1115,2026-08-06 18:00:00,NetBanking,Razorpay,2802.51,Success
pay_101850,m_1001,cust_1116,2026-08-06 21:00:00,UPI,ICICI UPI,2753.71,Success
pay_103133,m_1001,cust_1117,2026-08-07 00:00:00,Card,Razorpay,5046.66,Failed
pay_104536,m_1001,cust_1118,2026-08-07 01:00:00,UPI,ICICI UPI,2556.75,Failed
pay_100438,m_1002,cust_1119,2026-08-07 01:00:00,Wallet,Axis Wallet,3381.25,Failed
pay_103758,m_1000,cust_1120,2026-08-07 02:00:00,UPI,Razorpay,1041.25,Failed
pay_102751,m_1001,cust_1121,2026-08-07 02:00:00,UPI,Razorpay,2582.67,Success
pay_104647,m_1002,cust_1122,2026-08-07 04:00:00,NetBanking,Razorpay,660.85,Success
pay_101095,m_1004,cust_1123,2026-08-07 05:00:00,NetBanking,Razorpay,6862.54,Failed
pay_101570,m_1003,cust_1124,2026-08-07 07:00:00,NetBanking,HDFC Gateway,1838.63,Failed
pay_100126,m_1000,cust_1125,2026-08-07 08:00:00,UPI,ICICI UPI,5270.45,Failed
pay_100216,m_1001,cust_1126,2026-08-07 08:00:00,Card,Razorpay,1462.58,Failed
pay_104623,m_1001,cust_1127,2026-08-07 10:00:00,Card,Razorpay,3491.4,Failed
pay_101587,m_1000,cust_1128,2026-08-07 13:00:00,UPI,Axis Wallet,656.42,Failed
pay_103915,m_1000,cust_1129,2026-08-07 13:00:00,Card,Razorpay,1545.06,Failed
pay_104104,m_1000,cust_1130,2026-08-07 14:00:00,NetBanking,Razorpay,5221.06,Failed
pay_102478,m_1003,cust_1131,2026-08-07 14:00:00,Wallet,HDFC Gateway,1939.66,Failed
pay_103579,m_1000,cust_1132,2026-08-07 15:00:00,UPI,Razorpay,1607.07,Failed
pay_101026,m_1000,cust_1133,2026-08-07 15:00:00,UPI,ICICI UPI,3220.75,Failed
pay_102855,m_1004,cust_1134,2026-08-07 16:00:00,Card,Razorpay,5729.42,Failed
pay_102668,m_1004,cust_1135,2026-08-07 19:00:00,Card,HDFC Gateway,5724.04,Success
pay_101054,m_1004,cust_1136,2026-08-07 20:00:00,UPI,Razorpay,8684.06,Failed
pay_100068,m_1001,cust_1137,2026-08-07 21:00:00,UPI,Razorpay,1950.7,Failed
pay_104696,m_1001,cust_1138,2026-08-08 01:00:00,UPI,SBI Card Gateway,1174.3,Success
pay_103931,m_1001,cust_1139,2026-08-08 02:00:00,Card,HDFC Gateway,822.45,Failed
pay_101910,m_1002,cust_1140,2026-08-08 05:00:00,NetBanking,Razorpay,3792.51,Failed
pay_101214,m_1004,cust_1141,2026-08-08 06:00:00,UPI,SBI Card Gateway,2773.8,Success
pay_103535,m_1004,cust_1142,2026-08-08 07:00:00,Card,Razorpay,1487.12,Failed
pay_101252,m_1002,cust_1143,2026-08-08 07:00:00,UPI,Razorpay,3877.21,Success
pay_103613,m_1004,cust_1144,2026-08-08 07:00:00,Card,ICICI UPI,342.34,Failed
pay_104230,m_1000,cust_1145,2026-08-08 09:00:00,Wallet,SBI Card Gateway,929.06,Failed
pay_104592,m_1004,cust_1146,2026-08-08 12:00:00,NetBanking,Razorpay,3153.74,Failed
pay_102024,m_1003,cust_1147,2026-08-08 12:00:00,Card,Razorpay,1813.12,Failed
pay_103334,m_1002,cust_1148,2026-08-08 13:00:00,Card,Razorpay,1906.58,Failed
pay_100658,m_1002,cust_1149,2026-08-08 13:00:00,Card,SBI Card Gateway,1302.35,Failed
pay_101021,m_1004,cust_1150,2026-08-08 15:00:00,Wallet,SBI Card Gateway,1380.16,Failed
pay_103651,m_1002,cust_1151,2026-08-08 16:00:00,UPI,ICICI UPI,2130.51,Success
pay_104779,m_1004,cust_1152,2026-08-08 16:00:00,UPI,Razorpay,4659.96,Success
pay_103815,m_1000,cust_1153,2026-08-08 16:00:00,Wallet,Axis Wallet,2913.45,Failed
pay_101833,m_1004,cust_1154,2026-08-08 16:00:00,Card,ICICI UPI,4957.24,Failed
pay_103276,m_1003,cust_1155,2026-08-08 17:00:00,Card,Razorpay,3939.59,Failed
pay_101952,m_1002,cust_1156,2026-08-08 17:00:00,UPI,Axis Wallet,3850.1,Failed
pay_103531,m_1003,cust_1157,2026-08-08 18:00:00,UPI,Axis Wallet,5469.62,Failed
pay_103987,m_1002,cust_1158,2026-08-08 19:00:00,Wallet,Razorpay,1699.14,Failed
pay_103410,m_1003,cust_1159,2026-08-08 20:00:00,NetBanking,ICICI UPI,1393.14,Success
pay_102590,m_1001,cust_1160,2026-08-08 22:00:00,Card,SBI Card Gateway,6460.97,Failed
pay_100898,m_1002,cust_1161,2026-08-08 23:00:00,UPI,Razorpay,3075.06,Success
pay_103069,m_1002,cust_1162,2026-08-09 00:00:00,Card,Razorpay,50908.7,Failed
pay_104398,m_1001,cust_1163,2026-08-09 01:00:00,UPI,ICICI UPI,1904.62,Success
pay_102231,m_1003,cust_1164,2026-08-09 02:00:00,Wallet,ICICI UPI,3678.56,Success
pay_102794,m_1002,cust_1165,2026-08-09 03:00:00,UPI,SBI Card Gateway,1437.57,Failed
pay_104683,m_1001,cust_1166,2026-08-09 04:00:00,Card,Razorpay,3485.68,Success
pay_104679,m_1004,cust_1167,2026-08-09 04:00:00,Card,Razorpay,9615.61,Failed
pay_102704,m_1001,cust_1168,2026-08-09 05:00:00,UPI,ICICI UPI,930.3,Success
pay_104853,m_1003,cust_1169,2026-08-09 06:00:00,UPI,ICICI UPI,1463.78,Failed
pay_103154,m_1002,cust_1170,2026-08-09 06:00:00,Wallet,Razorpay,19159.89,Failed
pay_103560,m_1002,cust_1171,2026-08-09 08:00:00,UPI,Razorpay,986.98,Failed
pay_104290,m_1003,cust_1172,2026-08-09 08:00:00,NetBanking,Razorpay,2511.57,Failed
pay_104276,m_1003,cust_1173,2026-08-09 09:00:00,Card,Razorpay,1644.8,Failed
pay_100044,m_1000,cust_1174,2026-08-09 09:00:00,UPI,HDFC Gateway,552.82,Success
pay_101768,m_1002,cust_1175,2026-08-09 10:00:00,UPI,Razorpay,4765.29,Failed
pay_100386,m_1004,cust_1176,2026-08-09 10:00:00,Card,Razorpay,2708.55,Failed
pay_102311,m_1001,cust_1177,2026-08-09 11:00:00,Card,Razorpay,1235.85,Failed
pay_104393,m_1002,cust_1178,2026-08-09 11:00:00,NetBanking,Razorpay,5655.28,Success
pay_104837,m_1000,cust_1179,2026-08-09 11:00:00,UPI,Razorpay,2399.22,Success
pay_101361,m_1001,cust_1180,2026-08-09 12:00:00,Card,Razorpay,1196.55,Success
pay_104455,m_1001,cust_1181,2026-08-09 12:00:00,UPI,ICICI UPI,1235.69,Failed
pay_104643,m_1004,cust_1182,2026-08-09 13:00:00,Card,Razorpay,3283.68,Success
pay_102963,m_1002,cust_1183,2026-08-09 14:00:00,NetBanking,Axis Wallet,8332.82,Failed
pay_103916,m_1003,cust_1184,2026-08-09 14:00:00,UPI,Razorpay,13137.98,Failed
pay_101034,m_1000,cust_1185,2026-08-09 15:00:00,NetBanking,Razorpay,13705.68,Success
pay_100517,m_1001,cust_1186,2026-08-09 15:00:00,Card,HDFC Gateway,1400.54,Success
pay_104691,m_1002,cust_1187,2026-08-09 16:00:00,UPI,Axis Wallet,3442.68,Failed
pay_102439,m_1000,cust_1188,2026-08-09 17:00:00,Card,ICICI UPI,820.92,Failed
pay_102710,m_1003,cust_1189,2026-08-09 17:00:00,Card,Axis Wallet,3566.67,Failed
pay_101455,m_1000,cust_1190,2026-08-09 19:00:00,UPI,SBI Card Gateway,1513.88,Failed
pay_102330,m_1002,cust_1191,2026-08-09 21:00:00,UPI,Razorpay,5513.45,Success
pay_103797,m_1003,cust_1192,2026-08-09 22:00:00,UPI,Razorpay,1822.29,Failed
pay_100278,m_1002,cust_1193,2026-08-09 22:00:00,UPI,ICICI UPI,6249.85,Failed
pay_102128,m_1002,cust_1194,2026-08-10 01:00:00,UPI,Razorpay,5262.78,Failed
pay_100035,m_1003,cust_1195,2026-08-10 03:00:00,Wallet,Razorpay,14706.5,Failed
pay_102887,m_1003,cust_1196,2026-08-10 05:00:00,UPI,SBI Card Gateway,1230.42,Success
pay_102803,m_1004,cust_1197,2026-08-10 06:00:00,UPI,SBI Card Gateway,445.08,Success
pay_102524,m_1004,cust_1198,2026-08-10 09:00:00,Card,ICICI UPI,2743.5,Success
pay_102001,m_1000,cust_1199,2026-08-10 10:00:00,UPI,Razorpay,12249.11,Failed
pay_101888,m_1004,cust_1200,2026-08-10 13:00:00,NetBanking,Razorpay,1669.32,Failed
pay_102372,m_1002,cust_1201,2026-08-10 14:00:00,UPI,SBI Card Gateway,4932.18,Success
pay_100618,m_1004,cust_1202,2026-08-10 14:00:00,Wallet,Razorpay,3445.94,Failed
pay_103532,m_1001,cust_1203,2026-08-10 14:00:00,UPI,Razorpay,767.57,Failed
pay_104736,m_1001,cust_1204,2026-08-10 14:00:00,Card,HDFC Gateway,5883.68,Failed
pay_103500,m_1001,cust_1205,2026-08-10 14:00:00,NetBanking,Razorpay,11144.79,Failed
pay_103918,m_1001,cust_1206,2026-08-10 17:00:00,UPI,Razorpay,1109.26,Failed
pay_104483,m_1001,cust_1207,2026-08-10 17:00:00,UPI,ICICI UPI,1467.69,Success
pay_101469,m_1004,cust_1208,2026-08-10 17:00:00,NetBanking,Razorpay,4609.71,Success
pay_101410,m_1004,cust_1209,2026-08-10 17:00:00,UPI,Razorpay,2127.45,Failed
pay_101350,m_1004,cust_1210,2026-08-10 18:00:00,UPI,Razorpay,443.96,Success
pay_102981,m_1004,cust_1211,2026-08-10 18:00:00,UPI,HDFC Gateway,1738.49,Success
pay_101614,m_1002,cust_1212,2026-08-10 18:00:00,NetBanking,Razorpay,820.34,Success
pay_102787,m_1001,cust_1213,2026-08-10 20:00:00,NetBanking,Razorpay,989.0,Failed
pay_102459,m_1001,cust_1214,2026-08-10 22:00:00,UPI,Razorpay,13327.07,Failed
pay_103188,m_1000,cust_1215,2026-08-10 22:00:00,UPI,HDFC Gateway,1472.72,Failed
pay_104872,m_1000,cust_1216,2026-08-10 23:00:00,NetBanking,ICICI UPI,5460.45,Success
pay_104860,m_1003,cust_1217,2026-08-10 23:00:00,UPI,Razorpay,5440.79,Success
pay_103112,m_1002,cust_1218,2026-08-10 23:00:00,UPI,SBI Card Gateway,571.69,Failed
pay_104387,m_1000,cust_1219,2026-08-11 00:00:00,Card,Razorpay,1098.69,Failed
pay_104517,m_1000,cust_1220,2026-08-11 01:00:00,UPI,Razorpay,1808.32,Failed
pay_100149,m_1000,cust_1221,2026-08-11 03:00:00,Card,Axis Wallet,1910.61,Failed
pay_101135,m_1002,cust_1222,2026-08-11 03:00:00,Wallet,SBI Card Gateway,1691.54,Failed
pay_102656,m_1002,cust_1223,2026-08-11 03:00:00,UPI,HDFC Gateway,7338.74,Success
pay_103508,m_1001,cust_1224,2026-08-11 03:00:00,UPI,Razorpay,1620.79,Success
pay_103183,m_1002,cust_1225,2026-08-11 04:00:00,UPI,ICICI UPI,13998.97,Failed
pay_104892,m_1003,cust_1226,2026-08-11 04:00:00,UPI,ICICI UPI,1519.5,Success
pay_100857,m_1000,cust_1227,2026-08-11 07:00:00,Card,Razorpay,7422.99,Failed
pay_101978,m_1000,cust_1228,2026-08-11 08:00:00,UPI,Axis Wallet,2107.65,Success
pay_101800,m_1002,cust_1229,2026-08-11 08:00:00,NetBanking,Razorpay,6050.87,Success
pay_103356,m_1002,cust_1230,2026-08-11 09:00:00,UPI,Razorpay,1842.86,Failed
pay_104701,m_1001,cust_1231,2026-08-11 11:00:00,Card,SBI Card Gateway,7777.87,Failed
pay_103780,m_1001,cust_1232,2026-08-11 11:00:00,UPI,HDFC Gateway,590.7,Success
pay_101020,m_1001,cust_1233,2026-08-11 13:00:00,Card,Razorpay,3241.01,Success
pay_104184,m_1000,cust_1234,2026-08-11 14:00:00,Wallet,ICICI UPI,12441.15,Failed
pay_104854,m_1003,cust_1235,2026-08-11 14:00:00,NetBanking,Razorpay,1630.95,Failed
pay_101025,m_1003,cust_1236,2026-08-11 14:00:00,Card,Axis Wallet,1739.59,Success
pay_100541,m_1000,cust_1237,2026-08-11 15:00:00,Card,HDFC Gateway,2904.32,Failed
pay_103451,m_1004,cust_1238,2026-08-11 16:00:00,Card,Axis Wallet,697.92,Failed
pay_102487,m_1003,cust_1239,2026-08-11 16:00:00,Card,Razorpay,9194.84,Success
pay_103799,m_1003,cust_1240,2026-08-11 17:00:00,Card,Razorpay,1616.15,Failed
pay_101266,m_1000,cust_1241,2026-08-11 17:00:00,Card,SBI Card Gateway,7743.41,Success
pay_100897,m_1001,cust_1242,2026-08-11 19:00:00,NetBanking,Razorpay,2991.75,Failed
pay_101982,m_1002,cust_1243,2026-08-11 21:00:00,Card,Razorpay,9481.11,Failed
pay_100545,m_1000,cust_1244,2026-08-12 00:00:00,NetBanking,Razorpay,8596.83,Failed
pay_100886,m_1001,cust_1245,2026-08-12 01:00:00,Card,Axis Wallet,1613.76,Failed
pay_102313,m_1000,cust_1246,2026-08-12 02:00:00,Card,Axis Wallet,13689.4,Success
pay_102617,m_1004,cust_1247,2026-08-12 03:00:00,Card,Razorpay,3641.42,Failed
pay_104340,m_1002,cust_1248,2026-08-12 06:00:00,Card,SBI Card Gateway,2286.07,Failed
pay_100583,m_1002,cust_1249,2026-08-12 06:00:00,Card,Razorpay,1834.18,Failed
pay_101652,m_1004,cust_1000,2026-08-12 06:00:00,Card,ICICI UPI,820.86,Failed
pay_104723,m_1002,cust_1001,2026-08-12 07:00:00,Card,Razorpay,2896.94,Failed
pay_100847,m_1002,cust_1002,2026-08-12 07:00:00,UPI,Razorpay,886.63,Failed
pay_104119,m_1003,cust_1003,2026-08-12 07:00:00,UPI,Razorpay,294.57,Success
pay_103616,m_1002,cust_1004,2026-08-12 08:00:00,UPI,Razorpay,5204.99,Failed
pay_102277,m_1002,cust_1005,2026-08-12 08:00:00,Card,Razorpay,10099.61,Failed
pay_101452,m_1004,cust_1006,2026-08-12 09:00:00,UPI,Razorpay,6045.77,Success
pay_101463,m_1001,cust_1007,2026-08-12 10:00:00,UPI,Razorpay,231.57,Failed
pay_104985,m_1001,cust_1008,2026-08-12 10:00:00,NetBanking,Razorpay,3758.71,Success
pay_102504,m_1004,cust_1009,2026-08-12 11:00:00,Card,Razorpay,1718.0,Failed
pay_103463,m_1003,cust_1010,2026-08-12 11:00:00,UPI,Razorpay,812.29,Success
pay_102971,m_1003,cust_1011,2026-08-12 11:00:00,UPI,HDFC Gateway,2968.95,Failed
pay_103337,m_1000,cust_1012,2026-08-12 12:00:00,NetBanking,SBI Card Gateway,3755.73,Success
pay_101641,m_1000,cust_1013,2026-08-12 12:00:00,UPI,Razorpay,881.41,Failed
pay_104951,m_1000,cust_1014,2026-08-12 13:00:00,Card,HDFC Gateway,1014.84,Failed
pay_101975,m_1000,cust_1015,2026-08-12 14:00:00,UPI,Razorpay,3359.39,Success
pay_100698,m_1000,cust_1016,2026-08-12 14:00:00,NetBanking,HDFC Gateway,2053.48,Failed
pay_104346,m_1002,cust_1017,2026-08-12 16:00:00,UPI,ICICI UPI,2448.79,Failed
pay_102411,m_1002,cust_1018,2026-08-12 17:00:00,NetBanking,Axis Wallet,2557.79,Failed
pay_102883,m_1000,cust_1019,2026-08-12 18:00:00,NetBanking,Razorpay,5368.3,Failed
pay_100573,m_1003,cust_1020,2026-08-12 18:00:00,Card,SBI Card Gateway,2401.45,Failed
pay_101285,m_1001,cust_1021,2026-08-12 19:00:00,UPI,SBI Card Gateway,2633.34,Failed
pay_104893,m_1004,cust_1022,2026-08-12 19:00:00,NetBanking,Razorpay,6347.98,Success
pay_101269,m_1001,cust_1023,2026-08-12 20:00:00,UPI,ICICI UPI,6430.27,Failed
pay_101517,m_1003,cust_1024,2026-08-12 21:00:00,Card,HDFC Gateway,779.02,Failed
pay_104328,m_1002,cust_1025,2026-08-12 22:00:00,Wallet,Razorpay,973.22,Failed
pay_101462,m_1002,cust_1026,2026-08-13 01:00:00,Card,Razorpay,1546.32,Failed
pay_104021,m_1002,cust_1027,2026-08-13 02:00:00,UPI,Razorpay,2020.78,Success
pay_104769,m_1001,cust_1028,2026-08-13 02:00:00,UPI,Razorpay,7774.88,Failed
pay_101525,m_1004,cust_1029,2026-08-13 02:00:00,NetBanking,HDFC Gateway,6683.95,Success
pay_101780,m_1000,cust_1030,2026-08-13 04:00:00,UPI,HDFC Gateway,4632.94,Failed
pay_103362,m_1003,cust_1031,2026-08-13 06:00:00,UPI,Razorpay,3611.94,Failed
pay_104126,m_1002,cust_1032,2026-08-13 08:00:00,UPI,Razorpay,726.93,Failed
pay_103851,m_1003,cust_1033,2026-08-13 08:00:00,Card,Razorpay,1603.01,Success
pay_103870,m_1000,cust_1034,2026-08-13 08:00:00,UPI,Razorpay,4013.62,Success
pay_103012,m_1004,cust_1035,2026-08-13 09:00:00,Wallet,Razorpay,3361.03,Success
pay_101805,m_1002,cust_1036,2026-08-13 11:00:00,Card,Axis Wallet,4394.39,Success
pay_104268,m_1001,cust_1037,2026-08-13 12:00:00,Card,HDFC Gateway,1295.91,Failed
pay_102779,m_1000,cust_1038,2026-08-13 12:00:00,NetBanking,Razorpay,4735.6,Failed
pay_100351,m_1002,cust_1039,2026-08-13 12:00:00,Card,HDFC Gateway,497.45,Success
pay_100396,m_1001,cust_1040,2026-08-13 13:00:00,UPI,ICICI UPI,5877.75,Success
pay_104550,m_1000,cust_1041,2026-08-13 13:00:00,UPI,SBI Card Gateway,1779.29,Success
pay_104775,m_1003,cust_1042,2026-08-13 13:00:00,UPI,Razorpay,152.07,Success
pay_101109,m_1004,cust_1043,2026-08-13 14:00:00,UPI,Axis Wallet,1648.03,Failed
pay_100810,m_1001,cust_1044,2026-08-13 16:00:00,UPI,SBI Card Gateway,8792.63,Failed
pay_102521,m_1002,cust_1045,2026-08-13 16:00:00,Card,Razorpay,5126.75,Failed
pay_102370,m_1003,cust_1046,2026-08-13 17:00:00,NetBanking,Razorpay,927.6,Success
pay_100055,m_1003,cust_1047,2026-08-13 17:00:00,UPI,ICICI UPI,6489.1,Success
pay_102338,m_1001,cust_1048,2026-08-13 19:00:00,Card,HDFC Gateway,4981.95,Success
pay_100561,m_1003,cust_1049,2026-08-13 19:00:00,Card,Axis Wallet,1415.57,Success
pay_104595,m_1001,cust_1050,2026-08-13 20:00:00,Card,ICICI UPI,4132.79,Failed
pay_101870,m_1003,cust_1051,2026-08-13 20:00:00,UPI,Axis Wallet,2278.57,Failed
pay_100816,m_1000,cust_1052,2026-08-13 20:00:00,Card,Razorpay,3288.07,Success
pay_104319,m_1001,cust_1053,2026-08-13 23:00:00,Card,Razorpay,925.15,Failed
pay_103879,m_1000,cust_1054,2026-08-13 23:00:00,UPI,Razorpay,1264.02,Success
pay_100901,m_1003,cust_1055,2026-08-14 00:00:00,UPI,Razorpay,1718.51,Success
pay_104091,m_1001,cust_1056,2026-08-14 00:00:00,Card,HDFC Gateway,2018.47,Success
pay_104188,m_1004,cust_1057,2026-08-14 01:00:00,Card,SBI Card Gateway,9340.39,Failed
pay_100249,m_1002,cust_1058,2026-08-14 03:00:00,Wallet,Razorpay,2969.75,Success
pay_101018,m_1000,cust_1059,2026-08-14 03:00:00,UPI,SBI Card Gateway,2622.89,Failed
pay_101098,m_1002,cust_1060,2026-08-14 04:00:00,UPI,Razorpay,542.24,Failed
pay_101451,m_1000,cust_1061,2026-08-14 05:00:00,Wallet,SBI Card Gateway,11556.71,Success
pay_101239,m_1003,cust_1062,2026-08-14 06:00:00,UPI,Axis Wallet,1201.43,Failed
pay_102880,m_1003,cust_1063,2026-08-14 07:00:00,UPI,Razorpay,2003.7,Success
pay_104750,m_1001,cust_1064,2026-08-14 07:00:00,UPI,Razorpay,3437.21,Failed
pay_102771,m_1000,cust_1065,2026-08-14 08:00:00,UPI,Razorpay,2331.23,Success
pay_100869,m_1003,cust_1066,2026-08-14 09:00:00,Wallet,Axis Wallet,27418.13,Success
pay_102727,m_1002,cust_1067,2026-08-14 09:00:00,Card,Axis Wallet,13788.57,Failed
pay_102037,m_1002,cust_1068,2026-08-14 09:00:00,Card,Razorpay,3790.64,Success
pay_104235,m_1000,cust_1069,2026-08-14 12:00:00,Card,Razorpay,6434.9,Failed
pay_104591,m_1003,cust_1070,2026-08-14 12:00:00,Wallet,Axis Wallet,3123.69,Failed
pay_102202,m_1003,cust_1071,2026-08-14 13:00:00,Card,SBI Card Gateway,5441.87,Failed
pay_104193,m_1000,cust_1072,2026-08-14 14:00:00,NetBanking,ICICI UPI,2290.22,Success
pay_104457,m_1003,cust_1073,2026-08-14 15:00:00,UPI,Axis Wallet,2515.02,Failed
pay_103239,m_1004,cust_1074,2026-08-14 16:00:00,UPI,Razorpay,705.04,Success
pay_102629,m_1004,cust_1075,2026-08-14 16:00:00,Card,ICICI UPI,13375.92,Success
pay_103754,m_1000,cust_1076,2026-08-14 19:00:00,UPI,Razorpay,3967.09,Failed
pay_100327,m_1004,cust_1077,2026-08-14 21:00:00,UPI,Razorpay,6656.83,Failed
pay_103632,m_1002,cust_1078,2026-08-14 22:00:00,Wallet,SBI Card Gateway,5203.0,Success
pay_100116,m_1003,cust_1079,2026-08-14 22:00:00,Wallet,Razorpay,3460.45,Failed
pay_104968,m_1004,cust_1080,2026-08-14 22:00:00,NetBanking,SBI Card Gateway,2474.65,Success
pay_103544,m_1004,cust_1081,2026-08-14 22:00:00,UPI,ICICI UPI,951.01,Failed
pay_101265,m_1004,cust_1082,2026-08-14 23:00:00,UPI,Razorpay,1133.4,Failed
pay_104551,m_1000,cust_1083,2026-08-15 01:00:00,UPI,Razorpay,1394.1,Failed
pay_101908,m_1002,cust_1084,2026-08-15 01:00:00,Card,Razorpay,1391.62,Failed
pay_100843,m_1001,cust_1085,2026-08-15 02:00:00,NetBanking,Razorpay,1631.61,Failed
pay_104298,m_1000,cust_1086,2026-08-15 02:00:00,UPI,Razorpay,5099.21,Failed
pay_102763,m_1004,cust_1087,2026-08-15 03:00:00,Card,Razorpay,3373.37,Failed
pay_100969,m_1003,cust_1088,2026-08-15 03:00:00,Card,HDFC Gateway,5797.31,Failed
pay_101445,m_1001,cust_1089,2026-08-15 04:00:00,UPI,SBI Card Gateway,23672.87,Failed
pay_104944,m_1004,cust_1090,2026-08-15 04:00:00,NetBanking,Razorpay,2391.24,Success
pay_104002,m_1003,cust_1091,2026-08-15 06:00:00,Card,Axis Wallet,2222.76,Failed
pay_102865,m_1000,cust_1092,2026-08-15 07:00:00,NetBanking,HDFC Gateway,3086.44,Success
pay_100662,m_1002,cust_1093,2026-08-15 07:00:00,Wallet,Axis Wallet,3014.69,Success
pay_103319,m_1002,cust_1094,2026-08-15 07:00:00,UPI,Razorpay,9414.56,Failed
pay_101682,m_1001,cust_1095,2026-08-15 07:00:00,NetBanking,Razorpay,10733.89,Success
pay_102321,m_1001,cust_1096,2026-08-15 08:00:00,Card,SBI Card Gateway,660.42,Failed
pay_100146,m_1001,cust_1097,2026-08-15 09:00:00,UPI,Axis Wallet,2942.2,Success
pay_104303,m_1004,cust_1098,2026-08-15 11:00:00,UPI,Axis Wallet,797.45,Success
pay_104274,m_1003,cust_1099,2026-08-15 15:00:00,Card,Razorpay,2325.26,Failed
pay_104243,m_1003,cust_1100,2026-08-15 17:00:00,UPI,ICICI UPI,770.92,Failed
pay_104641,m_1004,cust_1101,2026-08-15 18:00:00,Card,Razorpay,6505.49,Success
pay_102498,m_1003,cust_1102,2026-08-15 19:00:00,UPI,Razorpay,3983.81,Failed
pay_100786,m_1003,cust_1103,2026-08-15 19:00:00,Card,Axis Wallet,273.45,Success
pay_103681,m_1000,cust_1104,2026-08-15 20:00:00,UPI,SBI Card Gateway,2255.81,Success
pay_104035,m_1001,cust_1105,2026-08-15 20:00:00,Card,SBI Card Gateway,7195.99,Failed
pay_102262,m_1001,cust_1106,2026-08-15 21:00:00,Card,Razorpay,2656.96,Success
pay_100384,m_1002,cust_1107,2026-08-15 21:00:00,NetBanking,Razorpay,398.65,Failed
pay_101535,m_1000,cust_1108,2026-08-15 23:00:00,UPI,Razorpay,854.75,Failed
pay_102950,m_1003,cust_1109,2026-08-15 23:00:00,UPI,Axis Wallet,2475.88,Failed
pay_104159,m_1000,cust_1110,2026-08-16 00:00:00,Wallet,Razorpay,4013.63,Success
pay_102558,m_1000,cust_1111,2026-08-16 00:00:00,Card,Razorpay,1532.84,Failed
pay_103457,m_1003,cust_1112,2026-08-16 01:00:00,NetBanking,Razorpay,5899.11,Success
pay_100137,m_1004,cust_1113,2026-08-16 01:00:00,Card,Razorpay,1839.68,Success
pay_104530,m_1000,cust_1114,2026-08-16 04:00:00,UPI,Razorpay,8542.54,Failed
pay_103536,m_1002,cust_1115,2026-08-16 04:00:00,Card,Razorpay,24434.17,Failed
pay_101868,m_1004,cust_1116,2026-08-16 04:00:00,UPI,Razorpay,3147.72,Success
pay_101943,m_1004,cust_1117,2026-08-16 05:00:00,UPI,Axis Wallet,2953.99,Failed
pay_104534,m_1004,cust_1118,2026-08-16 06:00:00,Wallet,Axis Wallet,979.47,Failed
pay_101589,m_1003,cust_1119,2026-08-16 06:00:00,UPI,HDFC Gateway,3050.48,Success
pay_101299,m_1000,cust_1120,2026-08-16 07:00:00,Card,Razorpay,5737.12,Failed
pay_101492,m_1002,cust_1121,2026-08-16 08:00:00,UPI,HDFC Gateway,1850.46,Failed
pay_100829,m_1004,cust_1122,2026-08-16 09:00:00,Card,Razorpay,9574.32,Success
pay_104714,m_1001,cust_1123,2026-08-16 13:00:00,Card,Razorpay,5555.55,Failed
pay_103485,m_1000,cust_1124,2026-08-16 17:00:00,NetBanking,Razorpay,1287.67,Failed
pay_102468,m_1004,cust_1125,2026-08-16 18:00:00,UPI,ICICI UPI,1865.51,Success
pay_102635,m_1003,cust_1126,2026-08-16 20:00:00,Card,SBI Card Gateway,4600.84,Failed
pay_102409,m_1002,cust_1127,2026-08-16 20:00:00,Card,SBI Card Gateway,5119.79,Failed
pay_102222,m_1000,cust_1128,2026-08-16 20:00:00,Card,Razorpay,1208.93,Success
pay_104644,m_1003,cust_1129,2026-08-16 20:00:00,UPI,Razorpay,808.05,Failed
pay_102328,m_1004,cust_1130,2026-08-16 21:00:00,UPI,Razorpay,447.96,Success
pay_103996,m_1003,cust_1131,2026-08-17 00:00:00,UPI,Razorpay,1254.15,Failed
pay_101398,m_1004,cust_1132,2026-08-17 02:00:00,UPI,HDFC Gateway,3150.65,Success
pay_104259,m_1003,cust_1133,2026-08-17 02:00:00,NetBanking,Razorpay,22217.05,Success
pay_100428,m_1001,cust_1134,2026-08-17 02:00:00,Card,Razorpay,11791.21,Failed
pay_104912,m_1000,cust_1135,2026-08-17 02:00:00,Card,Razorpay,1010.21,Failed
pay_100453,m_1000,cust_1136,2026-08-17 03:00:00,UPI,Razorpay,464.43,Failed
pay_101179,m_1000,cust_1137,2026-08-17 03:00:00,Card,Axis Wallet,910.1,Failed
pay_103441,m_1004,cust_1138,2026-08-17 05:00:00,UPI,Razorpay,1054.29,Failed
pay_102711,m_1000,cust_1139,2026-08-17 07:00:00,UPI,Razorpay,9181.53,Failed
pay_100820,m_1004,cust_1140,2026-08-17 07:00:00,Wallet,ICICI UPI,1699.32,Success
pay_102260,m_1001,cust_1141,2026-08-17 08:00:00,Card,HDFC Gateway,1603.09,Failed
pay_104699,m_1000,cust_1142,2026-08-17 08:00:00,Card,HDFC Gateway,6312.21,Success
pay_103118,m_1002,cust_1143,2026-08-17 08:00:00,Card,Razorpay,23107.52,Success
pay_101782,m_1000,cust_1144,2026-08-17 08:00:00,Card,Razorpay,4486.17,Failed
pay_103308,m_1003,cust_1145,2026-08-17 09:00:00,UPI,Razorpay,3277.81,Success
pay_102137,m_1003,cust_1146,2026-08-17 10:00:00,NetBanking,Razorpay,4223.53,Failed
pay_103946,m_1003,cust_1147,2026-08-17 10:00:00,NetBanking,SBI Card Gateway,1598.51,Success
pay_101743,m_1002,cust_1148,2026-08-17 11:00:00,UPI,HDFC Gateway,11552.56,Failed
pay_100271,m_1000,cust_1149,2026-08-17 12:00:00,NetBanking,SBI Card Gateway,1045.44,Success
pay_100169,m_1002,cust_1150,2026-08-17 12:00:00,UPI,SBI Card Gateway,5334.57,Failed
pay_103804,m_1002,cust_1151,2026-08-17 14:00:00,Card,Razorpay,917.21,Failed
pay_104075,m_1001,cust_1152,2026-08-17 14:00:00,UPI,Razorpay,3713.74,Success
pay_100368,m_1003,cust_1153,2026-08-17 15:00:00,Card,Razorpay,1401.96,Failed
pay_101166,m_1003,cust_1154,2026-08-17 16:00:00,UPI,HDFC Gateway,7303.93,Failed
pay_104061,m_1002,cust_1155,2026-08-17 16:00:00,UPI,ICICI UPI,1357.8,Failed
pay_103803,m_1003,cust_1156,2026-08-17 17:00:00,Card,Razorpay,2494.46,Failed
pay_100299,m_1003,cust_1157,2026-08-17 17:00:00,Wallet,Axis Wallet,3153.22,Success
pay_103787,m_1001,cust_1158,2026-08-17 19:00:00,UPI,Razorpay,1720.43,Failed
pay_100539,m_1003,cust_1159,2026-08-17 19:00:00,Wallet,Axis Wallet,1630.12,Failed
pay_102170,m_1002,cust_1160,2026-08-17 20:00:00,Card,SBI Card Gateway,3957.15,Failed
pay_101528,m_1004,cust_1161,2026-08-17 22:00:00,NetBanking,Razorpay,5399.13,Failed
pay_104562,m_1003,cust_1162,2026-08-17 22:00:00,Wallet,Razorpay,1245.56,Failed
pay_102089,m_1001,cust_1163,2026-08-18 01:00:00,Card,SBI Card Gateway,8543.61,Success
pay_100232,m_1001,cust_1164,2026-08-18 02:00:00,UPI,Razorpay,1427.87,Failed
pay_101593,m_1003,cust_1165,2026-08-18 04:00:00,Card,Razorpay,2837.76,Failed
pay_104526,m_1004,cust_1166,2026-08-18 05:00:00,Wallet,Razorpay,2453.11,Failed
pay_104116,m_1000,cust_1167,2026-08-18 06:00:00,NetBanking,SBI Card Gateway,3715.66,Failed
pay_103857,m_1003,cust_1168,2026-08-18 07:00:00,UPI,Axis Wallet,1906.87,Failed
pay_101651,m_1001,cust_1169,2026-08-18 08:00:00,Card,ICICI UPI,1391.8,Failed
pay_100477,m_1000,cust_1170,2026-08-18 09:00:00,Card,ICICI UPI,1584.84,Failed
pay_103897,m_1001,cust_1171,2026-08-18 09:00:00,UPI,ICICI UPI,464.89,Failed
pay_100414,m_1003,cust_1172,2026-08-18 09:00:00,UPI,Razorpay,4889.7,Failed
pay_101365,m_1002,cust_1173,2026-08-18 10:00:00,Wallet,Razorpay,5556.26,Success
pay_103504,m_1002,cust_1174,2026-08-18 12:00:00,UPI,SBI Card Gateway,1560.96,Success
pay_102974,m_1004,cust_1175,2026-08-18 12:00:00,UPI,Axis Wallet,7788.73,Failed
pay_104504,m_1001,cust_1176,2026-08-18 14:00:00,Card,Axis Wallet,836.71,Failed
pay_101623,m_1001,cust_1177,2026-08-18 15:00:00,Card,SBI Card Gateway,1780.35,Success
pay_104103,m_1000,cust_1178,2026-08-18 16:00:00,Wallet,SBI Card Gateway,2377.26,Success
pay_103135,m_1002,cust_1179,2026-08-18 18:00:00,Wallet,Razorpay,1721.93,Failed
pay_100888,m_1002,cust_1180,2026-08-18 18:00:00,UPI,Axis Wallet,13936.58,Failed
pay_104930,m_1002,cust_1181,2026-08-18 22:00:00,UPI,Axis Wallet,2719.64,Success
pay_101037,m_1001,cust_1182,2026-08-18 23:00:00,Card,Razorpay,435.51,Success
pay_103102,m_1001,cust_1183,2026-08-19 00:00:00,Card,Razorpay,1855.6,Success
pay_100838,m_1001,cust_1184,2026-08-19 00:00:00,UPI,Axis Wallet,2215.51,Failed
pay_104229,m_1000,cust_1185,2026-08-19 01:00:00,UPI,Razorpay,2874.94,Failed
pay_100409,m_1002,cust_1186,2026-08-19 02:00:00,UPI,Razorpay,742.51,Success
pay_101120,m_1000,cust_1187,2026-08-19 02:00:00,Wallet,Razorpay,5771.34,Success
pay_104045,m_1000,cust_1188,2026-08-19 03:00:00,UPI,ICICI UPI,2062.91,Success
pay_100789,m_1001,cust_1189,2026-08-19 09:00:00,UPI,ICICI UPI,2125.17,Failed
pay_101681,m_1000,cust_1190,2026-08-19 09:00:00,Card,HDFC Gateway,4749.83,Failed
pay_103903,m_1001,cust_1191,2026-08-19 10:00:00,Card,ICICI UPI,1278.71,Success
pay_104392,m_1004,cust_1192,2026-08-19 10:00:00,Card,Razorpay,3815.32,Failed
pay_100800,m_1001,cust_1193,2026-08-19 10:00:00,UPI,SBI Card Gateway,4965.47,Failed
pay_103821,m_1001,cust_1194,2026-08-19 15:00:00,Wallet,HDFC Gateway,4000.74,Success
pay_104787,m_1004,cust_1195,2026-08-19 15:00:00,NetBanking,Axis Wallet,4083.14,Failed
pay_101069,m_1000,cust_1196,2026-08-19 16:00:00,UPI,Razorpay,8644.17,Success
pay_101762,m_1000,cust_1197,2026-08-19 18:00:00,UPI,Razorpay,1378.92,Failed
pay_103798,m_1004,cust_1198,2026-08-19 19:00:00,UPI,Axis Wallet,3426.03,Failed
pay_100302,m_1004,cust_1199,2026-08-19 20:00:00,Card,ICICI UPI,664.23,Failed
pay_101531,m_1004,cust_1200,2026-08-19 22:00:00,UPI,Razorpay,11676.6,Failed
pay_102442,m_1001,cust_1201,2026-08-19 22:00:00,Card,HDFC Gateway,3183.58,Failed
pay_103724,m_1000,cust_1202,2026-08-20 00:00:00,NetBanking,Razorpay,1712.51,Failed
pay_101806,m_1002,cust_1203,2026-08-20 01:00:00,Card,HDFC Gateway,2569.9,Success
pay_104767,m_1001,cust_1204,2026-08-20 01:00:00,Card,Razorpay,1459.6,Failed
pay_104130,m_1004,cust_1205,2026-08-20 02:00:00,NetBanking,Razorpay,4877.99,Success
pay_101174,m_1001,cust_1206,2026-08-20 02:00:00,Card,Axis Wallet,2986.58,Success
pay_101278,m_1001,cust_1207,2026-08-20 03:00:00,Card,SBI Card Gateway,6366.32,Failed
pay_104688,m_1002,cust_1208,2026-08-20 04:00:00,NetBanking,Razorpay,8052.62,Success
pay_103398,m_1003,cust_1209,2026-08-20 04:00:00,Card,Axis Wallet,777.28,Failed
pay_100706,m_1004,cust_1210,2026-08-20 05:00:00,Wallet,HDFC Gateway,820.48,Failed
pay_102201,m_1002,cust_1211,2026-08-20 06:00:00,NetBanking,Razorpay,1115.07,Success
pay_104360,m_1002,cust_1212,2026-08-20 06:00:00,UPI,ICICI UPI,3247.09,Failed
pay_100103,m_1003,cust_1213,2026-08-20 07:00:00,NetBanking,Razorpay,5303.77,Failed
pay_101189,m_1000,cust_1214,2026-08-20 07:00:00,UPI,Razorpay,4481.93,Success
pay_100574,m_1004,cust_1215,2026-08-20 08:00:00,NetBanking,HDFC Gateway,720.23,Failed
pay_100464,m_1000,cust_1216,2026-08-20 10:00:00,UPI,ICICI UPI,3704.68,Failed
pay_102400,m_1002,cust_1217,2026-08-20 11:00:00,Card,ICICI UPI,20972.4,Failed
pay_104884,m_1002,cust_1218,2026-08-20 11:00:00,NetBanking,Razorpay,730.19,Failed
pay_104054,m_1000,cust_1219,2026-08-20 13:00:00,UPI,Razorpay,12337.86,Success
pay_102645,m_1003,cust_1220,2026-08-20 15:00:00,NetBanking,Razorpay,1603.89,Success
pay_100844,m_1004,cust_1221,2026-08-20 15:00:00,UPI,Axis Wallet,1607.45,Failed
pay_103216,m_1001,cust_1222,2026-08-20 15:00:00,Wallet,SBI Card Gateway,3989.89,Success
pay_100845,m_1004,cust_1223,2026-08-20 15:00:00,Wallet,Razorpay,3410.79,Failed
pay_100380,m_1000,cust_1224,2026-08-20 16:00:00,Card,Razorpay,469.34,Failed
pay_100772,m_1003,cust_1225,2026-08-20 17:00:00,Card,SBI Card Gateway,4427.26,Failed
pay_101236,m_1001,cust_1226,2026-08-20 18:00:00,Card,ICICI UPI,1527.46,Failed
pay_102788,m_1000,cust_1227,2026-08-20 18:00:00,NetBanking,ICICI UPI,4935.83,Success
pay_101549,m_1001,cust_1228,2026-08-20 18:00:00,Card,Razorpay,640.53,Success
pay_104597,m_1000,cust_1229,2026-08-20 18:00:00,UPI,Razorpay,9328.7,Success
pay_102627,m_1004,cust_1230,2026-08-20 19:00:00,UPI,ICICI UPI,1859.8,Failed
pay_101293,m_1001,cust_1231,2026-08-20 19:00:00,Card,SBI Card Gateway,17026.62,Failed
pay_100900,m_1004,cust_1232,2026-08-20 20:00:00,UPI,Razorpay,2899.23,Failed
pay_103233,m_1000,cust_1233,2026-08-20 20:00:00,Card,SBI Card Gateway,1727.83,Success
pay_101621,m_1004,cust_1234,2026-08-20 21:00:00,UPI,Razorpay,448.66,Failed
pay_101738,m_1001,cust_1235,2026-08-21 00:00:00,UPI,ICICI UPI,2617.89,Success
pay_103190,m_1004,cust_1236,2026-08-21 01:00:00,UPI,Axis Wallet,356.58,Failed
pay_104110,m_1000,cust_1237,2026-08-21 01:00:00,Wallet,Razorpay,747.17,Failed
pay_104626,m_1003,cust_1238,2026-08-21 01:00:00,NetBanking,SBI Card Gateway,4210.7,Failed
pay_101912,m_1001,cust_1239,2026-08-21 01:00:00,Wallet,Razorpay,4230.51,Success
pay_101995,m_1004,cust_1240,2026-08-21 05:00:00,NetBanking,Razorpay,791.7,Success
pay_101481,m_1000,cust_1241,2026-08-21 07:00:00,Card,ICICI UPI,4681.81,Failed
pay_101948,m_1000,cust_1242,2026-08-21 07:00:00,Card,Razorpay,7063.44,Failed
pay_104690,m_1002,cust_1243,2026-08-21 08:00:00,Wallet,HDFC Gateway,1665.81,Failed
pay_101408,m_1004,cust_1244,2026-08-21 08:00:00,Card,ICICI UPI,2738.65,Success
pay_101487,m_1001,cust_1245,2026-08-21 09:00:00,NetBanking,Axis Wallet,489.86,Failed
pay_102258,m_1004,cust_1246,2026-08-21 09:00:00,UPI,Razorpay,1228.33,Success
pay_102441,m_1004,cust_1247,2026-08-21 10:00:00,Card,Razorpay,1316.02,Success
pay_103673,m_1002,cust_1248,2026-08-21 12:00:00,UPI,SBI Card Gateway,7386.85,Failed
pay_102315,m_1002,cust_1249,2026-08-21 12:00:00,UPI,ICICI UPI,3345.3,Failed
