attempt_id,payment_id,strategy,attempt_number,delay_minutes,attempt_status,predicted_recovery_probability,recovered_amount_inr,risk_amount_inr,resolved_at
att_10000,pay_104421,Email reminder,3,15,Recovered,0.501,2823.02,0.0,2026-02-22 17:52:00
att_10001,pay_102261,Email reminder,0,15,Pending,0.253,0.0,9292.42,
att_10002,pay_103206,Alternate payment method,0,15,Pending,0.396,0.0,1147.68,
att_10003,pay_100819,Smart gateway retry,1,15,Recovered,0.786,2677.31,0.0,2026-02-22 20:29:00
att_10004,pay_101335,Smart gateway retry,0,15,Recovered,0.625,6433.44,0.0,2026-02-23 08:54:00
att_10005,pay_103121,UPI payment link,2,15,Failed,0.238,0.0,1520.64,
att_10006,pay_103648,Retry after 10 minutes,0,10,Recovered,0.807,459.63,0.0,2026-02-23 18:07:00
att_10007,pay_103711,UPI payment link,2,15,Failed,0.279,0.0,1468.71,
att_10008,pay_102217,UPI payment link,0,15,Recovered,0.455,692.47,0.0,2026-02-23 17:16:00
att_10009,pay_101168,Smart gateway retry,2,15,Failed,0.715,0.0,2573.53,
att_10010,pay_100400,UPI payment link,1,15,Failed,0.278,0.0,5208.53,
att_10011,pay_104881,Email reminder,0,15,Pending,0.581,0.0,1539.95,
att_10012,pay_104502,Smart gateway retry,2,15,Failed,0.641,0.0,2547.32,
att_10013,pay_101345,Alternate payment method,1,15,Failed,0.271,0.0,1173.32,
att_10014,pay_100809,Retry after 10 minutes,0,10,Pending,0.826,0.0,2600.65,
att_10015,pay_102172,Email reminder,0,15,Pending,0.284,0.0,6417.82,
att_10016,pay_100690,Email reminder,0,15,Recovered,0.565,2689.77,0.0,2026-02-24 02:08:00
att_10017,pay_102519,UPI payment link,2,15,Failed,0.361,0.0,8094.87,
att_10018,pay_103620,Retry after 10 minutes,0,10,Recovered,0.741,4359.02,0.0,2026-02-23 10:23:00
att_10019,pay_100160,UPI payment link,0,15,Recovered,0.286,4696.94,0.0,2026-02-24 03:35:00
att_10020,pay_101116,Alternate payment method,1,15,Failed,0.443,0.0,4167.03,
att_10021,pay_101055,UPI payment link,0,15,Pending,0.393,0.0,11565.15,
att_10022,pay_101558,OTP reminder,1,15,Recovered,0.471,1485.56,0.0,2026-02-24 10:08:00
att_10023,pay_104621,UPI payment link,1,15,Failed,0.373,0.0,1219.96,
att_10024,pay_102955,Alternate payment method,1,15,Failed,0.299,0.0,1909.19,
att_10025,pay_101421,Alternate payment method,3,15,Failed,0.377,0.0,1931.41,
att_10026,pay_103157,Alternate payment method,0,15,Pending,0.421,0.0,4073.05,
att_10027,pay_100510,Retry after 10 minutes,3,10,Recovered,0.875,2507.58,0.0,2026-02-23 16:27:00
att_10028,pay_103174,OTP reminder,3,15,Failed,0.58,0.0,3584.14,
att_10029,pay_104295,Alternate payment method,1,15,Failed,0.298,0.0,3112.08,
att_10030,pay_103237,OTP reminder,1,15,Failed,0.757,0.0,3388.63,
att_10031,pay_103723,Alternate payment method,2,15,Failed,0.463,0.0,598.41,
att_10032,pay_102767,Email reminder,1,15,Failed,0.552,0.0,369.07,
att_10033,pay_101997,Alternate payment method,1,15,Failed,0.444,0.0,1710.68,
att_10034,pay_101625,UPI payment link,2,15,Recovered,0.388,1839.92,0.0,2026-02-24 02:34:00
att_10035,pay_103278,Smart gateway retry,2,15,Failed,0.716,0.0,2186.43,
att_10036,pay_104215,Retry after 10 minutes,2,10,Recovered,0.884,9099.94,0.0,2026-02-24 21:32:00
att_10037,pay_100144,Retry after 10 minutes,0,10,Recovered,0.941,2865.41,0.0,2026-02-24 15:02:00
att_10038,pay_100355,Retry after 10 minutes,0,10,Pending,0.812,0.0,7120.41,
att_10039,pay_102616,Alternate payment method,2,15,Failed,0.346,0.0,5008.39,
att_10040,pay_102259,Retry after 10 minutes,2,10,Recovered,0.828,3671.0,0.0,2026-02-24 14:23:00
att_10041,pay_102045,Retry after 10 minutes,2,10,Recovered,0.904,30268.65,0.0,2026-02-24 22:59:00
att_10042,pay_101619,UPI payment link,3,15,Failed,0.356,0.0,1270.44,
att_10043,pay_104992,UPI payment link,3,15,Failed,0.325,0.0,1273.52,
att_10044,pay_104791,Smart gateway retry,1,15,Failed,0.958,0.0,1938.5,
att_10045,pay_100346,Alternate payment method,3,15,Failed,0.134,0.0,1629.82,
att_10046,pay_102754,UPI payment link,2,15,Recovered,0.496,2541.11,0.0,2026-02-24 14:45:00
att_10047,pay_104265,UPI payment link,1,15,Failed,0.337,0.0,1438.07,
att_10048,pay_103725,Retry after 10 minutes,3,10,Failed,0.76,0.0,608.86,
att_10049,pay_102375,OTP reminder,3,15,Failed,0.735,0.0,2628.98,
att_10050,pay_101087,UPI payment link,2,15,Failed,0.483,0.0,14366.92,
att_10051,pay_104692,Retry after 10 minutes,2,10,Failed,0.663,0.0,7847.53,
att_10052,pay_104520,Retry after 10 minutes,0,10,Pending,0.765,0.0,626.88,
att_10053,pay_103533,Smart gateway retry,3,15,Failed,0.728,0.0,1646.35,
att_10054,pay_100264,OTP reminder,1,15,Failed,0.465,0.0,16701.59,
att_10055,pay_103148,OTP reminder,1,15,Recovered,0.451,1832.15,0.0,2026-02-25 00:04:00
att_10056,pay_101081,OTP reminder,1,15,Failed,0.676,0.0,9869.03,
att_10057,pay_102802,UPI payment link,0,15,Pending,0.332,0.0,1866.0,
att_10058,pay_104717,Alternate payment method,1,15,Failed,0.311,0.0,4766.11,
att_10059,pay_101961,Email reminder,2,15,Failed,0.446,0.0,2035.2,
att_10060,pay_102652,OTP reminder,0,15,Pending,0.456,0.0,1217.7,
att_10061,pay_102038,Alternate payment method,1,15,Failed,0.319,0.0,5423.33,
att_10062,pay_104600,UPI payment link,0,15,Pending,0.363,0.0,2998.32,
att_10063,pay_101746,Alternate payment method,3,15,Failed,0.294,0.0,2574.85,
att_10064,pay_102378,Alternate payment method,2,15,Failed,0.316,0.0,915.66,
att_10065,pay_104101,UPI payment link,0,15,Pending,0.29,0.0,1266.87,
att_10066,pay_103977,Retry after 10 minutes,2,10,Failed,0.795,0.0,8983.93,
att_10067,pay_104773,Retry after 10 minutes,0,10,Recovered,0.879,2660.89,0.0,2026-02-25 00:30:00
att_10068,pay_104134,Smart gateway retry,3,15,Recovered,0.859,6026.37,0.0,2026-02-25 02:14:00
att_10069,pay_103411,Alternate payment method,3,15,Failed,0.241,0.0,3462.39,
att_10070,pay_103370,Retry after 10 minutes,0,10,Recovered,0.75,1457.82,0.0,2026-02-25 01:43:00
att_10071,pay_100771,UPI payment link,1,15,Failed,0.312,0.0,4030.28,
att_10072,pay_104523,Email reminder,1,15,Failed,0.383,0.0,2474.62,
att_10073,pay_102034,UPI payment link,1,15,Failed,0.335,0.0,1467.66,
att_10074,pay_104651,Smart gateway retry,0,15,Pending,0.742,0.0,2275.46,
att_10075,pay_103218,Email reminder,1,15,Recovered,0.457,6263.8,0.0,2026-02-25 09:24:00
att_10076,pay_104962,OTP reminder,1,15,Failed,0.591,0.0,4376.46,
att_10077,pay_101245,Smart gateway retry,2,15,Recovered,0.7,766.76,0.0,2026-02-25 09:11:00
att_10078,pay_103745,OTP reminder,2,15,Failed,0.587,0.0,1874.64,
att_10079,pay_104122,UPI payment link,3,15,Failed,0.519,0.0,6767.98,
att_10080,pay_103778,Retry after 10 minutes,0,10,Pending,0.738,0.0,1672.77,
att_10081,pay_103747,Retry after 10 minutes,2,10,Failed,0.775,0.0,2581.43,
att_10082,pay_101202,Smart gateway retry,3,15,Recovered,0.802,1394.3,0.0,2026-02-25 18:05:00
att_10083,pay_103592,Retry after 10 minutes,2,10,Recovered,0.797,1173.72,0.0,2026-02-25 14:51:00
att_10084,pay_101569,Smart gateway retry,1,15,Recovered,0.768,2072.5,0.0,2026-02-25 20:14:00
att_10085,pay_101227,UPI payment link,0,15,Pending,0.424,0.0,469.65,
att_10086,pay_103784,Alternate payment method,1,15,Recovered,0.306,10154.71,0.0,2026-02-25 09:42:00
att_10087,pay_101456,OTP reminder,1,15,Failed,0.611,0.0,3272.66,
att_10088,pay_103360,UPI payment link,1,15,Recovered,0.46,3772.23,0.0,2026-02-25 18:32:00
att_10089,pay_101827,Retry after 10 minutes,1,10,Failed,0.915,0.0,1265.23,
att_10090,pay_100554,Retry after 10 minutes,0,10,Pending,0.811,0.0,2457.3,
att_10091,pay_103403,Email reminder,3,15,Recovered,0.456,4072.75,0.0,2026-02-26 00:35:00
att_10092,pay_101392,Retry after 10 minutes,1,10,Failed,0.787,0.0,1354.58,
att_10093,pay_101675,Smart gateway retry,2,15,Recovered,0.685,1547.25,0.0,2026-02-25 16:46:00
att_10094,pay_101706,OTP reminder,2,15,Failed,0.659,0.0,5221.41,
att_10095,pay_104088,Retry after 10 minutes,3,10,Recovered,0.649,1558.79,0.0,2026-02-25 20:05:00
att_10096,pay_103269,Email reminder,0,15,Pending,0.483,0.0,2508.87,
att_10097,pay_100140,UPI payment link,2,15,Failed,0.366,0.0,2150.05,
att_10098,pay_101829,Alternate payment method,3,15,Failed,0.365,0.0,1423.17,
att_10099,pay_102689,OTP reminder,2,15,Recovered,0.54,677.69,0.0,2026-02-26 01:05:00
att_10100,pay_102554,Retry after 10 minutes,2,10,Failed,0.901,0.0,4097.65,
att_10101,pay_101197,Smart gateway retry,0,15,Pending,0.863,0.0,1126.24,
att_10102,pay_102973,Retry after 10 minutes,1,10,Recovered,0.824,2551.47,0.0,2026-02-26 01:56:00
att_10103,pay_102229,Email reminder,3,15,Failed,0.414,0.0,748.2,
att_10104,pay_104089,Retry after 10 minutes,0,10,Pending,0.906,0.0,1108.86,
att_10105,pay_101380,OTP reminder,1,15,Failed,0.607,0.0,2574.84,
att_10106,pay_104252,Alternate payment method,0,15,Recovered,0.273,704.3,0.0,2026-02-26 23:30:00
att_10107,pay_100893,Smart gateway retry,1,15,Failed,0.835,0.0,9524.43,
att_10108,pay_104076,OTP reminder,3,15,Failed,0.561,0.0,10122.59,
att_10109,pay_100913,Smart gateway retry,2,15,Failed,0.904,0.0,5221.14,
att_10110,pay_103425,UPI payment link,0,15,Recovered,0.336,4322.64,0.0,2026-02-26 12:38:00
att_10111,pay_100850,UPI payment link,1,15,Failed,0.348,0.0,720.54,
att_10112,pay_100593,Email reminder,3,15,Failed,0.639,0.0,809.43,
att_10113,pay_101745,Email reminder,1,15,Failed,0.496,0.0,3709.61,
att_10114,pay_103198,Smart gateway retry,3,15,Recovered,0.695,1101.03,0.0,2026-02-27 00:15:00
att_10115,pay_104316,Smart gateway retry,0,15,Pending,0.864,0.0,1387.19,
att_10116,pay_102626,UPI payment link,2,15,Failed,0.432,0.0,12741.27,
att_10117,pay_102535,Alternate payment method,0,15,Pending,0.315,0.0,1039.55,
att_10118,pay_104113,Retry after 10 minutes,2,10,Recovered,0.765,2976.17,0.0,2026-02-26 15:56:00
att_10119,pay_102169,UPI payment link,2,15,Failed,0.443,0.0,1385.65,
att_10120,pay_101249,Smart gateway retry,3,15,Recovered,0.858,13871.09,0.0,2026-02-27 06:54:00
att_10121,pay_101474,Alternate payment method,0,15,Pending,0.364,0.0,1683.54,
att_10122,pay_102879,Alternate payment method,3,15,Failed,0.378,0.0,1622.82,
att_10123,pay_102269,UPI payment link,3,15,Failed,0.383,0.0,3245.78,
att_10124,pay_101648,Alternate payment method,0,15,Recovered,0.447,1954.75,0.0,2026-02-27 05:03:00
att_10125,pay_104834,Retry after 10 minutes,1,10,Failed,0.769,0.0,4730.68,
att_10126,pay_104153,Smart gateway retry,3,15,Recovered,0.824,17340.24,0.0,2026-02-27 00:08:00
att_10127,pay_104920,Retry after 10 minutes,3,10,Recovered,0.788,543.32,0.0,2026-02-27 04:37:00
att_10128,pay_102131,Alternate payment method,2,15,Recovered,0.463,6857.57,0.0,2026-02-27 20:02:00
att_10129,pay_103788,Retry after 10 minutes,1,10,Failed,0.822,0.0,2752.59,
att_10130,pay_102871,Alternate payment method,3,15,Recovered,0.409,2345.58,0.0,2026-02-27 10:36:00
att_10131,pay_102823,Email reminder,3,15,Failed,0.444,0.0,10999.19,
att_10132,pay_103684,OTP reminder,2,15,Recovered,0.751,21391.02,0.0,2026-02-27 15:18:00
att_10133,pay_100011,Smart gateway retry,3,15,Failed,0.621,0.0,4724.61,
att_10134,pay_102387,OTP reminder,0,15,Pending,0.587,0.0,223.57,
att_10135,pay_101796,Smart gateway retry,1,15,Failed,0.784,0.0,806.66,
att_10136,pay_103354,Smart gateway retry,3,15,Recovered,0.98,3239.56,0.0,2026-02-27 06:51:00
att_10137,pay_100324,Email reminder,2,15,Recovered,0.428,3528.77,0.0,2026-02-27 21:58:00
att_10138,pay_104823,Retry after 10 minutes,0,10,Pending,0.83,0.0,1972.51,
att_10139,pay_102749,Retry after 10 minutes,1,10,Failed,0.832,0.0,2631.18,
att_10140,pay_104136,Retry after 10 minutes,1,10,Failed,0.844,0.0,6637.09,
att_10141,pay_100946,Alternate payment method,1,15,Failed,0.329,0.0,4702.21,
att_10142,pay_102962,UPI payment link,0,15,Recovered,0.585,1605.29,0.0,2026-02-27 12:03:00
att_10143,pay_100440,Smart gateway retry,0,15,Pending,0.762,0.0,9147.62,
att_10144,pay_103515,Retry after 10 minutes,2,10,Failed,0.779,0.0,2709.62,
att_10145,pay_104581,Retry after 10 minutes,3,10,Failed,0.762,0.0,3337.37,
att_10146,pay_102839,Alternate payment method,2,15,Failed,0.117,0.0,1733.87,
att_10147,pay_100403,UPI payment link,0,15,Pending,0.321,0.0,833.32,
att_10148,pay_103510,Smart gateway retry,0,15,Pending,0.91,0.0,2164.76,
att_10149,pay_100958,UPI payment link,1,15,Failed,0.46,0.0,1829.0,
att_10150,pay_104324,UPI payment link,2,15,Recovered,0.218,1147.51,0.0,2026-02-28 04:14:00
att_10151,pay_104792,Email reminder,3,15,Recovered,0.427,12939.05,0.0,2026-02-28 13:08:00
att_10152,pay_104135,Alternate payment method,1,15,Failed,0.282,0.0,2489.6,
att_10153,pay_101954,Retry after 10 minutes,0,10,Recovered,0.818,1825.46,0.0,2026-02-28 10:10:00
att_10154,pay_102541,Smart gateway retry,2,15,Failed,0.876,0.0,2372.52,
att_10155,pay_103911,Email reminder,3,15,Recovered,0.389,1148.4,0.0,2026-02-28 09:09:00
att_10156,pay_102610,OTP reminder,2,15,Recovered,0.63,3159.16,0.0,2026-02-28 03:14:00
att_10157,pay_100045,Alternate payment method,0,15,Pending,0.257,0.0,5569.36,
att_10158,pay_101232,UPI payment link,2,15,Failed,0.377,0.0,2666.27,
att_10159,pay_102588,UPI payment link,2,15,Failed,0.282,0.0,842.08,
att_10160,pay_103907,Smart gateway retry,3,15,Failed,0.932,0.0,4782.42,
att_10161,pay_103948,Retry after 10 minutes,0,10,Pending,0.916,0.0,3896.74,
att_10162,pay_104359,Retry after 10 minutes,1,10,Failed,0.661,0.0,1675.25,
att_10163,pay_101225,Retry after 10 minutes,0,10,Pending,0.842,0.0,4372.06,
att_10164,pay_103282,OTP reminder,0,15,Pending,0.572,0.0,4544.97,
att_10165,pay_103943,UPI payment link,1,15,Failed,0.458,0.0,5449.24,
att_10166,pay_102578,Retry after 10 minutes,3,10,Failed,0.847,0.0,2683.37,
att_10167,pay_100354,Retry after 10 minutes,3,10,Recovered,0.692,5093.68,0.0,2026-02-28 11:48:00
att_10168,pay_100416,Smart gateway retry,2,15,Failed,0.808,0.0,2308.25,
att_10169,pay_100207,Alternate payment method,3,15,Failed,0.204,0.0,1455.72,
att_10170,pay_102805,UPI payment link,3,15,Failed,0.438,0.0,4006.6,
att_10171,pay_102598,Alternate payment method,2,15,Failed,0.396,0.0,195.07,
att_10172,pay_100796,OTP reminder,3,15,Failed,0.602,0.0,2962.58,
att_10173,pay_103662,OTP reminder,3,15,Failed,0.683,0.0,11520.13,
att_10174,pay_100860,UPI payment link,3,15,Failed,0.383,0.0,4242.32,
att_10175,pay_101566,Alternate payment method,2,15,Failed,0.31,0.0,2146.37,
att_10176,pay_104363,Retry after 10 minutes,3,10,Failed,0.695,0.0,1039.93,
att_10177,pay_100063,Retry after 10 minutes,3,10,Failed,0.894,0.0,3540.85,
att_10178,pay_100608,Retry after 10 minutes,0,10,Pending,0.87,0.0,14627.77,
att_10179,pay_104760,Retry after 10 minutes,2,10,Recovered,0.883,6269.52,0.0,2026-03-01 11:53:00
att_10180,pay_103688,Email reminder,3,15,Failed,0.337,0.0,1890.85,
att_10181,pay_104986,OTP reminder,0,15,Pending,0.803,0.0,1093.45,
att_10182,pay_100465,OTP reminder,3,15,Recovered,0.699,533.34,0.0,2026-03-01 06:39:00
att_10183,pay_104509,Alternate payment method,3,15,Failed,0.335,0.0,812.05,
att_10184,pay_102836,Email reminder,3,15,Failed,0.457,0.0,2035.59,
att_10185,pay_102667,Smart gateway retry,2,15,Recovered,0.602,3205.16,0.0,2026-02-28 23:51:00
att_10186,pay_104356,Email reminder,1,15,Failed,0.446,0.0,1727.91,
att_10187,pay_103213,UPI payment link,2,15,Failed,0.145,0.0,3616.89,
att_10188,pay_102813,OTP reminder,0,15,Pending,0.66,0.0,1292.49,
att_10189,pay_102669,Alternate payment method,2,15,Recovered,0.161,9915.38,0.0,2026-03-02 00:42:00
att_10190,pay_101209,Retry after 10 minutes,2,10,Recovered,0.866,7615.95,0.0,2026-03-01 23:22:00
att_10191,pay_101242,Retry after 10 minutes,3,10,Failed,0.682,0.0,2885.55,
att_10192,pay_100336,Alternate payment method,1,15,Failed,0.466,0.0,3757.51,
att_10193,pay_100852,OTP reminder,1,15,Recovered,0.702,1707.99,0.0,2026-03-02 01:18:00
att_10194,pay_101368,Alternate payment method,0,15,Recovered,0.407,8087.42,0.0,2026-03-01 11:20:00
att_10195,pay_102512,UPI payment link,3,15,Recovered,0.487,3093.48,0.0,2026-03-01 18:19:00
att_10196,pay_100502,Retry after 10 minutes,1,10,Failed,0.865,0.0,1824.63,
att_10197,pay_102142,Email reminder,0,15,Recovered,0.381,4300.31,0.0,2026-03-01 09:25:00
att_10198,pay_101376,Email reminder,3,15,Recovered,0.436,221.44,0.0,2026-03-02 05:28:00
att_10199,pay_102676,UPI payment link,1,15,Failed,0.326,0.0,1763.65,
att_10200,pay_103663,Alternate payment method,2,15,Failed,0.279,0.0,9483.87,
att_10201,pay_102362,UPI payment link,1,15,Recovered,0.348,16046.04,0.0,2026-03-01 21:57:00
att_10202,pay_100199,OTP reminder,3,15,Failed,0.494,0.0,3047.37,
att_10203,pay_100998,Smart gateway retry,3,15,Recovered,0.764,1025.41,0.0,2026-03-01 20:27:00
att_10204,pay_101699,Alternate payment method,1,15,Failed,0.425,0.0,3367.94,
att_10205,pay_101222,Retry after 10 minutes,3,10,Recovered,0.79,906.51,0.0,2026-03-02 00:16:00
att_10206,pay_100750,Alternate payment method,0,15,Pending,0.335,0.0,1340.92,
att_10207,pay_103382,UPI payment link,3,15,Failed,0.27,0.0,1000.15,
att_10208,pay_102730,Retry after 10 minutes,0,10,Pending,0.858,0.0,9383.66,
att_10209,pay_103634,UPI payment link,3,15,Recovered,0.453,684.09,0.0,2026-03-01 16:48:00
att_10210,pay_104936,OTP reminder,3,15,Failed,0.847,0.0,6070.57,
att_10211,pay_102116,Alternate payment method,1,15,Failed,0.398,0.0,560.45,
att_10212,pay_100648,Alternate payment method,1,15,Failed,0.496,0.0,3229.89,
att_10213,pay_103003,Retry after 10 minutes,3,10,Recovered,0.783,573.96,0.0,2026-03-02 12:24:00
att_10214,pay_103752,Email reminder,3,15,Failed,0.36,0.0,1354.48,
att_10215,pay_103397,OTP reminder,1,15,Failed,0.572,0.0,6101.2,
att_10216,pay_103210,UPI payment link,3,15,Failed,0.307,0.0,3997.42,
att_10217,pay_100450,Smart gateway retry,2,15,Failed,0.763,0.0,5349.02,
att_10218,pay_101938,Retry after 10 minutes,1,10,Recovered,0.772,3591.94,0.0,2026-03-02 06:33:00
att_10219,pay_100682,Alternate payment method,0,15,Pending,0.333,0.0,787.58,
att_10220,pay_104094,UPI payment link,3,15,Failed,0.41,0.0,722.96,
att_10221,pay_101447,Alternate payment method,3,15,Failed,0.339,0.0,2581.67,
att_10222,pay_100194,Alternate payment method,0,15,Pending,0.355,0.0,2715.07,
att_10223,pay_103838,Alternate payment method,0,15,Recovered,0.288,1439.45,0.0,2026-03-01 21:58:00
att_10224,pay_101809,UPI payment link,1,15,Failed,0.234,0.0,3604.61,
att_10225,pay_101375,OTP reminder,2,15,Failed,0.705,0.0,2822.99,
att_10226,pay_104981,Alternate payment method,2,15,Recovered,0.483,1193.01,0.0,2026-03-02 13:24:00
att_10227,pay_100514,Smart gateway retry,0,15,Pending,0.648,0.0,9040.26,
att_10228,pay_100683,Smart gateway retry,2,15,Failed,0.748,0.0,886.61,
att_10229,pay_103644,Alternate payment method,1,15,Failed,0.411,0.0,1796.41,
att_10230,pay_102769,OTP reminder,1,15,Recovered,0.555,1593.9,0.0,2026-03-02 02:53:00
att_10231,pay_100273,Retry after 10 minutes,3,10,Failed,0.856,0.0,11977.61,
att_10232,pay_101053,Alternate payment method,3,15,Recovered,0.334,34723.02,0.0,2026-03-02 12:32:00
att_10233,pay_103487,OTP reminder,1,15,Failed,0.742,0.0,2145.1,
att_10234,pay_101082,UPI payment link,2,15,Failed,0.526,0.0,3849.67,
att_10235,pay_104871,OTP reminder,2,15,Recovered,0.465,664.31,0.0,2026-03-02 22:35:00
att_10236,pay_102542,Alternate payment method,1,15,Failed,0.392,0.0,713.63,
att_10237,pay_103035,Retry after 10 minutes,2,10,Recovered,0.926,10874.33,0.0,2026-03-02 17:07:00
att_10238,pay_102388,Retry after 10 minutes,0,10,Recovered,0.781,3093.6,0.0,2026-03-03 07:09:00
att_10239,pay_100447,Retry after 10 minutes,2,10,Recovered,0.719,1563.19,0.0,2026-03-03 00:13:00
att_10240,pay_101439,Alternate payment method,0,15,Pending,0.272,0.0,2004.87,
att_10241,pay_104598,Alternate payment method,0,15,Pending,0.325,0.0,822.07,
att_10242,pay_101783,Smart gateway retry,0,15,Pending,0.857,0.0,1170.11,
att_10243,pay_102164,UPI payment link,0,15,Recovered,0.486,2566.72,0.0,2026-03-03 17:05:00
att_10244,pay_100292,UPI payment link,0,15,Pending,0.418,0.0,8949.43,
att_10245,pay_101268,Email reminder,1,15,Failed,0.393,0.0,1834.63,
att_10246,pay_101933,UPI payment link,2,15,Failed,0.406,0.0,4209.08,
att_10247,pay_103839,Retry after 10 minutes,2,10,Recovered,0.915,896.23,0.0,2026-03-03 08:43:00
att_10248,pay_104642,UPI payment link,1,15,Failed,0.333,0.0,417.7,
att_10249,pay_102386,Alternate payment method,0,15,Pending,0.254,0.0,3458.17,
att_10250,pay_104005,UPI payment link,3,15,Failed,0.34,0.0,3589.35,
att_10251,pay_103574,Retry after 10 minutes,2,10,Failed,0.835,0.0,6732.96,
att_10252,pay_102121,Smart gateway retry,3,15,Failed,0.852,0.0,6286.93,
att_10253,pay_101831,Email reminder,2,15,Recovered,0.492,980.54,0.0,2026-03-03 19:57:00
att_10254,pay_100339,Retry after 10 minutes,1,10,Failed,0.697,0.0,4378.76,
att_10255,pay_100670,OTP reminder,0,15,Pending,0.585,0.0,1676.95,
att_10256,pay_104198,Retry after 10 minutes,2,10,Failed,0.98,0.0,6061.28,
att_10257,pay_101929,OTP reminder,3,15,Recovered,0.585,11022.55,0.0,2026-03-03 13:27:00
att_10258,pay_103901,Retry after 10 minutes,1,10,Recovered,0.792,1890.88,0.0,2026-03-03 23:51:00
att_10259,pay_101294,OTP reminder,1,15,Recovered,0.622,6548.31,0.0,2026-03-04 03:33:00
att_10260,pay_100775,Smart gateway retry,1,15,Failed,0.825,0.0,3461.54,
att_10261,pay_102027,UPI payment link,0,15,Pending,0.456,0.0,1446.45,
att_10262,pay_101420,Email reminder,3,15,Recovered,0.648,8085.92,0.0,2026-03-03 23:51:00
att_10263,pay_104467,Email reminder,3,15,Recovered,0.44,3450.14,0.0,2026-03-03 21:57:00
att_10264,pay_101726,Smart gateway retry,2,15,Failed,0.746,0.0,1262.24,
att_10265,pay_100964,OTP reminder,1,15,Failed,0.574,0.0,1594.25,
att_10266,pay_103185,UPI payment link,2,15,Recovered,0.458,1647.33,0.0,2026-03-03 19:33:00
att_10267,pay_104601,Retry after 10 minutes,0,10,Pending,0.931,0.0,4045.15,
att_10268,pay_100762,UPI payment link,2,15,Recovered,0.393,665.43,0.0,2026-03-04 18:52:00
att_10269,pay_100639,Alternate payment method,0,15,Pending,0.409,0.0,1571.13,
att_10270,pay_102907,UPI payment link,1,15,Failed,0.25,0.0,384.94,
att_10271,pay_102527,Alternate payment method,3,15,Failed,0.387,0.0,362.79,
att_10272,pay_100570,Alternate payment method,1,15,Failed,0.219,0.0,2516.08,
att_10273,pay_104686,Smart gateway retry,2,15,Recovered,0.753,4068.75,0.0,2026-03-04 06:06:00
att_10274,pay_103440,UPI payment link,3,15,Failed,0.467,0.0,1208.16,
att_10275,pay_100382,Retry after 10 minutes,2,10,Failed,0.652,0.0,4273.43,
att_10276,pay_100948,Retry after 10 minutes,1,10,Recovered,0.776,2182.0,0.0,2026-03-04 18:47:00
att_10277,pay_102053,UPI payment link,3,15,Failed,0.429,0.0,1793.59,
att_10278,pay_104437,Retry after 10 minutes,2,10,Failed,0.832,0.0,3046.81,
att_10279,pay_102743,Smart gateway retry,1,15,Failed,0.815,0.0,2173.51,
att_10280,pay_103960,Retry after 10 minutes,2,10,Recovered,0.98,30553.06,0.0,2026-03-05 03:10:00
att_10281,pay_104910,Alternate payment method,0,15,Pending,0.342,0.0,3274.57,
att_10282,pay_102396,OTP reminder,2,15,Recovered,0.598,1192.8,0.0,2026-03-04 20:35:00
att_10283,pay_102220,UPI payment link,1,15,Failed,0.571,0.0,2468.42,
att_10284,pay_100693,Smart gateway retry,2,15,Failed,0.806,0.0,1619.54,
att_10285,pay_100925,Email reminder,2,15,Recovered,0.444,2566.63,0.0,2026-03-04 10:32:00
att_10286,pay_102917,Retry after 10 minutes,1,10,Failed,0.745,0.0,12291.58,
att_10287,pay_102619,Alternate payment method,0,15,Recovered,0.42,1300.11,0.0,2026-03-04 12:55:00
att_10288,pay_104121,Retry after 10 minutes,0,10,Pending,0.876,0.0,2513.87,
att_10289,pay_103461,Email reminder,1,15,Failed,0.45,0.0,3656.11,
att_10290,pay_104722,UPI payment link,1,15,Failed,0.245,0.0,8627.24,
att_10291,pay_104236,Alternate payment method,2,15,Failed,0.278,0.0,5910.88,
att_10292,pay_104964,OTP reminder,1,15,Failed,0.676,0.0,2401.91,
att_10293,pay_103704,Retry after 10 minutes,1,10,Recovered,0.689,1653.21,0.0,2026-03-05 05:09:00
att_10294,pay_104959,Retry after 10 minutes,2,10,Recovered,0.845,1517.57,0.0,2026-03-05 11:35:00
att_10295,pay_103309,Alternate payment method,2,15,Failed,0.36,0.0,2879.2,
att_10296,pay_102827,Retry after 10 minutes,1,10,Failed,0.863,0.0,3091.92,
att_10297,pay_101680,UPI payment link,1,15,Failed,0.162,0.0,7828.37,
att_10298,pay_103955,UPI payment link,3,15,Failed,0.663,0.0,1382.6,
att_10299,pay_104073,Smart gateway retry,2,15,Failed,0.913,0.0,3150.16,
att_10300,pay_101873,Smart gateway retry,2,15,Failed,0.798,0.0,511.31,
att_10301,pay_101836,Alternate payment method,2,15,Failed,0.301,0.0,4581.4,
att_10302,pay_103687,UPI payment link,0,15,Pending,0.226,0.0,1635.95,
att_10303,pay_100935,OTP reminder,0,15,Pending,0.509,0.0,5227.07,
att_10304,pay_101108,Alternate payment method,2,15,Failed,0.385,0.0,4724.75,
att_10305,pay_100080,OTP reminder,3,15,Recovered,0.568,6278.66,0.0,2026-03-05 13:14:00
att_10306,pay_104380,Alternate payment method,0,15,Pending,0.408,0.0,1984.93,
att_10307,pay_101909,Retry after 10 minutes,3,10,Recovered,0.896,6466.65,0.0,2026-03-05 22:52:00
att_10308,pay_102712,Retry after 10 minutes,2,10,Recovered,0.847,820.76,0.0,2026-03-06 03:22:00
att_10309,pay_102096,UPI payment link,1,15,Failed,0.432,0.0,2706.92,
att_10310,pay_101688,Email reminder,1,15,Failed,0.379,0.0,6019.04,
att_10311,pay_100318,Alternate payment method,2,15,Failed,0.28,0.0,16481.34,
att_10312,pay_103742,Alternate payment method,2,15,Failed,0.545,0.0,2609.33,
att_10313,pay_103171,Alternate payment method,0,15,Pending,0.199,0.0,1591.84,
att_10314,pay_104476,Alternate payment method,3,15,Recovered,0.339,3655.43,0.0,2026-03-06 10:42:00
att_10315,pay_103552,Retry after 10 minutes,1,10,Failed,0.85,0.0,6091.78,
att_10316,pay_103351,Retry after 10 minutes,2,10,Failed,0.814,0.0,1998.7,
att_10317,pay_102232,Smart gateway retry,2,15,Failed,0.868,0.0,6115.47,
att_10318,pay_103920,Retry after 10 minutes,1,10,Recovered,0.774,3601.35,0.0,2026-03-06 01:30:00
att_10319,pay_101446,Retry after 10 minutes,0,10,Pending,0.779,0.0,2947.92,
att_10320,pay_100180,Retry after 10 minutes,3,10,Recovered,0.825,1049.59,0.0,2026-03-06 15:09:00
att_10321,pay_100285,UPI payment link,0,15,Pending,0.562,0.0,1547.9,
att_10322,pay_104403,OTP reminder,3,15,Failed,0.604,0.0,1423.4,
att_10323,pay_100381,OTP reminder,1,15,Failed,0.623,0.0,584.34,
att_10324,pay_104207,Smart gateway retry,2,15,Recovered,0.892,4810.74,0.0,2026-03-06 03:16:00
att_10325,pay_102790,Alternate payment method,2,15,Failed,0.446,0.0,1495.97,
att_10326,pay_102952,Smart gateway retry,3,15,Recovered,0.774,2920.55,0.0,2026-03-06 02:08:00
att_10327,pay_102941,Retry after 10 minutes,1,10,Failed,0.929,0.0,1927.28,
att_10328,pay_102288,Retry after 10 minutes,0,10,Pending,0.819,0.0,2346.09,
att_10329,pay_100763,Email reminder,0,15,Pending,0.472,0.0,1196.04,
att_10330,pay_100753,OTP reminder,1,15,Failed,0.489,0.0,5354.22,
att_10331,pay_102648,UPI payment link,0,15,Recovered,0.394,3352.18,0.0,2026-03-06 23:59:00
att_10332,pay_102877,Retry after 10 minutes,0,10,Pending,0.645,0.0,15783.71,
att_10333,pay_100347,Email reminder,0,15,Pending,0.358,0.0,9917.82,
att_10334,pay_100679,UPI payment link,3,15,Failed,0.419,0.0,5649.52,
att_10335,pay_102147,Retry after 10 minutes,3,10,Recovered,0.869,3028.0,0.0,2026-03-06 23:46:00
att_10336,pay_102168,Email reminder,2,15,Failed,0.504,0.0,3384.41,
att_10337,pay_102630,Alternate payment method,0,15,Pending,0.401,0.0,3818.85,
att_10338,pay_102781,Retry after 10 minutes,0,10,Recovered,0.98,1353.04,0.0,2026-03-06 14:37:00
att_10339,pay_102457,UPI payment link,1,15,Recovered,0.461,2000.43,0.0,2026-03-06 09:13:00
att_10340,pay_101765,UPI payment link,2,15,Recovered,0.348,1245.56,0.0,2026-03-06 15:20:00
att_10341,pay_102694,OTP reminder,2,15,Recovered,0.706,3837.88,0.0,2026-03-07 00:05:00
att_10342,pay_103438,Alternate payment method,3,15,Failed,0.313,0.0,1769.57,
att_10343,pay_101442,Retry after 10 minutes,0,10,Pending,0.844,0.0,4460.23,
att_10344,pay_100408,OTP reminder,1,15,Failed,0.632,0.0,713.25,
att_10345,pay_104272,Retry after 10 minutes,1,10,Recovered,0.977,1824.07,0.0,2026-03-06 16:58:00
att_10346,pay_100490,Retry after 10 minutes,2,10,Recovered,0.792,3936.76,0.0,2026-03-07 03:24:00
att_10347,pay_102886,Retry after 10 minutes,3,10,Recovered,0.85,1489.43,0.0,2026-03-06 16:43:00
att_10348,pay_102227,OTP reminder,2,15,Failed,0.642,0.0,31709.91,
att_10349,pay_101532,OTP reminder,3,15,Recovered,0.599,12106.96,0.0,2026-03-07 13:56:00
att_10350,pay_100469,Retry after 10 minutes,1,10,Failed,0.799,0.0,2090.73,
att_10351,pay_103733,Alternate payment method,1,15,Failed,0.355,0.0,5355.21,
att_10352,pay_102571,UPI payment link,2,15,Failed,0.593,0.0,4901.65,
att_10353,pay_104819,Email reminder,1,15,Failed,0.427,0.0,1585.82,
att_10354,pay_104988,Retry after 10 minutes,3,10,Recovered,0.782,4235.31,0.0,2026-03-06 23:28:00
att_10355,pay_101976,Retry after 10 minutes,1,10,Failed,0.711,0.0,1144.7,
att_10356,pay_102732,Retry after 10 minutes,2,10,Failed,0.777,0.0,4967.76,
att_10357,pay_101272,Smart gateway retry,2,15,Failed,0.66,0.0,569.78,
att_10358,pay_100692,UPI payment link,2,15,Failed,0.258,0.0,5210.58,
att_10359,pay_101750,Email reminder,2,15,Failed,0.561,0.0,1107.21,
att_10360,pay_101142,Email reminder,1,15,Failed,0.568,0.0,3501.15,
att_10361,pay_104839,UPI payment link,1,15,Failed,0.413,0.0,498.69,
att_10362,pay_100721,Alternate payment method,3,15,Failed,0.43,0.0,2672.85,
att_10363,pay_102674,UPI payment link,2,15,Recovered,0.219,277.94,0.0,2026-03-07 10:15:00
att_10364,pay_102412,Smart gateway retry,2,15,Failed,0.84,0.0,1225.33,
att_10365,pay_102861,Email reminder,2,15,Recovered,0.521,3280.4,0.0,2026-03-07 19:47:00
att_10366,pay_101515,Alternate payment method,1,15,Failed,0.158,0.0,1984.52,
att_10367,pay_104131,Retry after 10 minutes,0,10,Recovered,0.718,3298.96,0.0,2026-03-07 21:38:00
att_10368,pay_103002,UPI payment link,2,15,Failed,0.417,0.0,3926.21,
att_10369,pay_103113,UPI payment link,2,15,Recovered,0.58,6948.28,0.0,2026-03-07 19:31:00
att_10370,pay_103312,Retry after 10 minutes,2,10,Failed,0.844,0.0,2249.93,
att_10371,pay_104435,Email reminder,3,15,Failed,0.573,0.0,1297.22,
att_10372,pay_103642,Email reminder,1,15,Failed,0.424,0.0,1415.57,
att_10373,pay_102499,UPI payment link,0,15,Recovered,0.469,8495.58,0.0,2026-03-08 03:26:00
att_10374,pay_103895,Alternate payment method,2,15,Failed,0.411,0.0,2784.82,
att_10375,pay_104379,UPI payment link,3,15,Failed,0.372,0.0,3056.21,
att_10376,pay_102492,Smart gateway retry,0,15,Pending,0.715,0.0,935.41,
att_10377,pay_104291,Retry after 10 minutes,3,10,Failed,0.724,0.0,4282.82,
att_10378,pay_104087,Smart gateway retry,0,15,Pending,0.711,0.0,6462.19,
att_10379,pay_104850,Smart gateway retry,0,15,Pending,0.875,0.0,5422.13,
att_10380,pay_104267,Alternate payment method,3,15,Failed,0.328,0.0,1914.54,
att_10381,pay_103494,Retry after 10 minutes,2,10,Recovered,0.674,2315.7,0.0,2026-03-08 08:17:00
att_10382,pay_103641,Email reminder,3,15,Failed,0.413,0.0,2464.07,
att_10383,pay_100861,Smart gateway retry,0,15,Recovered,0.912,1663.13,0.0,2026-03-08 08:08:00
att_10384,pay_103942,Retry after 10 minutes,2,10,Failed,0.791,0.0,4231.49,
att_10385,pay_100437,Smart gateway retry,1,15,Recovered,0.71,185.78,0.0,2026-03-08 08:56:00
att_10386,pay_104231,UPI payment link,3,15,Recovered,0.336,3640.06,0.0,2026-03-08 08:31:00
att_10387,pay_102611,Retry after 10 minutes,0,10,Pending,0.826,0.0,1741.06,
att_10388,pay_101181,Retry after 10 minutes,3,10,Recovered,0.874,6632.18,0.0,2026-03-07 23:54:00
att_10389,pay_100420,Alternate payment method,3,15,Failed,0.577,0.0,2912.17,
att_10390,pay_104294,Alternate payment method,0,15,Pending,0.186,0.0,2508.46,
att_10391,pay_102569,UPI payment link,1,15,Failed,0.378,0.0,6580.88,
att_10392,pay_103971,UPI payment link,1,15,Failed,0.33,0.0,3645.96,
att_10393,pay_100023,Retry after 10 minutes,2,10,Recovered,0.793,1339.25,0.0,2026-03-08 12:57:00
att_10394,pay_100498,Retry after 10 minutes,1,10,Failed,0.848,0.0,1557.75,
att_10395,pay_104542,Alternate payment method,2,15,Recovered,0.363,7571.85,0.0,2026-03-08 06:45:00
att_10396,pay_104368,Email reminder,0,15,Pending,0.464,0.0,1926.38,
att_10397,pay_100576,UPI payment link,1,15,Failed,0.158,0.0,12475.53,
att_10398,pay_103891,Retry after 10 minutes,3,10,Failed,0.793,0.0,863.68,
att_10399,pay_101066,Retry after 10 minutes,1,10,Recovered,0.881,3115.89,0.0,2026-03-08 10:40:00
att_10400,pay_100263,Smart gateway retry,0,15,Recovered,0.741,4236.54,0.0,2026-03-08 05:08:00
att_10401,pay_102532,Smart gateway retry,0,15,Pending,0.86,0.0,1943.79,
att_10402,pay_100585,Retry after 10 minutes,2,10,Failed,0.796,0.0,5887.97,
att_10403,pay_103899,Retry after 10 minutes,3,10,Failed,0.874,0.0,2285.63,
att_10404,pay_100451,Alternate payment method,1,15,Failed,0.476,0.0,3329.34,
att_10405,pay_101261,UPI payment link,2,15,Failed,0.385,0.0,2554.23,
att_10406,pay_103604,Alternate payment method,1,15,Failed,0.279,0.0,771.48,
att_10407,pay_101678,Retry after 10 minutes,0,10,Pending,0.748,0.0,1508.52,
att_10408,pay_101622,Retry after 10 minutes,3,10,Recovered,0.759,7951.21,0.0,2026-03-08 09:34:00
att_10409,pay_102623,Retry after 10 minutes,1,10,Recovered,0.817,1956.3,0.0,2026-03-09 03:46:00
att_10410,pay_102165,UPI payment link,0,15,Pending,0.417,0.0,1850.73,
att_10411,pay_101989,Retry after 10 minutes,2,10,Failed,0.734,0.0,1627.4,
att_10412,pay_104978,OTP reminder,3,15,Recovered,0.665,3065.62,0.0,2026-03-08 21:34:00
att_10413,pay_103275,Retry after 10 minutes,3,10,Recovered,0.863,7088.42,0.0,2026-03-08 11:45:00
att_10414,pay_100526,Smart gateway retry,1,15,Failed,0.847,0.0,1495.28,
att_10415,pay_104987,Smart gateway retry,0,15,Recovered,0.843,5028.8,0.0,2026-03-09 06:39:00
att_10416,pay_103800,OTP reminder,1,15,Recovered,0.557,2167.62,0.0,2026-03-08 12:21:00
att_10417,pay_102830,Smart gateway retry,3,15,Recovered,0.899,4036.34,0.0,2026-03-09 07:58:00
att_10418,pay_100060,Smart gateway retry,1,15,Failed,0.839,0.0,5014.82,
att_10419,pay_104429,Smart gateway retry,0,15,Pending,0.866,0.0,10254.87,
att_10420,pay_102013,Retry after 10 minutes,1,10,Failed,0.7,0.0,11950.17,
att_10421,pay_103519,Alternate payment method,0,15,Pending,0.305,0.0,4167.92,
att_10422,pay_102960,Alternate payment method,3,15,Failed,0.369,0.0,1035.86,
att_10423,pay_100732,Smart gateway retry,3,15,Recovered,0.642,7373.95,0.0,2026-03-08 20:42:00
att_10424,pay_103657,UPI payment link,3,15,Failed,0.426,0.0,3138.49,
att_10425,pay_104868,UPI payment link,0,15,Pending,0.308,0.0,2067.35,
att_10426,pay_102624,UPI payment link,2,15,Failed,0.327,0.0,1336.58,
att_10427,pay_103200,Alternate payment method,2,15,Recovered,0.284,1578.21,0.0,2026-03-08 22:50:00
att_10428,pay_103844,Retry after 10 minutes,1,10,Failed,0.848,0.0,12922.38,
att_10429,pay_104430,Alternate payment method,1,15,Failed,0.267,0.0,1482.44,
att_10430,pay_101005,UPI payment link,2,15,Failed,0.401,0.0,5432.95,
att_10431,pay_100529,Email reminder,0,15,Pending,0.463,0.0,2161.56,
att_10432,pay_101971,Retry after 10 minutes,0,10,Pending,0.864,0.0,1515.55,
att_10433,pay_100968,UPI payment link,0,15,Pending,0.416,0.0,5363.19,
att_10434,pay_101080,UPI payment link,2,15,Failed,0.443,0.0,7034.08,
att_10435,pay_101704,Retry after 10 minutes,3,10,Failed,0.642,0.0,6540.23,
att_10436,pay_100714,Smart gateway retry,1,15,Failed,0.592,0.0,1749.99,
att_10437,pay_103748,UPI payment link,1,15,Failed,0.373,0.0,1423.62,
att_10438,pay_104639,UPI payment link,3,15,Failed,0.186,0.0,3361.2,
att_10439,pay_101102,Retry after 10 minutes,1,10,Recovered,0.555,1033.71,0.0,2026-03-09 11:28:00
att_10440,pay_100668,UPI payment link,2,15,Failed,0.22,0.0,289.37,
att_10441,pay_104958,OTP reminder,3,15,Failed,0.564,0.0,3268.43,
att_10442,pay_101529,Alternate payment method,0,15,Pending,0.395,0.0,3910.7,
att_10443,pay_101563,UPI payment link,0,15,Pending,0.502,0.0,3291.26,
att_10444,pay_104730,Smart gateway retry,3,15,Recovered,0.799,2475.13,0.0,2026-03-10 00:00:00
att_10445,pay_100803,OTP reminder,2,15,Recovered,0.594,2943.91,0.0,2026-03-10 05:02:00
att_10446,pay_104828,Retry after 10 minutes,2,10,Failed,0.709,0.0,6210.07,
att_10447,pay_102382,Alternate payment method,0,15,Pending,0.265,0.0,521.64,
att_10448,pay_103444,Retry after 10 minutes,3,10,Failed,0.667,0.0,8002.65,
att_10449,pay_103401,Smart gateway retry,2,15,Recovered,0.916,606.13,0.0,2026-03-09 12:45:00
att_10450,pay_100152,Smart gateway retry,1,15,Failed,0.727,0.0,816.96,
att_10451,pay_103329,Smart gateway retry,2,15,Failed,0.79,0.0,1860.43,
att_10452,pay_101169,Alternate payment method,2,15,Failed,0.214,0.0,532.09,
att_10453,pay_104334,OTP reminder,2,15,Recovered,0.635,3653.92,0.0,2026-03-10 10:24:00
att_10454,pay_101947,Alternate payment method,0,15,Recovered,0.379,5291.0,0.0,2026-03-10 07:15:00
att_10455,pay_100641,Email reminder,0,15,Pending,0.564,0.0,2599.25,
att_10456,pay_100323,Alternate payment method,0,15,Pending,0.432,0.0,1731.86,
att_10457,pay_102530,Smart gateway retry,1,15,Failed,0.792,0.0,6641.36,
att_10458,pay_102795,Retry after 10 minutes,3,10,Failed,0.901,0.0,4876.49,
att_10459,pay_102304,Smart gateway retry,1,15,Recovered,0.865,14222.02,0.0,2026-03-10 11:15:00
att_10460,pay_101353,OTP reminder,0,15,Pending,0.667,0.0,2080.32,
att_10461,pay_101950,Retry after 10 minutes,3,10,Failed,0.833,0.0,12995.51,
att_10462,pay_100528,UPI payment link,0,15,Pending,0.324,0.0,3134.9,
att_10463,pay_102112,Retry after 10 minutes,0,10,Pending,0.825,0.0,18408.02,
att_10464,pay_101506,UPI payment link,3,15,Recovered,0.29,3521.74,0.0,2026-03-10 21:10:00
att_10465,pay_100942,Email reminder,0,15,Recovered,0.498,1190.29,0.0,2026-03-10 08:25:00
att_10466,pay_102632,UPI payment link,1,15,Failed,0.377,0.0,2747.78,
att_10467,pay_102100,Smart gateway retry,1,15,Recovered,0.84,1727.62,0.0,2026-03-10 19:09:00
att_10468,pay_103201,OTP reminder,3,15,Recovered,0.68,708.34,0.0,2026-03-10 19:19:00
att_10469,pay_103383,Retry after 10 minutes,2,10,Failed,0.755,0.0,614.23,
att_10470,pay_101707,Smart gateway retry,1,15,Recovered,0.833,6080.27,0.0,2026-03-10 22:26:00
att_10471,pay_102163,OTP reminder,3,15,Recovered,0.666,914.62,0.0,2026-03-10 22:33:00
att_10472,pay_104248,Alternate payment method,0,15,Pending,0.379,0.0,1935.08,
att_10473,pay_102893,OTP reminder,3,15,Failed,0.504,0.0,314.27,
att_10474,pay_104152,Email reminder,3,15,Failed,0.536,0.0,907.89,
att_10475,pay_104514,Smart gateway retry,3,15,Recovered,0.817,2129.87,0.0,2026-03-10 16:48:00
att_10476,pay_102784,UPI payment link,0,15,Pending,0.341,0.0,2209.33,
att_10477,pay_100839,Email reminder,3,15,Failed,0.408,0.0,1096.56,
att_10478,pay_102113,UPI payment link,0,15,Recovered,0.389,6896.87,0.0,2026-03-11 06:12:00
att_10479,pay_102692,OTP reminder,0,15,Pending,0.615,0.0,3573.97,
att_10480,pay_104513,Smart gateway retry,2,15,Failed,0.658,0.0,654.0,
att_10481,pay_103589,UPI payment link,3,15,Failed,0.17,0.0,1723.95,
att_10482,pay_103094,Retry after 10 minutes,1,10,Recovered,0.95,26168.55,0.0,2026-03-11 14:11:00
att_10483,pay_101153,UPI payment link,3,15,Failed,0.354,0.0,214.99,
att_10484,pay_100842,UPI payment link,1,15,Failed,0.342,0.0,2559.27,
att_10485,pay_101568,OTP reminder,1,15,Failed,0.5,0.0,2263.99,
att_10486,pay_101389,Retry after 10 minutes,2,10,Failed,0.944,0.0,12443.89,
att_10487,pay_100201,Retry after 10 minutes,1,10,Recovered,0.843,1462.28,0.0,2026-03-11 03:16:00
att_10488,pay_104822,Smart gateway retry,0,15,Recovered,0.904,24766.55,0.0,2026-03-11 02:34:00
att_10489,pay_103127,UPI payment link,1,15,Failed,0.458,0.0,3225.59,
att_10490,pay_101286,OTP reminder,0,15,Pending,0.71,0.0,8078.1,
att_10491,pay_103297,UPI payment link,0,15,Pending,0.312,0.0,4006.73,
att_10492,pay_101107,Alternate payment method,2,15,Recovered,0.35,4599.81,0.0,2026-03-11 17:21:00
att_10493,pay_102067,Smart gateway retry,3,15,Recovered,0.72,1449.79,0.0,2026-03-11 09:38:00
att_10494,pay_104206,Alternate payment method,2,15,Failed,0.318,0.0,519.49,
att_10495,pay_103749,OTP reminder,2,15,Recovered,0.591,2618.23,0.0,2026-03-12 04:23:00
att_10496,pay_102286,Smart gateway retry,1,15,Failed,0.637,0.0,1230.5,
att_10497,pay_103703,UPI payment link,0,15,Pending,0.526,0.0,1122.19,
att_10498,pay_103909,Smart gateway retry,1,15,Recovered,0.923,1475.3,0.0,2026-03-12 10:38:00
att_10499,pay_100066,Alternate payment method,2,15,Failed,0.349,0.0,964.45,
att_10500,pay_100344,Smart gateway retry,2,15,Recovered,0.734,545.77,0.0,2026-03-12 00:29:00
att_10501,pay_101731,Smart gateway retry,3,15,Failed,0.665,0.0,4403.92,
att_10502,pay_103825,Alternate payment method,1,15,Failed,0.42,0.0,2872.59,
att_10503,pay_104080,Alternate payment method,0,15,Pending,0.219,0.0,10897.12,
att_10504,pay_102988,UPI payment link,2,15,Recovered,0.509,1913.52,0.0,2026-03-12 02:30:00
att_10505,pay_101205,Alternate payment method,3,15,Recovered,0.596,5571.4,0.0,2026-03-12 12:41:00
att_10506,pay_101036,Alternate payment method,3,15,Failed,0.36,0.0,1212.56,
att_10507,pay_103517,Retry after 10 minutes,2,10,Failed,0.799,0.0,5976.05,
att_10508,pay_102777,Alternate payment method,1,15,Recovered,0.314,775.37,0.0,2026-03-13 00:47:00
att_10509,pay_100591,UPI payment link,2,15,Failed,0.41,0.0,5536.95,
att_10510,pay_101427,Smart gateway retry,1,15,Failed,0.736,0.0,3137.78,
att_10511,pay_100219,Email reminder,0,15,Pending,0.549,0.0,7036.33,
att_10512,pay_102938,OTP reminder,3,15,Failed,0.586,0.0,9036.8,
att_10513,pay_101314,Smart gateway retry,3,15,Failed,0.829,0.0,7996.77,
att_10514,pay_101825,Retry after 10 minutes,3,10,Failed,0.607,0.0,6655.69,
att_10515,pay_104980,UPI payment link,0,15,Recovered,0.446,571.75,0.0,2026-03-12 19:45:00
att_10516,pay_103108,Retry after 10 minutes,0,10,Recovered,0.828,1126.3,0.0,2026-03-12 15:42:00
att_10517,pay_100178,UPI payment link,0,15,Pending,0.327,0.0,3982.08,
att_10518,pay_104849,Retry after 10 minutes,3,10,Recovered,0.98,1733.27,0.0,2026-03-13 11:06:00
att_10519,pay_104189,Retry after 10 minutes,3,10,Recovered,0.725,2005.95,0.0,2026-03-12 15:53:00
att_10520,pay_104932,Retry after 10 minutes,0,10,Pending,0.881,0.0,214.71,
att_10521,pay_102837,Retry after 10 minutes,3,10,Failed,0.705,0.0,8046.6,
att_10522,pay_104596,OTP reminder,0,15,Pending,0.652,0.0,593.87,
att_10523,pay_104449,Email reminder,3,15,Recovered,0.538,4329.07,0.0,2026-03-13 07:44:00
att_10524,pay_104432,UPI payment link,0,15,Pending,0.383,0.0,5948.78,
att_10525,pay_100739,UPI payment link,2,15,Recovered,0.315,1715.8,0.0,2026-03-13 03:44:00
att_10526,pay_104619,UPI payment link,1,15,Recovered,0.401,1345.67,0.0,2026-03-13 14:11:00
att_10527,pay_100094,Retry after 10 minutes,0,10,Recovered,0.763,22430.97,0.0,2026-03-13 04:18:00
att_10528,pay_101470,UPI payment link,1,15,Failed,0.459,0.0,514.62,
att_10529,pay_103242,OTP reminder,2,15,Failed,0.661,0.0,998.34,
att_10530,pay_101631,Retry after 10 minutes,1,10,Recovered,0.829,4558.58,0.0,2026-03-13 10:36:00
att_10531,pay_103830,Retry after 10 minutes,0,10,Pending,0.78,0.0,5712.62,
att_10532,pay_100827,Smart gateway retry,0,15,Pending,0.755,0.0,6531.26,
att_10533,pay_104564,OTP reminder,3,15,Recovered,0.603,1972.83,0.0,2026-03-13 08:26:00
att_10534,pay_101383,Retry after 10 minutes,1,10,Recovered,0.886,2483.11,0.0,2026-03-13 16:26:00
att_10535,pay_101556,Retry after 10 minutes,3,10,Failed,0.874,0.0,730.8,
att_10536,pay_102977,UPI payment link,3,15,Recovered,0.25,25089.94,0.0,2026-03-13 23:36:00
att_10537,pay_101877,Retry after 10 minutes,1,10,Recovered,0.911,20713.08,0.0,2026-03-13 07:12:00
att_10538,pay_100303,Email reminder,0,15,Pending,0.389,0.0,1469.43,
att_10539,pay_101303,Email reminder,0,15,Pending,0.289,0.0,8227.29,
att_10540,pay_104281,UPI payment link,0,15,Recovered,0.428,6637.43,0.0,2026-03-14 04:31:00
att_10541,pay_103029,UPI payment link,0,15,Pending,0.346,0.0,2343.36,
att_10542,pay_104405,Retry after 10 minutes,0,10,Pending,0.954,0.0,452.94,
att_10543,pay_102445,UPI payment link,3,15,Failed,0.426,0.0,1691.15,
att_10544,pay_102060,UPI payment link,2,15,Failed,0.295,0.0,765.19,
att_10545,pay_104333,Retry after 10 minutes,0,10,Recovered,0.824,2331.42,0.0,2026-03-14 08:49:00
att_10546,pay_100578,Retry after 10 minutes,2,10,Failed,0.818,0.0,926.49,
att_10547,pay_100363,Retry after 10 minutes,0,10,Pending,0.799,0.0,8941.33,
att_10548,pay_100047,Retry after 10 minutes,2,10,Recovered,0.914,2089.97,0.0,2026-03-14 07:52:00
att_10549,pay_102299,UPI payment link,0,15,Pending,0.376,0.0,3747.54,
att_10550,pay_103819,Smart gateway retry,1,15,Recovered,0.711,895.29,0.0,2026-03-14 10:59:00
att_10551,pay_104807,Retry after 10 minutes,1,10,Recovered,0.873,1984.1,0.0,2026-03-14 01:32:00
att_10552,pay_102041,UPI payment link,2,15,Failed,0.248,0.0,4923.47,
att_10553,pay_102470,Retry after 10 minutes,2,10,Failed,0.749,0.0,1755.43,
att_10554,pay_100388,UPI payment link,2,15,Failed,0.26,0.0,1230.16,
att_10555,pay_103794,UPI payment link,3,15,Failed,0.245,0.0,6940.46,
att_10556,pay_104862,Smart gateway retry,3,15,Failed,0.779,0.0,4696.85,
att_10557,pay_100357,Email reminder,2,15,Failed,0.417,0.0,1194.88,
att_10558,pay_100361,UPI payment link,1,15,Failed,0.409,0.0,2937.94,
att_10559,pay_101388,Smart gateway retry,3,15,Failed,0.904,0.0,328.74,
att_10560,pay_102451,UPI payment link,0,15,Pending,0.44,0.0,1207.32,
att_10561,pay_103161,UPI payment link,3,15,Failed,0.373,0.0,16847.17,
att_10562,pay_101605,Smart gateway retry,1,15,Failed,0.858,0.0,582.6,
att_10563,pay_101691,Alternate payment method,3,15,Recovered,0.358,1160.85,0.0,2026-03-15 10:34:00
att_10564,pay_103125,UPI payment link,1,15,Recovered,0.482,586.9,0.0,2026-03-14 15:14:00
att_10565,pay_104716,Smart gateway retry,2,15,Recovered,0.859,1671.6,0.0,2026-03-14 14:13:00
att_10566,pay_100564,Smart gateway retry,1,15,Failed,0.797,0.0,1705.99,
att_10567,pay_104468,Alternate payment method,2,15,Failed,0.349,0.0,2473.3,
att_10568,pay_104700,UPI payment link,0,15,Pending,0.307,0.0,1948.67,
att_10569,pay_102497,OTP reminder,2,15,Recovered,0.632,2443.24,0.0,2026-03-15 06:36:00
att_10570,pay_101911,OTP reminder,2,15,Recovered,0.71,542.31,0.0,2026-03-15 17:52:00
att_10571,pay_103505,Smart gateway retry,1,15,Recovered,0.724,2936.67,0.0,2026-03-15 02:44:00
att_10572,pay_104573,Alternate payment method,2,15,Failed,0.288,0.0,772.96,
att_10573,pay_100034,OTP reminder,2,15,Failed,0.753,0.0,16668.81,
att_10574,pay_101751,Alternate payment method,3,15,Failed,0.297,0.0,10461.58,
att_10575,pay_101374,UPI payment link,0,15,Pending,0.358,0.0,6599.43,
att_10576,pay_102090,OTP reminder,0,15,Pending,0.75,0.0,1319.39,
att_10577,pay_101323,Retry after 10 minutes,0,10,Pending,0.792,0.0,5249.7,
att_10578,pay_101003,Smart gateway retry,3,15,Recovered,0.891,10213.25,0.0,2026-03-15 08:14:00
att_10579,pay_104712,UPI payment link,3,15,Recovered,0.352,3736.95,0.0,2026-03-15 21:21:00
att_10580,pay_100374,OTP reminder,0,15,Pending,0.665,0.0,6658.08,
att_10581,pay_104727,Smart gateway retry,0,15,Pending,0.863,0.0,3132.37,
att_10582,pay_103473,Email reminder,3,15,Failed,0.314,0.0,2523.73,
att_10583,pay_104011,UPI payment link,1,15,Failed,0.273,0.0,6751.41,
att_10584,pay_102239,Retry after 10 minutes,3,10,Failed,0.821,0.0,1292.8,
att_10585,pay_102756,UPI payment link,0,15,Pending,0.469,0.0,614.16,
att_10586,pay_100903,OTP reminder,3,15,Recovered,0.664,1808.29,0.0,2026-03-16 01:40:00
att_10587,pay_104989,Retry after 10 minutes,2,10,Failed,0.906,0.0,2249.16,
att_10588,pay_101814,Alternate payment method,3,15,Failed,0.321,0.0,8849.53,
att_10589,pay_103427,Retry after 10 minutes,2,10,Recovered,0.861,5596.51,0.0,2026-03-16 00:31:00
att_10590,pay_103238,Smart gateway retry,2,15,Failed,0.765,0.0,5089.26,
att_10591,pay_103045,Email reminder,0,15,Pending,0.35,0.0,5291.36,
att_10592,pay_103547,OTP reminder,1,15,Recovered,0.756,2113.33,0.0,2026-03-15 23:55:00
att_10593,pay_100516,Retry after 10 minutes,0,10,Pending,0.834,0.0,1706.33,
att_10594,pay_103580,Retry after 10 minutes,2,10,Failed,0.98,0.0,4347.7,
att_10595,pay_103578,UPI payment link,1,15,Failed,0.386,0.0,2660.42,
att_10596,pay_101140,Alternate payment method,0,15,Pending,0.378,0.0,4347.26,
att_10597,pay_101791,Alternate payment method,2,15,Failed,0.542,0.0,3517.18,
att_10598,pay_102700,UPI payment link,3,15,Failed,0.395,0.0,531.72,
att_10599,pay_104138,UPI payment link,2,15,Failed,0.38,0.0,4636.5,
att_10600,pay_102650,Smart gateway retry,3,15,Recovered,0.819,7221.2,0.0,2026-03-16 16:27:00
att_10601,pay_101370,Alternate payment method,2,15,Failed,0.414,0.0,2567.95,
att_10602,pay_101633,Alternate payment method,1,15,Failed,0.44,0.0,2618.92,
att_10603,pay_101712,Alternate payment method,0,15,Pending,0.251,0.0,903.48,
att_10604,pay_104329,Alternate payment method,3,15,Recovered,0.365,2891.94,0.0,2026-03-17 04:15:00
att_10605,pay_104864,UPI payment link,0,15,Pending,0.374,0.0,2088.71,
att_10606,pay_100811,Email reminder,2,15,Recovered,0.428,2811.53,0.0,2026-03-16 15:14:00
att_10607,pay_101892,Alternate payment method,3,15,Failed,0.418,0.0,8277.19,
att_10608,pay_102303,Alternate payment method,3,15,Recovered,0.489,696.78,0.0,2026-03-16 18:13:00
att_10609,pay_101200,Retry after 10 minutes,2,10,Failed,0.805,0.0,6781.83,
att_10610,pay_102651,UPI payment link,3,15,Failed,0.344,0.0,649.65,
att_10611,pay_101715,Alternate payment method,2,15,Recovered,0.294,3716.5,0.0,2026-03-16 17:43:00
att_10612,pay_102677,Alternate payment method,0,15,Pending,0.301,0.0,1850.72,
att_10613,pay_102000,Alternate payment method,1,15,Failed,0.162,0.0,1765.84,
att_10614,pay_100780,OTP reminder,1,15,Recovered,0.601,384.2,0.0,2026-03-17 05:26:00
att_10615,pay_102226,Retry after 10 minutes,3,10,Recovered,0.791,499.78,0.0,2026-03-17 14:03:00
att_10616,pay_103357,Alternate payment method,1,15,Failed,0.233,0.0,613.18,
att_10617,pay_101823,UPI payment link,2,15,Failed,0.41,0.0,8581.19,
att_10618,pay_104471,Smart gateway retry,0,15,Pending,0.899,0.0,3718.87,
att_10619,pay_103417,Alternate payment method,1,15,Failed,0.425,0.0,577.74,
att_10620,pay_102385,Retry after 10 minutes,0,10,Recovered,0.748,1894.96,0.0,2026-03-17 13:16:00
att_10621,pay_100557,OTP reminder,1,15,Failed,0.708,0.0,915.7,
att_10622,pay_101244,Alternate payment method,1,15,Failed,0.411,0.0,3087.66,
att_10623,pay_102141,Smart gateway retry,1,15,Failed,0.815,0.0,2083.76,
att_10624,pay_101897,Email reminder,1,15,Failed,0.36,0.0,5378.06,
att_10625,pay_100395,Email reminder,3,15,Failed,0.479,0.0,1721.29,
att_10626,pay_102709,UPI payment link,3,15,Failed,0.275,0.0,734.12,
att_10627,pay_101407,Email reminder,0,15,Pending,0.39,0.0,919.76,
att_10628,pay_101942,UPI payment link,1,15,Failed,0.159,0.0,845.77,
att_10629,pay_101657,Alternate payment method,0,15,Pending,0.384,0.0,12127.16,
att_10630,pay_104921,Retry after 10 minutes,0,10,Recovered,0.98,6624.14,0.0,2026-03-18 03:56:00
att_10631,pay_103904,Email reminder,2,15,Recovered,0.46,2972.29,0.0,2026-03-18 02:18:00
att_10632,pay_102389,Smart gateway retry,2,15,Failed,0.685,0.0,2239.08,
att_10633,pay_103159,UPI payment link,3,15,Recovered,0.179,992.91,0.0,2026-03-17 21:32:00
att_10634,pay_100920,Alternate payment method,2,15,Failed,0.301,0.0,3871.52,
att_10635,pay_104816,Alternate payment method,2,15,Failed,0.213,0.0,3796.45,
att_10636,pay_104425,OTP reminder,3,15,Failed,0.675,0.0,2573.63,
att_10637,pay_104608,Alternate payment method,3,15,Failed,0.205,0.0,2658.87,
att_10638,pay_104753,OTP reminder,2,15,Failed,0.756,0.0,1919.7,
att_10639,pay_102755,Alternate payment method,1,15,Failed,0.25,0.0,2528.92,
att_10640,pay_102796,Email reminder,3,15,Failed,0.463,0.0,4461.07,
att_10641,pay_102878,Email reminder,3,15,Failed,0.376,0.0,28364.43,
att_10642,pay_102104,Retry after 10 minutes,1,10,Failed,0.897,0.0,1642.82,
att_10643,pay_103840,Smart gateway retry,2,15,Recovered,0.828,3407.08,0.0,2026-03-18 08:48:00
att_10644,pay_104539,OTP reminder,2,15,Failed,0.674,0.0,1256.59,
att_10645,pay_104478,Smart gateway retry,0,15,Recovered,0.791,8215.1,0.0,2026-03-18 04:12:00
att_10646,pay_104549,Email reminder,1,15,Recovered,0.426,6317.34,0.0,2026-03-18 07:36:00
att_10647,pay_101022,Retry after 10 minutes,3,10,Failed,0.823,0.0,5397.4,
att_10648,pay_104673,Email reminder,2,15,Failed,0.407,0.0,11444.77,
att_10649,pay_100491,Alternate payment method,3,15,Recovered,0.283,1730.89,0.0,2026-03-18 17:07:00
att_10650,pay_100503,Email reminder,1,15,Failed,0.339,0.0,2187.92,
att_10651,pay_103339,Smart gateway retry,0,15,Recovered,0.698,705.3,0.0,2026-03-18 20:14:00
att_10652,pay_102817,Alternate payment method,0,15,Pending,0.324,0.0,2689.21,
att_10653,pay_103119,Retry after 10 minutes,0,10,Recovered,0.713,2074.56,0.0,2026-03-19 08:59:00
att_10654,pay_103462,UPI payment link,2,15,Recovered,0.665,7175.62,0.0,2026-03-19 03:23:00
att_10655,pay_101213,Retry after 10 minutes,0,10,Recovered,0.692,4329.3,0.0,2026-03-19 03:11:00
att_10656,pay_103469,Alternate payment method,1,15,Failed,0.182,0.0,5594.58,
att_10657,pay_101324,Alternate payment method,1,15,Failed,0.352,0.0,1728.65,
att_10658,pay_102557,Email reminder,0,15,Recovered,0.558,18149.04,0.0,2026-03-19 13:34:00
att_10659,pay_101733,Retry after 10 minutes,2,10,Recovered,0.679,4737.05,0.0,2026-03-19 16:51:00
att_10660,pay_101279,Smart gateway retry,3,15,Recovered,0.78,5604.18,0.0,2026-03-19 05:02:00
att_10661,pay_103455,UPI payment link,2,15,Recovered,0.371,2786.97,0.0,2026-03-19 01:59:00
att_10662,pay_104748,Alternate payment method,0,15,Pending,0.459,0.0,3585.1,
att_10663,pay_103872,Email reminder,1,15,Failed,0.545,0.0,1417.74,
att_10664,pay_103880,UPI payment link,2,15,Recovered,0.471,800.67,0.0,2026-03-19 09:36:00
att_10665,pay_100426,Smart gateway retry,1,15,Failed,0.663,0.0,3549.73,
att_10666,pay_102905,Alternate payment method,2,15,Failed,0.289,0.0,12636.44,
att_10667,pay_101520,Smart gateway retry,2,15,Failed,0.665,0.0,20786.56,
att_10668,pay_104943,Retry after 10 minutes,2,10,Failed,0.694,0.0,10249.45,
att_10669,pay_100828,UPI payment link,3,15,Failed,0.497,0.0,4725.01,
att_10670,pay_101508,Smart gateway retry,1,15,Recovered,0.895,3990.7,0.0,2026-03-19 15:52:00
att_10671,pay_102600,Smart gateway retry,1,15,Recovered,0.713,5455.04,0.0,2026-03-20 04:53:00
att_10672,pay_102902,Retry after 10 minutes,3,10,Failed,0.702,0.0,16009.02,
att_10673,pay_101485,OTP reminder,3,15,Failed,0.661,0.0,1651.91,
att_10674,pay_102846,OTP reminder,2,15,Recovered,0.582,3769.29,0.0,2026-03-19 17:59:00
att_10675,pay_104148,UPI payment link,0,15,Pending,0.293,0.0,2578.62,
att_10676,pay_104693,Retry after 10 minutes,3,10,Recovered,0.733,2220.84,0.0,2026-03-20 03:45:00
att_10677,pay_101588,Smart gateway retry,3,15,Failed,0.873,0.0,3173.6,
att_10678,pay_103263,UPI payment link,3,15,Recovered,0.313,1454.78,0.0,2026-03-20 01:21:00
att_10679,pay_101734,Smart gateway retry,0,15,Recovered,0.747,2062.13,0.0,2026-03-19 21:41:00
att_10680,pay_104332,Email reminder,1,15,Failed,0.397,0.0,1620.39,
att_10681,pay_101418,UPI payment link,2,15,Failed,0.452,0.0,3365.44,
att_10682,pay_100667,Email reminder,3,15,Recovered,0.476,2697.54,0.0,2026-03-19 19:06:00
att_10683,pay_102331,UPI payment link,3,15,Failed,0.477,0.0,985.5,
att_10684,pay_103106,Retry after 10 minutes,3,10,Recovered,0.859,549.7,0.0,2026-03-19 23:59:00
att_10685,pay_102197,Retry after 10 minutes,3,10,Failed,0.777,0.0,495.45,
att_10686,pay_102097,Email reminder,2,15,Failed,0.487,0.0,6043.12,
att_10687,pay_102868,OTP reminder,0,15,Recovered,0.741,626.76,0.0,2026-03-20 15:06:00
att_10688,pay_104557,Retry after 10 minutes,1,10,Recovered,0.767,2616.06,0.0,2026-03-20 09:09:00
att_10689,pay_102481,UPI payment link,0,15,Pending,0.076,0.0,1029.49,
att_10690,pay_103731,Retry after 10 minutes,3,10,Failed,0.8,0.0,5077.18,
att_10691,pay_101246,Email reminder,3,15,Failed,0.473,0.0,4701.35,
att_10692,pay_103961,Alternate payment method,2,15,Recovered,0.256,2241.49,0.0,2026-03-20 04:26:00
att_10693,pay_104141,Email reminder,1,15,Recovered,0.499,6793.71,0.0,2026-03-20 03:57:00
att_10694,pay_104450,Email reminder,2,15,Recovered,0.474,4972.76,0.0,2026-03-20 23:59:00
att_10695,pay_101705,UPI payment link,2,15,Failed,0.411,0.0,4036.47,
att_10696,pay_100005,UPI payment link,2,15,Recovered,0.412,1109.08,0.0,2026-03-20 20:28:00
att_10697,pay_103338,Smart gateway retry,0,15,Pending,0.809,0.0,14462.51,
att_10698,pay_100036,UPI payment link,1,15,Failed,0.467,0.0,5140.55,
att_10699,pay_101291,Alternate payment method,3,15,Failed,0.291,0.0,2658.54,
att_10700,pay_103984,Smart gateway retry,2,15,Failed,0.738,0.0,606.3,
att_10701,pay_103378,UPI payment link,3,15,Failed,0.266,0.0,736.83,
att_10702,pay_100609,Email reminder,3,15,Failed,0.422,0.0,6517.85,
att_10703,pay_104311,Email reminder,2,15,Recovered,0.571,758.98,0.0,2026-03-21 02:36:00
att_10704,pay_102152,UPI payment link,0,15,Pending,0.387,0.0,2839.25,
att_10705,pay_101041,UPI payment link,2,15,Recovered,0.417,1911.88,0.0,2026-03-20 23:57:00
att_10706,pay_100231,Smart gateway retry,0,15,Recovered,0.609,688.32,0.0,2026-03-21 01:56:00
att_10707,pay_103577,Retry after 10 minutes,3,10,Recovered,0.824,3105.78,0.0,2026-03-21 04:53:00
att_10708,pay_102993,Retry after 10 minutes,3,10,Recovered,0.693,3544.69,0.0,2026-03-20 19:42:00
att_10709,pay_100150,Alternate payment method,2,15,Failed,0.332,0.0,3039.5,
att_10710,pay_101346,Alternate payment method,1,15,Recovered,0.387,5079.96,0.0,2026-03-21 12:12:00
att_10711,pay_102671,UPI payment link,2,15,Failed,0.248,0.0,2335.06,
att_10712,pay_104147,Alternate payment method,0,15,Recovered,0.399,550.27,0.0,2026-03-21 05:00:00
att_10713,pay_104970,Alternate payment method,1,15,Failed,0.408,0.0,5094.54,
att_10714,pay_101559,Alternate payment method,3,15,Failed,0.399,0.0,3613.53,
att_10715,pay_100124,Smart gateway retry,2,15,Failed,0.727,0.0,750.4,
att_10716,pay_101400,Alternate payment method,0,15,Pending,0.242,0.0,440.45,
att_10717,pay_100834,Retry after 10 minutes,0,10,Recovered,0.881,10979.82,0.0,2026-03-21 13:17:00
att_10718,pay_104066,Alternate payment method,2,15,Recovered,0.382,752.71,0.0,2026-03-21 01:33:00
att_10719,pay_100642,OTP reminder,3,15,Recovered,0.609,2945.35,0.0,2026-03-21 12:39:00
att_10720,pay_101126,Smart gateway retry,3,15,Recovered,0.625,2483.44,0.0,2026-03-21 11:14:00
att_10721,pay_102149,OTP reminder,2,15,Failed,0.626,0.0,453.72,
att_10722,pay_102376,UPI payment link,0,15,Pending,0.348,0.0,1775.11,
att_10723,pay_104703,Smart gateway retry,1,15,Recovered,0.653,1819.02,0.0,2026-03-21 17:45:00
att_10724,pay_101313,Retry after 10 minutes,3,10,Recovered,0.89,4388.16,0.0,2026-03-21 13:51:00
att_10725,pay_100145,OTP reminder,0,15,Pending,0.619,0.0,1945.33,
att_10726,pay_101551,OTP reminder,2,15,Failed,0.719,0.0,3543.26,
att_10727,pay_101309,UPI payment link,2,15,Failed,0.551,0.0,762.83,
att_10728,pay_104183,Smart gateway retry,3,15,Failed,0.88,0.0,1598.44,
att_10729,pay_102511,Email reminder,1,15,Recovered,0.661,3123.54,0.0,2026-03-21 05:15:00
att_10730,pay_102639,Smart gateway retry,2,15,Failed,0.765,0.0,965.69,
att_10731,pay_101149,Retry after 10 minutes,2,10,Failed,0.893,0.0,1743.69,
att_10732,pay_101464,Retry after 10 minutes,0,10,Pending,0.98,0.0,2183.05,
att_10733,pay_101855,Smart gateway retry,3,15,Recovered,0.942,3065.44,0.0,2026-03-21 09:01:00
att_10734,pay_103965,OTP reminder,1,15,Failed,0.615,0.0,1032.12,
att_10735,pay_104318,OTP reminder,2,15,Failed,0.578,0.0,1829.46,
att_10736,pay_102672,Retry after 10 minutes,1,10,Failed,0.859,0.0,1380.39,
att_10737,pay_101895,Smart gateway retry,0,15,Pending,0.786,0.0,5747.18,
att_10738,pay_100559,UPI payment link,0,15,Recovered,0.299,3331.98,0.0,2026-03-21 10:46:00
att_10739,pay_100881,UPI payment link,1,15,Failed,0.248,0.0,6404.74,
att_10740,pay_103331,Email reminder,2,15,Failed,0.594,0.0,11698.23,
att_10741,pay_102654,Smart gateway retry,1,15,Recovered,0.554,3170.32,0.0,2026-03-22 06:57:00
att_10742,pay_102318,UPI payment link,0,15,Pending,0.297,0.0,2560.09,
att_10743,pay_104838,Alternate payment method,3,15,Recovered,0.377,2189.84,0.0,2026-03-21 21:23:00
att_10744,pay_104896,Retry after 10 minutes,0,10,Pending,0.809,0.0,9129.32,
att_10745,pay_100779,Smart gateway retry,0,15,Recovered,0.8,3250.82,0.0,2026-03-22 06:03:00
att_10746,pay_104326,Retry after 10 minutes,3,10,Failed,0.841,0.0,5128.85,
att_10747,pay_104474,OTP reminder,3,15,Failed,0.63,0.0,1748.27,
att_10748,pay_103777,OTP reminder,1,15,Recovered,0.577,2556.61,0.0,2026-03-21 17:11:00
att_10749,pay_101157,Email reminder,2,15,Failed,0.533,0.0,5763.65,
att_10750,pay_101006,UPI payment link,3,15,Failed,0.502,0.0,1916.4,
att_10751,pay_103917,Alternate payment method,2,15,Failed,0.274,0.0,3235.33,
att_10752,pay_100296,UPI payment link,1,15,Failed,0.258,0.0,1187.55,
att_10753,pay_103709,OTP reminder,1,15,Recovered,0.637,1678.13,0.0,2026-03-22 06:18:00
att_10754,pay_101547,Alternate payment method,3,15,Failed,0.289,0.0,1369.6,
att_10755,pay_102918,Retry after 10 minutes,3,10,Failed,0.98,0.0,1122.19,
att_10756,pay_100855,Alternate payment method,0,15,Pending,0.33,0.0,17964.04,
att_10757,pay_104780,Alternate payment method,1,15,Failed,0.235,0.0,1203.19,
att_10758,pay_103935,Alternate payment method,0,15,Pending,0.324,0.0,2854.61,
att_10759,pay_103805,UPI payment link,1,15,Failed,0.263,0.0,4586.9,
att_10760,pay_100649,Retry after 10 minutes,2,10,Recovered,0.835,2676.76,0.0,2026-03-22 13:11:00
att_10761,pay_103333,Alternate payment method,0,15,Pending,0.222,0.0,961.97,
att_10762,pay_101162,Alternate payment method,1,15,Recovered,0.443,820.62,0.0,2026-03-22 07:15:00
att_10763,pay_101862,UPI payment link,1,15,Recovered,0.217,608.49,0.0,2026-03-22 05:59:00
att_10764,pay_103155,Smart gateway retry,0,15,Pending,0.793,0.0,1184.63,
att_10765,pay_104761,Email reminder,2,15,Failed,0.38,0.0,2239.16,
att_10766,pay_102148,Alternate payment method,2,15,Recovered,0.298,1586.21,0.0,2026-03-23 01:58:00
att_10767,pay_101656,Retry after 10 minutes,2,10,Failed,0.686,0.0,1127.59,
att_10768,pay_102620,Alternate payment method,1,15,Failed,0.293,0.0,1710.69,
att_10769,pay_100476,Email reminder,3,15,Failed,0.292,0.0,2902.71,
att_10770,pay_104056,Retry after 10 minutes,1,10,Failed,0.701,0.0,390.57,
att_10771,pay_103315,Alternate payment method,0,15,Pending,0.371,0.0,1393.73,
att_10772,pay_100774,Smart gateway retry,0,15,Pending,0.786,0.0,3458.51,
att_10773,pay_101883,Smart gateway retry,3,15,Recovered,0.76,984.84,0.0,2026-03-22 11:43:00
att_10774,pay_100864,Retry after 10 minutes,1,10,Failed,0.799,0.0,346.9,
att_10775,pay_102035,Alternate payment method,2,15,Failed,0.391,0.0,847.95,
att_10776,pay_104856,OTP reminder,1,15,Failed,0.674,0.0,2736.77,
att_10777,pay_101843,OTP reminder,1,15,Failed,0.479,0.0,1369.49,
att_10778,pay_100360,Retry after 10 minutes,2,10,Recovered,0.635,1319.87,0.0,2026-03-22 23:41:00
att_10779,pay_103997,Smart gateway retry,3,15,Recovered,0.795,6188.97,0.0,2026-03-22 17:41:00
att_10780,pay_103628,UPI payment link,2,15,Failed,0.258,0.0,945.94,
att_10781,pay_101598,Alternate payment method,3,15,Failed,0.313,0.0,347.2,
att_10782,pay_100722,UPI payment link,1,15,Recovered,0.343,1961.65,0.0,2026-03-22 16:28:00
att_10783,pay_101143,UPI payment link,0,15,Pending,0.331,0.0,2684.14,
att_10784,pay_104784,OTP reminder,2,15,Failed,0.527,0.0,2253.14,
att_10785,pay_104279,UPI payment link,1,15,Failed,0.32,0.0,2105.35,
att_10786,pay_104918,UPI payment link,3,15,Failed,0.513,0.0,7291.85,
att_10787,pay_102438,Retry after 10 minutes,2,10,Recovered,0.829,3810.16,0.0,2026-03-23 08:27:00
att_10788,pay_101125,Smart gateway retry,2,15,Failed,0.841,0.0,2462.34,
att_10789,pay_100589,Retry after 10 minutes,0,10,Recovered,0.642,4337.43,0.0,2026-03-23 07:49:00
att_10790,pay_102167,Email reminder,0,15,Pending,0.447,0.0,721.55,
att_10791,pay_101092,Alternate payment method,1,15,Failed,0.381,0.0,7868.99,
att_10792,pay_104001,Alternate payment method,3,15,Failed,0.287,0.0,1005.74,
att_10793,pay_104107,UPI payment link,0,15,Pending,0.382,0.0,343.24,
att_10794,pay_104640,UPI payment link,1,15,Recovered,0.517,2171.44,0.0,2026-03-23 12:56:00
att_10795,pay_104547,UPI payment link,0,15,Pending,0.258,0.0,5181.32,
att_10796,pay_102825,OTP reminder,3,15,Failed,0.643,0.0,3126.75,
att_10797,pay_101023,OTP reminder,0,15,Pending,0.481,0.0,5735.24,
att_10798,pay_103571,Smart gateway retry,1,15,Recovered,0.557,2468.35,0.0,2026-03-23 01:40:00
att_10799,pay_100092,Alternate payment method,3,15,Recovered,0.367,9907.62,0.0,2026-03-23 19:59:00
att_10800,pay_103458,Retry after 10 minutes,2,10,Recovered,0.768,2735.13,0.0,2026-03-23 12:35:00
att_10801,pay_101499,Alternate payment method,0,15,Pending,0.438,0.0,803.08,
att_10802,pay_103230,Retry after 10 minutes,1,10,Recovered,0.753,3980.55,0.0,2026-03-24 00:27:00
att_10803,pay_100512,OTP reminder,1,15,Failed,0.637,0.0,3074.32,
att_10804,pay_100458,Smart gateway retry,0,15,Recovered,0.68,2484.24,0.0,2026-03-23 19:12:00
att_10805,pay_101124,Email reminder,0,15,Pending,0.336,0.0,1212.28,
att_10806,pay_102456,Retry after 10 minutes,1,10,Failed,0.877,0.0,18244.29,
att_10807,pay_100962,Alternate payment method,0,15,Pending,0.427,0.0,2699.42,
att_10808,pay_102450,UPI payment link,1,15,Failed,0.282,0.0,1668.25,
att_10809,pay_101960,UPI payment link,3,15,Failed,0.6,0.0,6702.62,
att_10810,pay_100018,OTP reminder,0,15,Recovered,0.618,1349.18,0.0,2026-03-23 18:40:00
att_10811,pay_101968,Alternate payment method,3,15,Recovered,0.369,1660.72,0.0,2026-03-23 23:57:00
att_10812,pay_102207,OTP reminder,0,15,Recovered,0.675,3596.92,0.0,2026-03-23 19:24:00
att_10813,pay_101658,OTP reminder,1,15,Failed,0.528,0.0,2287.26,
att_10814,pay_101085,UPI payment link,2,15,Failed,0.254,0.0,2169.52,
att_10815,pay_100867,Retry after 10 minutes,3,10,Recovered,0.899,8877.42,0.0,2026-03-24 17:09:00
att_10816,pay_104890,Retry after 10 minutes,2,10,Failed,0.878,0.0,1300.76,
att_10817,pay_104365,Retry after 10 minutes,0,10,Pending,0.873,0.0,1456.86,
att_10818,pay_104846,Smart gateway retry,3,15,Recovered,0.791,2638.13,0.0,2026-03-24 13:17:00
att_10819,pay_102703,OTP reminder,3,15,Recovered,0.578,5102.03,0.0,2026-03-24 19:39:00
att_10820,pay_102783,Retry after 10 minutes,2,10,Recovered,0.832,846.78,0.0,2026-03-24 00:01:00
att_10821,pay_101015,UPI payment link,3,15,Failed,0.472,0.0,7794.97,
att_10822,pay_104942,UPI payment link,1,15,Failed,0.581,0.0,4038.75,
att_10823,pay_100588,Retry after 10 minutes,3,10,Recovered,0.897,904.37,0.0,2026-03-24 05:34:00
att_10824,pay_103506,OTP reminder,3,15,Recovered,0.668,1613.15,0.0,2026-03-24 18:03:00
att_10825,pay_100815,Email reminder,1,15,Failed,0.646,0.0,699.24,
att_10826,pay_103147,Smart gateway retry,1,15,Recovered,0.834,6285.42,0.0,2026-03-24 10:20:00
att_10827,pay_104972,Email reminder,0,15,Pending,0.455,0.0,5465.21,
att_10828,pay_103050,UPI payment link,0,15,Pending,0.527,0.0,4125.58,
att_10829,pay_101079,Alternate payment method,0,15,Pending,0.321,0.0,2693.17,
att_10830,pay_101649,Smart gateway retry,2,15,Failed,0.817,0.0,3085.0,
att_10831,pay_104482,UPI payment link,0,15,Pending,0.32,0.0,896.46,
att_10832,pay_104695,Retry after 10 minutes,1,10,Recovered,0.843,1103.52,0.0,2026-03-24 09:26:00
att_10833,pay_101096,Email reminder,2,15,Recovered,0.451,4480.2,0.0,2026-03-24 08:13:00
att_10834,pay_101864,OTP reminder,3,15,Recovered,0.685,2582.35,0.0,2026-03-25 00:25:00
att_10835,pay_103229,Retry after 10 minutes,1,10,Recovered,0.769,4538.27,0.0,2026-03-25 05:52:00
att_10836,pay_102862,Smart gateway retry,3,15,Failed,0.587,0.0,9182.8,
att_10837,pay_102789,Alternate payment method,0,15,Pending,0.348,0.0,3691.95,
att_10838,pay_101932,Smart gateway retry,0,15,Pending,0.824,0.0,7641.49,
att_10839,pay_103189,Email reminder,2,15,Failed,0.543,0.0,2367.36,
att_10840,pay_104538,UPI payment link,2,15,Recovered,0.416,16161.59,0.0,2026-03-25 08:34:00
att_10841,pay_104072,Retry after 10 minutes,2,10,Recovered,0.901,2430.08,0.0,2026-03-25 07:36:00
att_10842,pay_100610,OTP reminder,3,15,Recovered,0.742,13647.76,0.0,2026-03-25 03:48:00
att_10843,pay_100581,Alternate payment method,3,15,Failed,0.516,0.0,2458.61,
att_10844,pay_100100,Retry after 10 minutes,3,10,Recovered,0.862,874.01,0.0,2026-03-25 09:24:00
att_10845,pay_100083,UPI payment link,3,15,Failed,0.212,0.0,3169.12,
att_10846,pay_103739,Retry after 10 minutes,2,10,Failed,0.856,0.0,785.31,
att_10847,pay_104674,UPI payment link,1,15,Failed,0.422,0.0,4754.41,
att_10848,pay_103624,UPI payment link,1,15,Failed,0.302,0.0,26028.44,
att_10849,pay_102245,UPI payment link,0,15,Pending,0.362,0.0,1429.15,
att_10850,pay_100089,UPI payment link,1,15,Failed,0.539,0.0,2611.04,
att_10851,pay_103126,UPI payment link,0,15,Recovered,0.283,3768.56,0.0,2026-03-24 23:30:00
att_10852,pay_102285,Alternate payment method,2,15,Failed,0.3,0.0,9684.94,
att_10853,pay_104660,UPI payment link,2,15,Failed,0.378,0.0,930.89,
att_10854,pay_103380,OTP reminder,2,15,Failed,0.537,0.0,1978.8,
att_10855,pay_100387,Retry after 10 minutes,0,10,Pending,0.824,0.0,10046.73,
att_10856,pay_100544,Retry after 10 minutes,2,10,Recovered,0.909,2254.89,0.0,2026-03-25 12:50:00
att_10857,pay_104721,Retry after 10 minutes,2,10,Failed,0.735,0.0,7348.78,
att_10858,pay_102454,Retry after 10 minutes,2,10,Failed,0.778,0.0,6819.79,
att_10859,pay_102821,OTP reminder,1,15,Failed,0.667,0.0,9449.28,
att_10860,pay_100333,UPI payment link,2,15,Failed,0.296,0.0,14705.65,
att_10861,pay_103629,Retry after 10 minutes,1,10,Failed,0.65,0.0,2548.99,
att_10862,pay_100481,UPI payment link,0,15,Pending,0.38,0.0,2271.58,
att_10863,pay_103439,Alternate payment method,1,15,Recovered,0.427,865.09,0.0,2026-03-26 04:57:00
att_10864,pay_103066,Alternate payment method,3,15,Failed,0.509,0.0,547.33,
att_10865,pay_101970,Alternate payment method,2,15,Recovered,0.25,4134.49,0.0,2026-03-25 16:16:00
att_10866,pay_102405,Smart gateway retry,0,15,Recovered,0.662,1032.86,0.0,2026-03-26 09:32:00
att_10867,pay_104861,UPI payment link,3,15,Failed,0.14,0.0,1234.85,
att_10868,pay_100552,Alternate payment method,3,15,Recovered,0.324,3144.54,0.0,2026-03-25 21:36:00
att_10869,pay_103522,UPI payment link,0,15,Pending,0.245,0.0,743.32,
att_10870,pay_100037,UPI payment link,0,15,Pending,0.317,0.0,2588.6,
att_10871,pay_104734,UPI payment link,3,15,Failed,0.559,0.0,7174.98,
att_10872,pay_104933,Smart gateway retry,2,15,Recovered,0.937,1442.73,0.0,2026-03-26 12:11:00
att_10873,pay_101986,Retry after 10 minutes,2,10,Failed,0.878,0.0,6677.1,
att_10874,pay_102080,OTP reminder,0,15,Pending,0.637,0.0,4305.61,
att_10875,pay_103539,OTP reminder,2,15,Recovered,0.608,1456.57,0.0,2026-03-26 03:42:00
att_10876,pay_101039,Alternate payment method,3,15,Recovered,0.423,2303.69,0.0,2026-03-26 06:33:00
att_10877,pay_102609,UPI payment link,2,15,Failed,0.472,0.0,2741.76,
att_10878,pay_104665,Retry after 10 minutes,3,10,Recovered,0.855,1343.49,0.0,2026-03-26 06:59:00
att_10879,pay_102423,Alternate payment method,3,15,Failed,0.37,0.0,2486.6,
att_10880,pay_104622,UPI payment link,0,15,Pending,0.389,0.0,11552.03,
att_10881,pay_100301,OTP reminder,3,15,Failed,0.805,0.0,9113.93,
att_10882,pay_101602,Smart gateway retry,2,15,Recovered,0.784,500.81,0.0,2026-03-26 19:08:00
att_10883,pay_100432,OTP reminder,1,15,Failed,0.624,0.0,5665.12,
att_10884,pay_100604,Alternate payment method,1,15,Failed,0.123,0.0,3330.58,
att_10885,pay_103520,Alternate payment method,2,15,Failed,0.432,0.0,815.33,
att_10886,pay_100793,Smart gateway retry,0,15,Recovered,0.776,2566.67,0.0,2026-03-26 13:32:00
att_10887,pay_104222,Smart gateway retry,1,15,Failed,0.859,0.0,1884.53,
att_10888,pay_101922,Smart gateway retry,2,15,Recovered,0.719,1125.83,0.0,2026-03-27 00:51:00
att_10889,pay_100523,Retry after 10 minutes,1,10,Failed,0.657,0.0,1270.42,
att_10890,pay_104636,UPI payment link,0,15,Recovered,0.451,1369.16,0.0,2026-03-26 18:49:00
att_10891,pay_103889,Retry after 10 minutes,0,10,Pending,0.832,0.0,2992.37,
att_10892,pay_104242,UPI payment link,0,15,Pending,0.472,0.0,4844.5,
att_10893,pay_104355,Retry after 10 minutes,3,10,Failed,0.834,0.0,534.62,
att_10894,pay_101586,Alternate payment method,0,15,Pending,0.481,0.0,4867.33,
att_10895,pay_102325,Email reminder,1,15,Failed,0.601,0.0,5606.81,
att_10896,pay_102371,Retry after 10 minutes,1,10,Recovered,0.807,4166.24,0.0,2026-03-27 00:07:00
att_10897,pay_102333,Alternate payment method,3,15,Recovered,0.206,7373.03,0.0,2026-03-26 17:56:00
att_10898,pay_100027,Retry after 10 minutes,2,10,Recovered,0.905,3008.01,0.0,2026-03-26 21:50:00
att_10899,pay_101263,Retry after 10 minutes,1,10,Recovered,0.853,783.96,0.0,2026-03-26 20:20:00
att_10900,pay_102944,OTP reminder,0,15,Recovered,0.56,2226.05,0.0,2026-03-27 01:52:00
att_10901,pay_102983,OTP reminder,3,15,Recovered,0.731,1799.23,0.0,2026-03-27 09:49:00
att_10902,pay_103168,Retry after 10 minutes,2,10,Recovered,0.845,1340.38,0.0,2026-03-26 15:06:00
att_10903,pay_101024,Alternate payment method,0,15,Recovered,0.392,4405.8,0.0,2026-03-27 03:34:00
att_10904,pay_100148,Retry after 10 minutes,2,10,Recovered,0.87,4506.56,0.0,2026-03-26 19:06:00
att_10905,pay_101230,Retry after 10 minutes,3,10,Recovered,0.724,2463.67,0.0,2026-03-27 17:41:00
att_10906,pay_102287,Retry after 10 minutes,1,10,Failed,0.856,0.0,14116.46,
att_10907,pay_103363,Email reminder,1,15,Failed,0.504,0.0,6973.3,
att_10908,pay_103081,UPI payment link,0,15,Pending,0.504,0.0,1255.21,
att_10909,pay_100848,Retry after 10 minutes,2,10,Failed,0.819,0.0,453.27,
att_10910,pay_102515,UPI payment link,1,15,Failed,0.336,0.0,4044.27,
att_10911,pay_100866,Retry after 10 minutes,3,10,Recovered,0.841,2966.42,0.0,2026-03-27 06:56:00
att_10912,pay_104997,Alternate payment method,1,15,Recovered,0.35,779.89,0.0,2026-03-27 19:31:00
att_10913,pay_102337,UPI payment link,1,15,Failed,0.224,0.0,1113.61,
att_10914,pay_101963,Retry after 10 minutes,0,10,Pending,0.706,0.0,1037.19,
att_10915,pay_102872,Email reminder,3,15,Recovered,0.565,1135.08,0.0,2026-03-28 01:49:00
att_10916,pay_103454,Retry after 10 minutes,1,10,Failed,0.824,0.0,3543.44,
att_10917,pay_104373,Retry after 10 minutes,3,10,Recovered,0.878,3505.15,0.0,2026-03-27 22:35:00
att_10918,pay_100740,Alternate payment method,0,15,Pending,0.327,0.0,26578.74,
att_10919,pay_101964,Alternate payment method,3,15,Failed,0.276,0.0,1959.59,
att_10920,pay_100513,UPI payment link,3,15,Recovered,0.551,4932.03,0.0,2026-03-28 10:07:00
att_10921,pay_101842,Alternate payment method,2,15,Failed,0.408,0.0,883.51,
att_10922,pay_101534,Alternate payment method,3,15,Failed,0.331,0.0,1532.82,
att_10923,pay_102195,Email reminder,0,15,Recovered,0.419,9902.26,0.0,2026-03-28 07:25:00
att_10924,pay_104391,Retry after 10 minutes,1,10,Failed,0.797,0.0,324.97,
att_10925,pay_104969,UPI payment link,3,15,Failed,0.497,0.0,9810.68,
att_10926,pay_103077,Email reminder,2,15,Recovered,0.55,2984.74,0.0,2026-03-28 14:36:00
att_10927,pay_101425,Alternate payment method,2,15,Recovered,0.319,12936.53,0.0,2026-03-28 20:14:00
att_10928,pay_103207,Smart gateway retry,3,15,Failed,0.857,0.0,1828.81,
att_10929,pay_103400,UPI payment link,3,15,Failed,0.47,0.0,2071.61,
att_10930,pay_100165,Smart gateway retry,2,15,Recovered,0.65,544.67,0.0,2026-03-28 04:25:00
att_10931,pay_100884,OTP reminder,1,15,Recovered,0.49,706.31,0.0,2026-03-29 02:14:00
att_10932,pay_101573,UPI payment link,2,15,Failed,0.467,0.0,899.8,
att_10933,pay_102158,Retry after 10 minutes,0,10,Recovered,0.705,2559.04,0.0,2026-03-28 09:58:00
att_10934,pay_103009,Email reminder,1,15,Recovered,0.413,4688.35,0.0,2026-03-28 16:38:00
att_10935,pay_103197,Retry after 10 minutes,3,10,Recovered,0.844,1572.67,0.0,2026-03-28 15:10:00
att_10936,pay_103507,UPI payment link,0,15,Pending,0.295,0.0,4384.29,
att_10937,pay_102683,Retry after 10 minutes,1,10,Failed,0.98,0.0,806.07,
att_10938,pay_103867,Retry after 10 minutes,2,10,Failed,0.81,0.0,4652.2,
att_10939,pay_104053,Retry after 10 minutes,2,10,Recovered,0.809,628.74,0.0,2026-03-29 00:28:00
att_10940,pay_103245,Email reminder,1,15,Recovered,0.39,7231.88,0.0,2026-03-29 02:13:00
att_10941,pay_102160,Retry after 10 minutes,1,10,Failed,0.857,0.0,544.73,
att_10942,pay_101218,Smart gateway retry,1,15,Failed,0.728,0.0,1552.38,
att_10943,pay_102747,Alternate payment method,3,15,Failed,0.369,0.0,6837.01,
att_10944,pay_100226,Smart gateway retry,2,15,Recovered,0.815,1049.62,0.0,2026-03-29 08:12:00
att_10945,pay_100836,Smart gateway retry,0,15,Recovered,0.794,11155.37,0.0,2026-03-29 10:13:00
att_10946,pay_103832,UPI payment link,1,15,Failed,0.434,0.0,9732.26,
att_10947,pay_100335,OTP reminder,2,15,Failed,0.455,0.0,412.52,
att_10948,pay_101000,UPI payment link,2,15,Recovered,0.469,1943.62,0.0,2026-03-29 19:15:00
att_10949,pay_102934,Alternate payment method,1,15,Failed,0.288,0.0,492.65,
att_10950,pay_103768,UPI payment link,3,15,Recovered,0.464,3867.53,0.0,2026-03-30 04:37:00
att_10951,pay_100290,Smart gateway retry,3,15,Recovered,0.89,4592.42,0.0,2026-03-30 04:58:00
att_10952,pay_101333,Email reminder,3,15,Recovered,0.422,6906.26,0.0,2026-03-29 15:59:00
att_10953,pay_103712,Alternate payment method,3,15,Failed,0.348,0.0,3627.82,
att_10954,pay_104205,Email reminder,0,15,Pending,0.513,0.0,9001.24,
att_10955,pay_104752,OTP reminder,3,15,Recovered,0.585,1622.95,0.0,2026-03-30 05:26:00
att_10956,pay_104287,OTP reminder,2,15,Recovered,0.662,260.14,0.0,2026-03-29 18:00:00
att_10957,pay_102531,Smart gateway retry,0,15,Pending,0.796,0.0,5117.58,
att_10958,pay_104809,Retry after 10 minutes,0,10,Pending,0.797,0.0,3324.11,
att_10959,pay_103802,Alternate payment method,0,15,Pending,0.237,0.0,779.24,
att_10960,pay_102544,UPI payment link,2,15,Failed,0.35,0.0,4335.97,
att_10961,pay_101748,OTP reminder,2,15,Recovered,0.54,2743.93,0.0,2026-03-29 19:52:00
att_10962,pay_102092,Smart gateway retry,3,15,Recovered,0.853,988.63,0.0,2026-03-30 05:29:00
att_10963,pay_100102,UPI payment link,2,15,Failed,0.26,0.0,3459.67,
att_10964,pay_100091,OTP reminder,1,15,Failed,0.787,0.0,1545.03,
att_10965,pay_100653,OTP reminder,0,15,Pending,0.793,0.0,3219.42,
att_10966,pay_100471,Email reminder,1,15,Failed,0.314,0.0,1758.1,
att_10967,pay_100427,Smart gateway retry,2,15,Recovered,0.699,7657.32,0.0,2026-03-30 19:11:00
att_10968,pay_100550,Retry after 10 minutes,1,10,Failed,0.954,0.0,4233.74,
att_10969,pay_104308,Smart gateway retry,0,15,Recovered,0.821,2176.38,0.0,2026-03-30 10:01:00
att_10970,pay_103299,Email reminder,1,15,Failed,0.398,0.0,1995.87,
att_10971,pay_101198,Alternate payment method,0,15,Pending,0.424,0.0,908.46,
att_10972,pay_103817,UPI payment link,0,15,Pending,0.37,0.0,563.9,
att_10973,pay_104975,Email reminder,2,15,Failed,0.287,0.0,3141.03,
att_10974,pay_103036,Email reminder,3,15,Failed,0.33,0.0,204.03,
att_10975,pay_103056,Alternate payment method,3,15,Failed,0.44,0.0,6338.21,
att_10976,pay_102570,Alternate payment method,2,15,Recovered,0.502,2300.53,0.0,2026-03-31 03:53:00
att_10977,pay_100595,Alternate payment method,0,15,Pending,0.306,0.0,2121.33,
att_10978,pay_101259,UPI payment link,3,15,Failed,0.286,0.0,2066.38,
att_10979,pay_101086,Alternate payment method,0,15,Pending,0.349,0.0,21779.36,
att_10980,pay_100851,Smart gateway retry,3,15,Recovered,0.748,1178.54,0.0,2026-03-30 16:04:00
att_10981,pay_102295,Alternate payment method,2,15,Failed,0.278,0.0,1857.9,
att_10982,pay_104974,UPI payment link,3,15,Recovered,0.503,3409.0,0.0,2026-03-30 17:55:00
att_10983,pay_102534,Smart gateway retry,0,15,Pending,0.694,0.0,2126.34,
att_10984,pay_100859,Retry after 10 minutes,2,10,Failed,0.809,0.0,1383.36,
att_10985,pay_102982,Smart gateway retry,2,15,Recovered,0.847,12494.94,0.0,2026-03-30 23:03:00
att_10986,pay_102496,Alternate payment method,1,15,Failed,0.424,0.0,3750.2,
att_10987,pay_104004,UPI payment link,3,15,Failed,0.276,0.0,1201.32,
att_10988,pay_100590,Alternate payment method,3,15,Failed,0.36,0.0,2751.41,
att_10989,pay_100685,UPI payment link,2,15,Failed,0.449,0.0,2865.82,
att_10990,pay_101283,Retry after 10 minutes,3,10,Recovered,0.869,583.87,0.0,2026-03-31 04:58:00
att_10991,pay_102566,Alternate payment method,3,15,Failed,0.224,0.0,640.17,
att_10992,pay_102901,UPI payment link,1,15,Recovered,0.379,5657.95,0.0,2026-03-30 13:01:00
att_10993,pay_104524,Smart gateway retry,1,15,Recovered,0.705,2041.95,0.0,2026-03-31 09:41:00
att_10994,pay_101011,Email reminder,1,15,Failed,0.325,0.0,1967.97,
att_10995,pay_103570,Email reminder,3,15,Failed,0.477,0.0,1288.32,
att_10996,pay_104307,Email reminder,1,15,Failed,0.373,0.0,2413.4,
att_10997,pay_101577,OTP reminder,1,15,Failed,0.685,0.0,3486.36,
att_10998,pay_104466,Retry after 10 minutes,1,10,Failed,0.633,0.0,6925.11,
att_10999,pay_100715,Retry after 10 minutes,3,10,Recovered,0.712,1756.69,0.0,2026-03-31 02:28:00
att_11000,pay_103480,Retry after 10 minutes,1,10,Recovered,0.956,7334.7,0.0,2026-03-31 16:29:00
att_11001,pay_104270,Email reminder,1,15,Failed,0.295,0.0,12723.45,
att_11002,pay_102556,OTP reminder,1,15,Failed,0.704,0.0,1600.16,
att_11003,pay_104908,UPI payment link,3,15,Failed,0.446,0.0,1021.71,
att_11004,pay_103751,Retry after 10 minutes,1,10,Failed,0.876,0.0,3836.81,
att_11005,pay_103384,Email reminder,3,15,Failed,0.45,0.0,1623.51,
att_11006,pay_101735,Alternate payment method,0,15,Recovered,0.468,545.97,0.0,2026-03-31 06:15:00
att_11007,pay_102004,OTP reminder,1,15,Failed,0.712,0.0,2329.88,
att_11008,pay_102205,Smart gateway retry,2,15,Recovered,0.838,580.18,0.0,2026-03-31 05:36:00
att_11009,pay_100483,UPI payment link,3,15,Recovered,0.324,6607.09,0.0,2026-03-31 06:34:00
att_11010,pay_100104,OTP reminder,0,15,Recovered,0.834,3233.63,0.0,2026-03-31 22:50:00
att_11011,pay_103392,Smart gateway retry,0,15,Pending,0.774,0.0,3470.07,
att_11012,pay_103563,Retry after 10 minutes,0,10,Recovered,0.698,1041.12,0.0,2026-03-31 19:10:00
att_11013,pay_102898,Retry after 10 minutes,2,10,Failed,0.814,0.0,1037.34,
att_11014,pay_102256,OTP reminder,2,15,Failed,0.562,0.0,4238.03,
att_11015,pay_101683,Smart gateway retry,2,15,Failed,0.793,0.0,3412.7,
att_11016,pay_103295,Smart gateway retry,2,15,Failed,0.79,0.0,766.93,
att_11017,pay_102831,OTP reminder,0,15,Pending,0.671,0.0,995.13,
att_11018,pay_100070,UPI payment link,1,15,Failed,0.249,0.0,3083.54,
att_11019,pay_104711,Email reminder,2,15,Failed,0.446,0.0,747.76,
att_11020,pay_103482,Email reminder,2,15,Recovered,0.526,2011.46,0.0,2026-03-31 16:44:00
att_11021,pay_100744,Retry after 10 minutes,3,10,Recovered,0.804,1003.3,0.0,2026-03-31 20:29:00
att_11022,pay_103395,Alternate payment method,2,15,Failed,0.362,0.0,1133.01,
att_11023,pay_100691,Retry after 10 minutes,2,10,Recovered,0.949,24159.26,0.0,2026-04-01 05:36:00
att_11024,pay_100134,OTP reminder,3,15,Failed,0.462,0.0,1308.27,
att_11025,pay_102701,UPI payment link,1,15,Failed,0.49,0.0,6117.33,
att_11026,pay_102546,UPI payment link,2,15,Recovered,0.377,4646.99,0.0,2026-04-01 03:00:00
att_11027,pay_101979,UPI payment link,3,15,Failed,0.368,0.0,413.83,
att_11028,pay_101132,UPI payment link,3,15,Failed,0.372,0.0,1129.51,
att_11029,pay_101616,Retry after 10 minutes,1,10,Recovered,0.91,8486.13,0.0,2026-04-01 05:00:00
att_11030,pay_104098,Smart gateway retry,0,15,Recovered,0.818,6576.01,0.0,2026-04-01 10:26:00
att_11031,pay_101985,Retry after 10 minutes,2,10,Failed,0.898,0.0,3970.4,
att_11032,pay_104515,UPI payment link,2,15,Failed,0.255,0.0,7586.55,
att_11033,pay_101253,UPI payment link,1,15,Failed,0.332,0.0,2017.57,
att_11034,pay_100260,Smart gateway retry,3,15,Failed,0.882,0.0,436.39,
att_11035,pay_102800,UPI payment link,2,15,Failed,0.36,0.0,1696.4,
att_11036,pay_103153,Smart gateway retry,0,15,Pending,0.957,0.0,6475.49,
att_11037,pay_100558,OTP reminder,1,15,Failed,0.739,0.0,2895.1,
att_11038,pay_100638,Retry after 10 minutes,2,10,Recovered,0.969,732.5,0.0,2026-03-31 23:45:00
att_11039,pay_104803,UPI payment link,1,15,Failed,0.37,0.0,601.24,
att_11040,pay_101413,Alternate payment method,2,15,Recovered,0.545,1892.21,0.0,2026-04-01 18:02:00
att_11041,pay_102670,UPI payment link,0,15,Pending,0.333,0.0,5614.98,
att_11042,pay_103129,UPI payment link,0,15,Recovered,0.34,1372.21,0.0,2026-04-01 17:41:00
att_11043,pay_102808,UPI payment link,1,15,Failed,0.461,0.0,1166.17,
att_11044,pay_102235,UPI payment link,0,15,Recovered,0.472,530.69,0.0,2026-04-01 10:56:00
att_11045,pay_102724,Email reminder,2,15,Failed,0.538,0.0,953.63,
att_11046,pay_104907,Alternate payment method,1,15,Failed,0.423,0.0,1167.67,
att_11047,pay_101460,Retry after 10 minutes,0,10,Pending,0.698,0.0,1620.77,
att_11048,pay_103914,UPI payment link,0,15,Recovered,0.38,2461.33,0.0,2026-04-02 12:54:00
att_11049,pay_100212,Retry after 10 minutes,2,10,Recovered,0.792,1100.82,0.0,2026-04-01 15:39:00
att_11050,pay_104124,Smart gateway retry,2,15,Recovered,0.804,6767.15,0.0,2026-04-02 10:16:00
att_11051,pay_103421,Retry after 10 minutes,0,10,Pending,0.77,0.0,1464.9,
att_11052,pay_102008,Alternate payment method,3,15,Failed,0.34,0.0,735.23,
att_11053,pay_101429,Retry after 10 minutes,3,10,Recovered,0.912,796.19,0.0,2026-04-02 09:17:00
att_11054,pay_104083,Retry after 10 minutes,2,10,Recovered,0.762,3744.92,0.0,2026-04-02 15:05:00
att_11055,pay_103054,UPI payment link,3,15,Failed,0.418,0.0,839.09,
att_11056,pay_102283,OTP reminder,0,15,Pending,0.67,0.0,8652.98,
att_11057,pay_100989,Retry after 10 minutes,2,10,Recovered,0.837,2739.08,0.0,2026-04-02 04:40:00
att_11058,pay_103381,Smart gateway retry,0,15,Pending,0.77,0.0,11815.3,
att_11059,pay_100105,Alternate payment method,2,15,Failed,0.257,0.0,4579.17,
att_11060,pay_100248,Retry after 10 minutes,3,10,Recovered,0.691,3154.56,0.0,2026-04-02 20:26:00
att_11061,pay_103322,Retry after 10 minutes,3,10,Recovered,0.98,446.52,0.0,2026-04-02 01:34:00
att_11062,pay_102647,UPI payment link,3,15,Failed,0.207,0.0,2796.89,
att_11063,pay_104612,Retry after 10 minutes,2,10,Recovered,0.722,5277.26,0.0,2026-04-02 07:12:00
att_11064,pay_100724,Alternate payment method,2,15,Recovered,0.437,8273.95,0.0,2026-04-02 04:59:00
att_11065,pay_100015,UPI payment link,0,15,Recovered,0.199,15437.04,0.0,2026-04-03 02:27:00
att_11066,pay_100954,UPI payment link,2,15,Failed,0.411,0.0,13923.98,
att_11067,pay_103966,Alternate payment method,0,15,Pending,0.415,0.0,27282.69,
att_11068,pay_100475,OTP reminder,2,15,Failed,0.414,0.0,2863.5,
att_11069,pay_104361,Smart gateway retry,0,15,Recovered,0.728,2813.18,0.0,2026-04-02 09:12:00
att_11070,pay_100612,UPI payment link,2,15,Failed,0.482,0.0,603.03,
att_11071,pay_100917,Retry after 10 minutes,3,10,Failed,0.676,0.0,1158.64,
att_11072,pay_100159,Smart gateway retry,0,15,Pending,0.904,0.0,3206.82,
att_11073,pay_101415,Alternate payment method,2,15,Failed,0.38,0.0,5777.27,
att_11074,pay_103325,UPI payment link,3,15,Recovered,0.357,854.83,0.0,2026-04-03 05:34:00
att_11075,pay_101725,Retry after 10 minutes,0,10,Pending,0.832,0.0,2629.93,
att_11076,pay_104952,UPI payment link,2,15,Recovered,0.273,303.17,0.0,2026-04-02 21:13:00
att_11077,pay_104071,Alternate payment method,0,15,Pending,0.383,0.0,1708.46,
att_11078,pay_100277,Retry after 10 minutes,3,10,Recovered,0.924,5039.85,0.0,2026-04-03 07:04:00
att_11079,pay_100689,Alternate payment method,2,15,Failed,0.382,0.0,1188.6,
att_11080,pay_103073,UPI payment link,1,15,Recovered,0.582,1880.13,0.0,2026-04-03 17:27:00
att_11081,pay_101211,Retry after 10 minutes,3,10,Recovered,0.866,4074.23,0.0,2026-04-03 06:13:00
att_11082,pay_104224,OTP reminder,1,15,Failed,0.712,0.0,1530.07,
att_11083,pay_102987,Retry after 10 minutes,1,10,Failed,0.737,0.0,5279.72,
att_11084,pay_100024,Smart gateway retry,2,15,Failed,0.763,0.0,34497.02,
att_11085,pay_100805,Email reminder,3,15,Recovered,0.366,1311.66,0.0,2026-04-03 04:12:00
att_11086,pay_103564,Smart gateway retry,2,15,Recovered,0.741,3617.32,0.0,2026-04-03 17:12:00
att_11087,pay_103349,UPI payment link,1,15,Failed,0.337,0.0,2060.9,
att_11088,pay_101497,UPI payment link,0,15,Pending,0.413,0.0,686.38,
att_11089,pay_100111,UPI payment link,2,15,Failed,0.302,0.0,768.99,
att_11090,pay_100106,Alternate payment method,0,15,Pending,0.396,0.0,4011.57,
att_11091,pay_102602,UPI payment link,1,15,Failed,0.435,0.0,885.44,
att_11092,pay_100765,Email reminder,3,15,Failed,0.54,0.0,1637.69,
att_11093,pay_103428,Alternate payment method,2,15,Recovered,0.436,1405.9,0.0,2026-04-03 20:59:00
att_11094,pay_102857,Smart gateway retry,0,15,Recovered,0.706,1446.59,0.0,2026-04-03 08:51:00
att_11095,pay_100597,Alternate payment method,0,15,Recovered,0.309,549.99,0.0,2026-04-04 06:42:00
att_11096,pay_101312,Smart gateway retry,1,15,Recovered,0.649,943.14,0.0,2026-04-03 18:02:00
att_11097,pay_101440,Retry after 10 minutes,2,10,Recovered,0.913,1845.03,0.0,2026-04-03 12:26:00
att_11098,pay_103479,Smart gateway retry,0,15,Pending,0.767,0.0,1222.61,
att_11099,pay_100601,Email reminder,3,15,Failed,0.627,0.0,7189.56,
att_11100,pay_100209,OTP reminder,2,15,Recovered,0.623,2107.5,0.0,2026-04-03 21:33:00
att_11101,pay_101730,Alternate payment method,0,15,Pending,0.189,0.0,4822.89,
att_11102,pay_100049,OTP reminder,2,15,Failed,0.636,0.0,520.89,
att_11103,pay_102448,Retry after 10 minutes,0,10,Recovered,0.943,19474.99,0.0,2026-04-04 12:32:00
att_11104,pay_103000,Smart gateway retry,0,15,Pending,0.629,0.0,4356.8,
att_11105,pay_102095,Alternate payment method,1,15,Failed,0.363,0.0,10056.2,
att_11106,pay_100814,Alternate payment method,0,15,Pending,0.443,0.0,1780.59,
att_11107,pay_104914,UPI payment link,0,15,Pending,0.341,0.0,6628.97,
att_11108,pay_101468,Smart gateway retry,1,15,Failed,0.801,0.0,2388.7,
att_11109,pay_101913,Smart gateway retry,0,15,Pending,0.695,0.0,1253.33,
att_11110,pay_101241,Alternate payment method,3,15,Recovered,0.219,756.24,0.0,2026-04-03 23:31:00
att_11111,pay_100401,Alternate payment method,1,15,Recovered,0.504,1482.29,0.0,2026-04-03 20:49:00
att_11112,pay_103865,OTP reminder,1,15,Failed,0.681,0.0,2702.46,
att_11113,pay_100835,OTP reminder,3,15,Failed,0.637,0.0,3915.07,
att_11114,pay_101610,Retry after 10 minutes,1,10,Recovered,0.86,839.71,0.0,2026-04-04 12:29:00
att_11115,pay_103223,Smart gateway retry,1,15,Recovered,0.729,912.99,0.0,2026-04-04 10:44:00
att_11116,pay_103222,Retry after 10 minutes,3,10,Recovered,0.753,998.17,0.0,2026-04-04 23:52:00
att_11117,pay_101338,Smart gateway retry,0,15,Recovered,0.892,651.69,0.0,2026-04-04 18:28:00
att_11118,pay_102661,Alternate payment method,0,15,Pending,0.444,0.0,3396.0,
att_11119,pay_102319,OTP reminder,0,15,Pending,0.446,0.0,1866.42,
att_11120,pay_103543,Smart gateway retry,2,15,Recovered,0.867,2052.75,0.0,2026-04-04 14:44:00
att_11121,pay_102211,Smart gateway retry,3,15,Recovered,0.887,8164.16,0.0,2026-04-05 04:46:00
att_11122,pay_100733,Smart gateway retry,0,15,Recovered,0.735,1845.36,0.0,2026-04-04 18:06:00
att_11123,pay_103386,OTP reminder,2,15,Recovered,0.721,5295.27,0.0,2026-04-05 04:31:00
att_11124,pay_100001,Email reminder,2,15,Failed,0.556,0.0,1451.59,
att_11125,pay_104275,OTP reminder,0,15,Recovered,0.593,3697.2,0.0,2026-04-04 17:38:00
att_11126,pay_101277,UPI payment link,1,15,Failed,0.42,0.0,7952.51,
att_11127,pay_102446,UPI payment link,3,15,Failed,0.419,0.0,3106.46,
att_11128,pay_101557,Retry after 10 minutes,1,10,Recovered,0.9,723.37,0.0,2026-04-05 00:49:00
att_11129,pay_102574,Smart gateway retry,0,15,Pending,0.733,0.0,4587.85,
att_11130,pay_104973,UPI payment link,2,15,Failed,0.379,0.0,2519.36,
att_11131,pay_101824,Retry after 10 minutes,1,10,Failed,0.761,0.0,1870.26,
att_11132,pay_101869,Alternate payment method,2,15,Failed,0.426,0.0,2779.68,
att_11133,pay_101690,Retry after 10 minutes,1,10,Failed,0.841,0.0,5952.99,
att_11134,pay_101057,UPI payment link,1,15,Failed,0.505,0.0,3525.39,
att_11135,pay_100369,UPI payment link,0,15,Pending,0.327,0.0,8032.09,
att_11136,pay_100863,Retry after 10 minutes,3,10,Failed,0.932,0.0,12517.4,
att_11137,pay_104503,Email reminder,3,15,Recovered,0.354,4605.42,0.0,2026-04-05 01:35:00
att_11138,pay_103225,UPI payment link,3,15,Failed,0.366,0.0,5965.2,
att_11139,pay_103846,UPI payment link,0,15,Pending,0.502,0.0,3762.91,
att_11140,pay_100172,OTP reminder,3,15,Recovered,0.402,3805.84,0.0,2026-04-05 13:55:00
att_11141,pay_104428,Email reminder,0,15,Pending,0.364,0.0,1543.27,
att_11142,pay_103626,Retry after 10 minutes,1,10,Failed,0.886,0.0,7164.39,
att_11143,pay_102921,UPI payment link,2,15,Failed,0.411,0.0,5517.94,
att_11144,pay_101060,Email reminder,3,15,Failed,0.449,0.0,1216.77,
att_11145,pay_103156,Retry after 10 minutes,1,10,Failed,0.806,0.0,4492.25,
att_11146,pay_102994,Smart gateway retry,3,15,Failed,0.681,0.0,1542.11,
att_11147,pay_100644,Smart gateway retry,3,15,Recovered,0.79,4101.89,0.0,2026-04-05 16:45:00
att_11148,pay_104305,UPI payment link,0,15,Pending,0.376,0.0,2435.32,
att_11149,pay_103431,Retry after 10 minutes,2,10,Recovered,0.776,4691.58,0.0,2026-04-05 19:10:00
att_11150,pay_100910,Retry after 10 minutes,1,10,Recovered,0.802,4064.47,0.0,2026-04-05 17:48:00
att_11151,pay_104297,Smart gateway retry,2,15,Failed,0.885,0.0,8088.32,
att_11152,pay_104082,Alternate payment method,1,15,Failed,0.391,0.0,3010.47,
att_11153,pay_103677,Retry after 10 minutes,0,10,Pending,0.907,0.0,2504.28,
att_11154,pay_103202,Retry after 10 minutes,2,10,Recovered,0.835,5932.09,0.0,2026-04-05 18:43:00
att_11155,pay_102120,Alternate payment method,0,15,Recovered,0.33,346.45,0.0,2026-04-05 23:51:00
att_11156,pay_101774,Alternate payment method,0,15,Pending,0.453,0.0,2471.07,
att_11157,pay_100319,Retry after 10 minutes,0,10,Recovered,0.799,3869.8,0.0,2026-04-05 07:59:00
att_11158,pay_101147,UPI payment link,2,15,Failed,0.361,0.0,1314.92,
att_11159,pay_104708,Alternate payment method,2,15,Failed,0.204,0.0,6112.69,
att_11160,pay_100088,UPI payment link,3,15,Failed,0.437,0.0,2987.63,
att_11161,pay_102936,UPI payment link,3,15,Failed,0.372,0.0,5099.49,
att_11162,pay_103246,Smart gateway retry,2,15,Failed,0.723,0.0,1192.96,
att_11163,pay_104348,Retry after 10 minutes,0,10,Pending,0.803,0.0,2187.97,
att_11164,pay_104285,UPI payment link,1,15,Failed,0.31,0.0,1300.3,
att_11165,pay_100656,Smart gateway retry,2,15,Failed,0.667,0.0,4970.75,
att_11166,pay_100422,Smart gateway retry,2,15,Failed,0.54,0.0,5697.57,
att_11167,pay_104746,Retry after 10 minutes,2,10,Failed,0.964,0.0,761.08,
att_11168,pay_102106,Alternate payment method,3,15,Recovered,0.274,1762.82,0.0,2026-04-06 13:22:00
att_11169,pay_103186,Retry after 10 minutes,3,10,Recovered,0.9,445.55,0.0,2026-04-05 19:11:00
att_11170,pay_104845,Alternate payment method,1,15,Failed,0.293,0.0,912.05,
att_11171,pay_100488,Alternate payment method,3,15,Failed,0.411,0.0,2493.82,
att_11172,pay_100127,Alternate payment method,1,15,Failed,0.249,0.0,4152.34,
att_11173,pay_103581,UPI payment link,3,15,Recovered,0.439,2576.68,0.0,2026-04-05 23:51:00
att_11174,pay_102173,Retry after 10 minutes,0,10,Recovered,0.808,1182.18,0.0,2026-04-06 16:38:00
att_11175,pay_104052,Alternate payment method,2,15,Failed,0.322,0.0,2184.61,
att_11176,pay_101821,Alternate payment method,2,15,Failed,0.39,0.0,3475.65,
att_11177,pay_104277,OTP reminder,0,15,Recovered,0.592,6970.65,0.0,2026-04-06 08:52:00
att_11178,pay_100206,Email reminder,1,15,Failed,0.457,0.0,1663.99,
att_11179,pay_102842,OTP reminder,2,15,Failed,0.449,0.0,2602.57,
att_11180,pay_104575,Retry after 10 minutes,1,10,Recovered,0.794,3080.87,0.0,2026-04-06 17:31:00
att_11181,pay_104288,Smart gateway retry,0,15,Pending,0.673,0.0,1794.08,
att_11182,pay_100713,OTP reminder,1,15,Failed,0.622,0.0,1715.25,
att_11183,pay_104635,Retry after 10 minutes,3,10,Recovered,0.757,1735.28,0.0,2026-04-06 18:57:00
att_11184,pay_104422,UPI payment link,0,15,Pending,0.354,0.0,2217.79,
att_11185,pay_104079,Alternate payment method,0,15,Pending,0.383,0.0,587.45,
att_11186,pay_103144,Smart gateway retry,2,15,Failed,0.673,0.0,865.88,
att_11187,pay_104732,Retry after 10 minutes,0,10,Pending,0.727,0.0,510.18,
att_11188,pay_101670,UPI payment link,2,15,Recovered,0.429,2122.1,0.0,2026-04-07 00:48:00
att_11189,pay_102280,Smart gateway retry,0,15,Recovered,0.686,2892.49,0.0,2026-04-07 05:43:00
att_11190,pay_103111,UPI payment link,2,15,Failed,0.457,0.0,16102.62,
att_11191,pay_102942,Retry after 10 minutes,2,10,Failed,0.711,0.0,6047.98,
att_11192,pay_104840,Alternate payment method,0,15,Recovered,0.346,1046.5,0.0,2026-04-06 22:46:00
att_11193,pay_103905,UPI payment link,2,15,Failed,0.353,0.0,4079.1,
att_11194,pay_101133,Alternate payment method,0,15,Pending,0.41,0.0,9376.13,
att_11195,pay_101274,UPI payment link,2,15,Failed,0.43,0.0,3188.01,
att_11196,pay_102175,Retry after 10 minutes,1,10,Failed,0.789,0.0,4440.37,
att_11197,pay_100741,Email reminder,2,15,Failed,0.421,0.0,846.42,
att_11198,pay_104771,Retry after 10 minutes,3,10,Recovered,0.791,525.15,0.0,2026-04-06 20:06:00
att_11199,pay_104628,Alternate payment method,2,15,Failed,0.308,0.0,2149.13,
att_11200,pay_102782,Email reminder,0,15,Pending,0.438,0.0,4760.45,
att_11201,pay_101203,Alternate payment method,0,15,Pending,0.192,0.0,1284.32,
att_11202,pay_100013,Alternate payment method,3,15,Failed,0.47,0.0,2489.09,
att_11203,pay_103047,UPI payment link,2,15,Recovered,0.553,1548.99,0.0,2026-04-07 06:41:00
att_11204,pay_103633,Retry after 10 minutes,2,10,Failed,0.809,0.0,1469.86,
att_11205,pay_103132,OTP reminder,1,15,Failed,0.54,0.0,3578.15,
att_11206,pay_103345,Smart gateway retry,3,15,Failed,0.77,0.0,3991.91,
att_11207,pay_101867,Smart gateway retry,0,15,Recovered,0.805,2376.08,0.0,2026-04-07 10:05:00
att_11208,pay_100050,UPI payment link,3,15,Failed,0.469,0.0,2474.82,
att_11209,pay_102364,OTP reminder,2,15,Failed,0.552,0.0,6316.83,
att_11210,pay_103699,UPI payment link,2,15,Recovered,0.499,8003.56,0.0,2026-04-07 12:15:00
att_11211,pay_101300,Retry after 10 minutes,3,10,Failed,0.731,0.0,474.23,
att_11212,pay_104042,OTP reminder,1,15,Failed,0.639,0.0,15507.41,
att_11213,pay_103783,Email reminder,0,15,Recovered,0.568,979.05,0.0,2026-04-07 20:05:00
att_11214,pay_104238,OTP reminder,2,15,Failed,0.54,0.0,4009.99,
att_11215,pay_101673,Retry after 10 minutes,3,10,Recovered,0.723,859.56,0.0,2026-04-07 21:25:00
att_11216,pay_100233,Alternate payment method,1,15,Failed,0.303,0.0,852.11,
att_11217,pay_102604,UPI payment link,0,15,Pending,0.306,0.0,225.69,
att_11218,pay_102421,Alternate payment method,0,15,Pending,0.355,0.0,486.99,
att_11219,pay_100041,Retry after 10 minutes,1,10,Failed,0.926,0.0,349.3,
att_11220,pay_100246,Retry after 10 minutes,3,10,Recovered,0.857,2683.95,0.0,2026-04-08 01:21:00
att_11221,pay_104859,UPI payment link,2,15,Recovered,0.43,1818.88,0.0,2026-04-07 19:48:00
att_11222,pay_104336,Retry after 10 minutes,3,10,Recovered,0.768,5550.52,0.0,2026-04-08 07:00:00
att_11223,pay_104898,Alternate payment method,1,15,Recovered,0.411,8754.73,0.0,2026-04-08 02:37:00
att_11224,pay_104064,OTP reminder,1,15,Recovered,0.688,804.67,0.0,2026-04-07 21:30:00
att_11225,pay_104603,Alternate payment method,1,15,Recovered,0.428,4142.02,0.0,2026-04-07 11:41:00
att_11226,pay_101072,Smart gateway retry,2,15,Recovered,0.816,7927.34,0.0,2026-04-07 18:12:00
att_11227,pay_104263,Alternate payment method,1,15,Failed,0.217,0.0,4027.91,
att_11228,pay_103707,Retry after 10 minutes,2,10,Failed,0.827,0.0,1727.65,
att_11229,pay_104783,UPI payment link,3,15,Failed,0.368,0.0,2778.76,
att_11230,pay_104879,UPI payment link,3,15,Failed,0.383,0.0,3432.34,
att_11231,pay_102605,Alternate payment method,2,15,Failed,0.242,0.0,1863.99,
att_11232,pay_101097,Alternate payment method,1,15,Failed,0.335,0.0,2452.9,
att_11233,pay_103568,Retry after 10 minutes,3,10,Failed,0.861,0.0,776.05,
att_11234,pay_102428,Alternate payment method,3,15,Failed,0.349,0.0,5779.72,
att_11235,pay_104545,OTP reminder,1,15,Failed,0.522,0.0,8769.52,
att_11236,pay_103281,UPI payment link,0,15,Pending,0.426,0.0,2591.36,
att_11237,pay_103990,OTP reminder,1,15,Recovered,0.525,2733.78,0.0,2026-04-08 10:49:00
att_11238,pay_102513,Smart gateway retry,1,15,Recovered,0.807,1295.69,0.0,2026-04-07 22:45:00
att_11239,pay_101994,Email reminder,1,15,Failed,0.44,0.0,3114.69,
att_11240,pay_103991,OTP reminder,0,15,Recovered,0.691,1609.03,0.0,2026-04-08 04:50:00
att_11241,pay_101789,Email reminder,0,15,Pending,0.41,0.0,1867.6,
att_11242,pay_100492,UPI payment link,3,15,Failed,0.501,0.0,1008.86,
att_11243,pay_104805,Email reminder,1,15,Failed,0.346,0.0,2689.17,
att_11244,pay_102502,Retry after 10 minutes,3,10,Recovered,0.836,3989.56,0.0,2026-04-08 15:35:00
att_11245,pay_101064,UPI payment link,1,15,Recovered,0.444,1304.97,0.0,2026-04-08 16:19:00
att_11246,pay_103584,Retry after 10 minutes,1,10,Failed,0.724,0.0,1299.69,
att_11247,pay_102347,Email reminder,1,15,Failed,0.558,0.0,2346.57,
att_11248,pay_104314,OTP reminder,3,15,Failed,0.492,0.0,2199.61,
att_11249,pay_101377,Retry after 10 minutes,1,10,Failed,0.654,0.0,1385.52,
att_11250,pay_103095,Smart gateway retry,1,15,Failed,0.824,0.0,3127.61,
att_11251,pay_101666,Alternate payment method,3,15,Failed,0.402,0.0,4940.68,
att_11252,pay_102361,Smart gateway retry,3,15,Failed,0.801,0.0,1670.96,
att_11253,pay_104533,Email reminder,3,15,Recovered,0.533,5363.83,0.0,2026-04-09 06:49:00
att_11254,pay_103614,Smart gateway retry,2,15,Recovered,0.66,3473.67,0.0,2026-04-09 02:32:00
att_11255,pay_102098,Email reminder,0,15,Pending,0.457,0.0,2383.44,
att_11256,pay_103052,Smart gateway retry,2,15,Failed,0.855,0.0,2099.05,
att_11257,pay_102048,OTP reminder,2,15,Recovered,0.589,5587.95,0.0,2026-04-09 08:44:00
att_11258,pay_104844,Smart gateway retry,3,15,Failed,0.93,0.0,8036.78,
att_11259,pay_101983,Smart gateway retry,3,15,Failed,0.785,0.0,17637.57,
att_11260,pay_103722,UPI payment link,2,15,Recovered,0.316,4237.82,0.0,2026-04-09 03:54:00
att_11261,pay_104558,Email reminder,2,15,Failed,0.305,0.0,8372.38,
att_11262,pay_102351,Alternate payment method,2,15,Failed,0.212,0.0,1290.36,
att_11263,pay_103456,Alternate payment method,2,15,Failed,0.31,0.0,3395.78,
att_11264,pay_101233,UPI payment link,1,15,Failed,0.375,0.0,9727.43,
att_11265,pay_102043,Retry after 10 minutes,2,10,Failed,0.859,0.0,1239.82,
att_11266,pay_103465,Smart gateway retry,3,15,Recovered,0.752,3557.9,0.0,2026-04-08 18:34:00
att_11267,pay_103365,Smart gateway retry,0,15,Pending,0.921,0.0,2502.06,
att_11268,pay_100894,Alternate payment method,2,15,Recovered,0.424,1775.04,0.0,2026-04-09 03:22:00
att_11269,pay_103767,UPI payment link,2,15,Failed,0.356,0.0,1227.07,
att_11270,pay_103166,UPI payment link,2,15,Failed,0.505,0.0,2542.0,
att_11271,pay_102293,UPI payment link,2,15,Failed,0.395,0.0,1337.68,
att_11272,pay_100462,OTP reminder,3,15,Recovered,0.592,5354.66,0.0,2026-04-09 12:08:00
att_11273,pay_104469,OTP reminder,0,15,Recovered,0.616,1019.57,0.0,2026-04-09 07:21:00
att_11274,pay_100359,Smart gateway retry,3,15,Recovered,0.602,2717.85,0.0,2026-04-09 15:54:00
att_11275,pay_103075,Email reminder,2,15,Recovered,0.488,3205.65,0.0,2026-04-09 18:40:00
att_11276,pay_104777,Email reminder,3,15,Failed,0.359,0.0,1648.13,
att_11277,pay_102986,Retry after 10 minutes,3,10,Recovered,0.944,3548.7,0.0,2026-04-09 11:19:00
att_11278,pay_103027,OTP reminder,0,15,Pending,0.542,0.0,815.96,
att_11279,pay_104201,Alternate payment method,2,15,Recovered,0.287,6658.2,0.0,2026-04-09 21:15:00
att_11280,pay_101898,Email reminder,0,15,Recovered,0.39,10326.02,0.0,2026-04-09 07:59:00
att_11281,pay_103251,Email reminder,2,15,Recovered,0.509,3174.65,0.0,2026-04-09 07:17:00
att_11282,pay_100377,Smart gateway retry,1,15,Failed,0.764,0.0,10791.47,
att_11283,pay_100390,Alternate payment method,2,15,Failed,0.462,0.0,1996.13,
att_11284,pay_104996,UPI payment link,1,15,Failed,0.46,0.0,9918.52,
att_11285,pay_102324,OTP reminder,0,15,Pending,0.585,0.0,1160.16,
att_11286,pay_103182,UPI payment link,1,15,Recovered,0.242,516.35,0.0,2026-04-09 05:56:00
att_11287,pay_102042,UPI payment link,1,15,Failed,0.422,0.0,8569.35,
att_11288,pay_104814,Smart gateway retry,1,15,Failed,0.879,0.0,5781.38,
att_11289,pay_103471,UPI payment link,3,15,Failed,0.368,0.0,4094.37,
att_11290,pay_102402,OTP reminder,3,15,Failed,0.592,0.0,548.12,
att_11291,pay_100511,Retry after 10 minutes,1,10,Recovered,0.893,6260.85,0.0,2026-04-09 21:05:00
att_11292,pay_104646,Retry after 10 minutes,2,10,Recovered,0.772,2191.09,0.0,2026-04-09 17:41:00
att_11293,pay_102124,Alternate payment method,3,15,Failed,0.4,0.0,17872.9,
att_11294,pay_100877,Email reminder,2,15,Failed,0.315,0.0,852.03,
att_11295,pay_103019,UPI payment link,0,15,Pending,0.377,0.0,734.62,
att_11296,pay_102171,Alternate payment method,0,15,Pending,0.344,0.0,2852.42,
att_11297,pay_100061,Retry after 10 minutes,1,10,Recovered,0.733,3111.91,0.0,2026-04-09 15:59:00
att_11298,pay_103361,Email reminder,0,15,Pending,0.415,0.0,859.5,
att_11299,pay_103493,Email reminder,1,15,Recovered,0.499,1101.11,0.0,2026-04-10 05:59:00
att_11300,pay_101512,Smart gateway retry,2,15,Failed,0.772,0.0,2002.0,
att_11301,pay_101741,OTP reminder,0,15,Recovered,0.641,1100.15,0.0,2026-04-10 03:59:00
att_11302,pay_101138,Retry after 10 minutes,1,10,Recovered,0.725,4366.98,0.0,2026-04-09 22:26:00
att_11303,pay_100058,OTP reminder,0,15,Pending,0.647,0.0,28118.49,
att_11304,pay_102637,Alternate payment method,2,15,Failed,0.535,0.0,3691.29,
att_11305,pay_101844,OTP reminder,2,15,Recovered,0.552,1584.81,0.0,2026-04-10 13:28:00
att_11306,pay_103625,Smart gateway retry,2,15,Recovered,0.909,1150.11,0.0,2026-04-10 06:01:00
att_11307,pay_101035,Retry after 10 minutes,0,10,Pending,0.844,0.0,1136.13,
att_11308,pay_101393,Retry after 10 minutes,1,10,Failed,0.729,0.0,4173.02,
att_11309,pay_101721,UPI payment link,0,15,Pending,0.583,0.0,1083.88,
att_11310,pay_101965,Retry after 10 minutes,1,10,Recovered,0.81,17438.31,0.0,2026-04-10 14:54:00
att_11311,pay_102114,OTP reminder,0,15,Pending,0.554,0.0,17127.81,
att_11312,pay_104192,UPI payment link,2,15,Failed,0.269,0.0,725.26,
att_11313,pay_103262,Alternate payment method,0,15,Pending,0.198,0.0,1523.48,
att_11314,pay_104338,Smart gateway retry,1,15,Failed,0.866,0.0,928.1,
att_11315,pay_103848,Alternate payment method,3,15,Failed,0.241,0.0,3237.64,
att_11316,pay_103194,UPI payment link,0,15,Pending,0.324,0.0,2021.23,
att_11317,pay_101280,Alternate payment method,0,15,Pending,0.487,0.0,3011.73,
att_11318,pay_103929,Alternate payment method,0,15,Pending,0.26,0.0,6340.86,
att_11319,pay_101860,OTP reminder,0,15,Pending,0.612,0.0,2002.21,
att_11320,pay_101281,Alternate payment method,1,15,Failed,0.106,0.0,19294.55,
att_11321,pay_101448,Smart gateway retry,1,15,Recovered,0.83,2317.62,0.0,2026-04-10 18:28:00
att_11322,pay_104306,UPI payment link,2,15,Failed,0.421,0.0,830.09,
att_11323,pay_100602,Retry after 10 minutes,1,10,Recovered,0.96,350.43,0.0,2026-04-10 19:03:00
att_11324,pay_100431,Smart gateway retry,2,15,Recovered,0.877,3638.53,0.0,2026-04-10 14:47:00
att_11325,pay_102057,Smart gateway retry,1,15,Failed,0.862,0.0,5544.3,
att_11326,pay_101601,UPI payment link,0,15,Pending,0.328,0.0,10279.54,
att_11327,pay_103266,Alternate payment method,0,15,Pending,0.401,0.0,1436.07,
att_11328,pay_100804,Retry after 10 minutes,3,10,Failed,0.649,0.0,447.33,
att_11329,pay_100738,Smart gateway retry,3,15,Failed,0.787,0.0,2394.33,
att_11330,pay_100470,OTP reminder,3,15,Recovered,0.516,5463.5,0.0,2026-04-11 05:17:00
att_11331,pay_104068,Retry after 10 minutes,0,10,Pending,0.828,0.0,6555.38,
att_11332,pay_102343,Smart gateway retry,3,15,Recovered,0.79,3601.86,0.0,2026-04-11 15:44:00
att_11333,pay_103228,Email reminder,3,15,Failed,0.387,0.0,4039.85,
att_11334,pay_103649,UPI payment link,1,15,Failed,0.408,0.0,2389.28,
att_11335,pay_104444,OTP reminder,1,15,Failed,0.466,0.0,4113.14,
att_11336,pay_100756,Smart gateway retry,3,15,Failed,0.933,0.0,5087.97,
att_11337,pay_104090,UPI payment link,1,15,Failed,0.317,0.0,545.82,
att_11338,pay_100214,Smart gateway retry,2,15,Failed,0.686,0.0,4005.94,
att_11339,pay_100630,UPI payment link,2,15,Recovered,0.457,12275.47,0.0,2026-04-11 02:52:00
att_11340,pay_101001,OTP reminder,1,15,Recovered,0.776,18487.3,0.0,2026-04-11 15:25:00
att_11341,pay_100376,Smart gateway retry,1,15,Failed,0.767,0.0,1541.76,
att_11342,pay_103387,UPI payment link,3,15,Failed,0.314,0.0,4115.64,
att_11343,pay_103013,OTP reminder,2,15,Recovered,0.706,2427.15,0.0,2026-04-11 21:38:00
att_11344,pay_100556,Retry after 10 minutes,2,10,Recovered,0.968,3949.04,0.0,2026-04-11 19:16:00
att_11345,pay_101590,UPI payment link,2,15,Failed,0.53,0.0,1665.08,
att_11346,pay_104668,Alternate payment method,1,15,Failed,0.374,0.0,4827.03,
att_11347,pay_100012,UPI payment link,1,15,Failed,0.279,0.0,1262.75,
att_11348,pay_101859,Email reminder,0,15,Recovered,0.44,1676.71,0.0,2026-04-11 20:41:00
att_11349,pay_104704,Smart gateway retry,0,15,Pending,0.833,0.0,2745.99,
att_11350,pay_103540,Email reminder,1,15,Failed,0.436,0.0,3079.62,
att_11351,pay_102056,Email reminder,3,15,Recovered,0.479,578.41,0.0,2026-04-11 20:39:00
att_11352,pay_100661,UPI payment link,0,15,Recovered,0.379,664.85,0.0,2026-04-11 22:37:00
att_11353,pay_102399,UPI payment link,0,15,Pending,0.41,0.0,1992.86,
att_11354,pay_103472,Email reminder,2,15,Recovered,0.403,3594.2,0.0,2026-04-12 05:51:00
att_11355,pay_100885,UPI payment link,0,15,Pending,0.429,0.0,4122.95,
att_11356,pay_101348,UPI payment link,2,15,Failed,0.414,0.0,988.33,
att_11357,pay_101572,Smart gateway retry,1,15,Failed,0.737,0.0,1735.09,
att_11358,pay_103957,Alternate payment method,1,15,Failed,0.533,0.0,418.56,
att_11359,pay_104931,Alternate payment method,1,15,Failed,0.29,0.0,10291.18,
att_11360,pay_102964,UPI payment link,3,15,Recovered,0.378,4635.44,0.0,2026-04-12 05:07:00
att_11361,pay_103850,Retry after 10 minutes,3,10,Recovered,0.833,1220.45,0.0,2026-04-12 02:30:00
att_11362,pay_101231,UPI payment link,2,15,Recovered,0.263,7928.51,0.0,2026-04-12 09:24:00
att_11363,pay_101008,Alternate payment method,2,15,Recovered,0.413,4272.84,0.0,2026-04-12 10:53:00
att_11364,pay_104278,Email reminder,0,15,Pending,0.314,0.0,4281.59,
att_11365,pay_103679,Retry after 10 minutes,0,10,Recovered,0.737,764.57,0.0,2026-04-12 04:39:00
att_11366,pay_101713,UPI payment link,2,15,Recovered,0.37,926.1,0.0,2026-04-11 21:46:00
att_11367,pay_103945,Retry after 10 minutes,1,10,Recovered,0.817,2114.71,0.0,2026-04-11 17:11:00
att_11368,pay_102086,UPI payment link,0,15,Recovered,0.333,12439.42,0.0,2026-04-12 14:12:00
att_11369,pay_101217,Smart gateway retry,3,15,Failed,0.731,0.0,2181.67,
att_11370,pay_103030,Email reminder,3,15,Failed,0.455,0.0,3973.25,
att_11371,pay_103998,UPI payment link,0,15,Pending,0.309,0.0,1062.25,
att_11372,pay_101723,Email reminder,2,15,Failed,0.244,0.0,1442.27,
att_11373,pay_101032,Retry after 10 minutes,2,10,Recovered,0.851,1267.95,0.0,2026-04-12 12:34:00
att_11374,pay_102572,Retry after 10 minutes,0,10,Pending,0.674,0.0,1108.3,
att_11375,pay_104132,Smart gateway retry,1,15,Failed,0.902,0.0,4443.02,
att_11376,pay_100736,OTP reminder,0,15,Pending,0.679,0.0,3893.35,
att_11377,pay_102708,Retry after 10 minutes,2,10,Failed,0.777,0.0,3080.02,
att_11378,pay_100316,Smart gateway retry,1,15,Failed,0.59,0.0,7926.91,
att_11379,pay_103279,UPI payment link,0,15,Recovered,0.349,10546.39,0.0,2026-04-12 10:35:00
att_11380,pay_100759,Retry after 10 minutes,0,10,Recovered,0.818,894.44,0.0,2026-04-12 07:07:00
att_11381,pay_103933,OTP reminder,2,15,Recovered,0.727,2906.82,0.0,2026-04-12 11:51:00
att_11382,pay_102690,OTP reminder,2,15,Failed,0.531,0.0,6205.83,
att_11383,pay_104599,UPI payment link,1,15,Recovered,0.321,897.52,0.0,2026-04-13 02:57:00
att_11384,pay_100730,Smart gateway retry,2,15,Failed,0.711,0.0,2679.39,
att_11385,pay_103244,UPI payment link,2,15,Failed,0.422,0.0,769.05,
att_11386,pay_104593,Email reminder,2,15,Failed,0.489,0.0,764.72,
att_11387,pay_103353,Retry after 10 minutes,1,10,Failed,0.96,0.0,442.71,
att_11388,pay_103952,UPI payment link,2,15,Failed,0.308,0.0,2141.84,
att_11389,pay_104685,Alternate payment method,1,15,Failed,0.373,0.0,3502.12,
att_11390,pay_102267,UPI payment link,2,15,Recovered,0.424,5015.22,0.0,2026-04-13 09:08:00
att_11391,pay_103046,Retry after 10 minutes,1,10,Recovered,0.793,7401.36,0.0,2026-04-13 10:19:00
att_11392,pay_100712,Alternate payment method,3,15,Failed,0.445,0.0,5989.62,
att_11393,pay_101784,Smart gateway retry,1,15,Failed,0.909,0.0,831.77,
att_11394,pay_104940,Smart gateway retry,3,15,Failed,0.775,0.0,15620.19,
att_11395,pay_100317,Alternate payment method,1,15,Failed,0.406,0.0,7920.27,
att_11396,pay_101878,OTP reminder,3,15,Recovered,0.582,1700.4,0.0,2026-04-12 20:31:00
att_11397,pay_102017,UPI payment link,0,15,Pending,0.458,0.0,921.92,
att_11398,pay_104140,Smart gateway retry,0,15,Pending,0.98,0.0,4734.63,
att_11399,pay_104120,Retry after 10 minutes,3,10,Recovered,0.64,8074.48,0.0,2026-04-13 18:58:00
att_11400,pay_100675,OTP reminder,2,15,Failed,0.552,0.0,680.49,
att_11401,pay_104851,Alternate payment method,2,15,Failed,0.412,0.0,1953.28,
att_11402,pay_101669,Alternate payment method,1,15,Recovered,0.289,2337.11,0.0,2026-04-13 22:15:00
att_11403,pay_103714,UPI payment link,0,15,Recovered,0.336,1431.25,0.0,2026-04-13 00:38:00
att_11404,pay_101597,UPI payment link,1,15,Failed,0.393,0.0,2112.79,
att_11405,pay_102066,Smart gateway retry,1,15,Failed,0.704,0.0,517.96,
att_11406,pay_103835,Alternate payment method,3,15,Recovered,0.346,1670.38,0.0,2026-04-13 18:11:00
att_11407,pay_101136,Retry after 10 minutes,3,10,Recovered,0.833,1873.99,0.0,2026-04-13 23:04:00
att_11408,pay_102858,Smart gateway retry,2,15,Recovered,0.725,2165.89,0.0,2026-04-13 07:26:00
att_11409,pay_102854,UPI payment link,2,15,Failed,0.411,0.0,1143.42,
att_11410,pay_104689,OTP reminder,3,15,Recovered,0.616,9054.41,0.0,2026-04-13 09:58:00
att_11411,pay_104537,Alternate payment method,0,15,Recovered,0.372,1448.63,0.0,2026-04-14 08:59:00
att_11412,pay_100680,Alternate payment method,2,15,Failed,0.259,0.0,5377.59,
att_11413,pay_104945,Retry after 10 minutes,2,10,Recovered,0.709,14175.16,0.0,2026-04-14 03:15:00
att_11414,pay_101118,UPI payment link,0,15,Pending,0.385,0.0,754.55,
att_11415,pay_100460,Smart gateway retry,3,15,Recovered,0.796,1021.84,0.0,2026-04-13 15:40:00
att_11416,pay_102597,Email reminder,0,15,Pending,0.397,0.0,5049.22,
att_11417,pay_103938,OTP reminder,2,15,Failed,0.703,0.0,1783.86,
att_11418,pay_100792,Smart gateway retry,1,15,Failed,0.809,0.0,1805.79,
att_11419,pay_100173,UPI payment link,2,15,Failed,0.353,0.0,10360.07,
att_11420,pay_102792,Retry after 10 minutes,1,10,Recovered,0.98,1057.18,0.0,2026-04-13 18:36:00
att_11421,pay_103399,UPI payment link,2,15,Failed,0.263,0.0,2352.95,
att_11422,pay_100696,UPI payment link,0,15,Recovered,0.309,8988.7,0.0,2026-04-13 21:34:00
att_11423,pay_102937,Retry after 10 minutes,0,10,Pending,0.801,0.0,1492.35,
att_11424,pay_103730,UPI payment link,0,15,Pending,0.365,0.0,1881.9,
att_11425,pay_101640,Smart gateway retry,0,15,Pending,0.89,0.0,3126.34,
att_11426,pay_104420,Smart gateway retry,0,15,Pending,0.736,0.0,4064.83,
att_11427,pay_100224,Smart gateway retry,2,15,Failed,0.757,0.0,1134.11,
att_11428,pay_103640,Retry after 10 minutes,3,10,Recovered,0.87,801.72,0.0,2026-04-14 17:54:00
att_11429,pay_100726,UPI payment link,3,15,Failed,0.46,0.0,1593.09,
att_11430,pay_104385,Retry after 10 minutes,2,10,Failed,0.807,0.0,921.72,
att_11431,pay_101207,OTP reminder,0,15,Pending,0.634,0.0,5539.63,
att_11432,pay_104903,Smart gateway retry,2,15,Failed,0.614,0.0,17781.06,
att_11433,pay_101902,Smart gateway retry,3,15,Recovered,0.751,6824.58,0.0,2026-04-14 21:55:00
att_11434,pay_100394,Email reminder,1,15,Failed,0.28,0.0,2696.95,
att_11435,pay_102063,Retry after 10 minutes,2,10,Failed,0.91,0.0,7597.44,
att_11436,pay_102968,Retry after 10 minutes,0,10,Recovered,0.743,1305.37,0.0,2026-04-14 04:48:00
att_11437,pay_100235,Alternate payment method,2,15,Recovered,0.303,2515.0,0.0,2026-04-14 21:00:00
att_11438,pay_102984,Email reminder,3,15,Failed,0.451,0.0,632.07,
att_11439,pay_102018,Smart gateway retry,3,15,Failed,0.939,0.0,1182.85,
att_11440,pay_101749,Alternate payment method,2,15,Failed,0.321,0.0,1569.89,
att_11441,pay_103092,Retry after 10 minutes,0,10,Pending,0.788,0.0,4068.91,
att_11442,pay_104863,OTP reminder,3,15,Failed,0.64,0.0,3181.91,
att_11443,pay_104413,OTP reminder,1,15,Recovered,0.693,529.74,0.0,2026-04-15 01:49:00
att_11444,pay_102130,Email reminder,0,15,Pending,0.59,0.0,2220.38,
att_11445,pay_100773,Email reminder,2,15,Failed,0.434,0.0,2547.13,
att_11446,pay_101674,UPI payment link,0,15,Pending,0.376,0.0,1786.68,
att_11447,pay_101331,Retry after 10 minutes,2,10,Failed,0.98,0.0,865.68,
att_11448,pay_100014,Retry after 10 minutes,2,10,Recovered,0.933,1471.55,0.0,2026-04-15 10:23:00
att_11449,pay_102980,Email reminder,1,15,Failed,0.465,0.0,677.62,
att_11450,pay_100176,OTP reminder,0,15,Pending,0.612,0.0,506.48,
att_11451,pay_100211,OTP reminder,0,15,Recovered,0.634,380.89,0.0,2026-04-15 03:29:00
att_11452,pay_104177,OTP reminder,3,15,Recovered,0.473,955.75,0.0,2026-04-15 12:30:00
att_11453,pay_100429,Retry after 10 minutes,0,10,Pending,0.907,0.0,274.97,
att_11454,pay_103906,Smart gateway retry,0,15,Pending,0.688,0.0,2650.8,
att_11455,pay_102940,Retry after 10 minutes,0,10,Recovered,0.9,2086.28,0.0,2026-04-15 08:44:00
att_11456,pay_104164,Alternate payment method,0,15,Pending,0.419,0.0,3069.63,
att_11457,pay_102352,UPI payment link,3,15,Failed,0.285,0.0,1939.28,
att_11458,pay_102294,UPI payment link,3,15,Recovered,0.456,1014.79,0.0,2026-04-15 06:11:00
att_11459,pay_102054,Email reminder,2,15,Recovered,0.52,2724.11,0.0,2026-04-15 07:58:00
att_11460,pay_104286,UPI payment link,1,15,Failed,0.372,0.0,5462.69,
att_11461,pay_101196,UPI payment link,2,15,Failed,0.433,0.0,3297.73,
att_11462,pay_104213,UPI payment link,0,15,Pending,0.472,0.0,544.97,
att_11463,pay_101275,Smart gateway retry,3,15,Failed,0.727,0.0,2387.36,
att_11464,pay_103150,UPI payment link,1,15,Failed,0.43,0.0,1682.95,
att_11465,pay_103553,Alternate payment method,3,15,Failed,0.344,0.0,1544.3,
att_11466,pay_104418,Alternate payment method,0,15,Pending,0.279,0.0,6946.92,
att_11467,pay_103445,UPI payment link,3,15,Failed,0.357,0.0,2761.96,
att_11468,pay_103869,Alternate payment method,1,15,Failed,0.369,0.0,1648.03,
att_11469,pay_103855,UPI payment link,2,15,Failed,0.264,0.0,2089.17,
att_11470,pay_101076,UPI payment link,0,15,Pending,0.418,0.0,950.42,
att_11471,pay_101521,Email reminder,3,15,Recovered,0.542,2579.84,0.0,2026-04-16 06:47:00
att_11472,pay_104574,UPI payment link,3,15,Failed,0.346,0.0,1076.85,
att_11473,pay_104518,Smart gateway retry,0,15,Recovered,0.785,1763.32,0.0,2026-04-16 02:16:00
att_11474,pay_102244,Smart gateway retry,3,15,Failed,0.828,0.0,4762.46,
att_11475,pay_102407,OTP reminder,1,15,Recovered,0.567,7569.94,0.0,2026-04-16 06:26:00
att_11476,pay_103134,Alternate payment method,2,15,Failed,0.18,0.0,1182.13,
att_11477,pay_104211,Smart gateway retry,3,15,Recovered,0.618,4723.14,0.0,2026-04-15 23:53:00
att_11478,pay_101893,Retry after 10 minutes,3,10,Recovered,0.928,6104.67,0.0,2026-04-16 14:24:00
att_11479,pay_103489,Retry after 10 minutes,0,10,Recovered,0.857,1014.92,0.0,2026-04-16 10:58:00
att_11480,pay_100891,UPI payment link,3,15,Failed,0.38,0.0,3231.14,
att_11481,pay_101316,UPI payment link,0,15,Recovered,0.285,953.1,0.0,2026-04-15 23:05:00
att_11482,pay_100905,Retry after 10 minutes,3,10,Recovered,0.789,8717.01,0.0,2026-04-16 16:41:00
att_11483,pay_103680,Email reminder,0,15,Recovered,0.34,5425.65,0.0,2026-04-16 13:58:00
att_11484,pay_101044,Smart gateway retry,1,15,Failed,0.704,0.0,417.4,
att_11485,pay_100540,Retry after 10 minutes,0,10,Recovered,0.753,1914.68,0.0,2026-04-16 03:15:00
att_11486,pay_104554,Email reminder,2,15,Failed,0.528,0.0,2643.82,
att_11487,pay_103930,Smart gateway retry,1,15,Failed,0.756,0.0,9648.6,
att_11488,pay_104583,OTP reminder,3,15,Recovered,0.812,1333.85,0.0,2026-04-16 15:30:00
att_11489,pay_103049,UPI payment link,3,15,Recovered,0.286,2092.47,0.0,2026-04-16 22:27:00
att_11490,pay_102798,Retry after 10 minutes,2,10,Recovered,0.602,2693.86,0.0,2026-04-17 00:40:00
att_11491,pay_101599,Smart gateway retry,0,15,Pending,0.739,0.0,2758.14,
att_11492,pay_102819,Alternate payment method,0,15,Pending,0.185,0.0,2138.36,
att_11493,pay_104694,OTP reminder,0,15,Recovered,0.527,769.73,0.0,2026-04-17 04:15:00
att_11494,pay_103064,Retry after 10 minutes,1,10,Failed,0.845,0.0,778.96,
att_11495,pay_104156,OTP reminder,0,15,Pending,0.628,0.0,975.48,
att_11496,pay_101538,Retry after 10 minutes,3,10,Recovered,0.724,402.73,0.0,2026-04-17 04:50:00
att_11497,pay_101040,Alternate payment method,0,15,Pending,0.388,0.0,1822.97,
att_11498,pay_102706,Alternate payment method,0,15,Pending,0.321,0.0,3773.02,
att_11499,pay_102773,Retry after 10 minutes,0,10,Pending,0.737,0.0,766.45,
att_11500,pay_101063,Alternate payment method,3,15,Failed,0.293,0.0,1813.33,
att_11501,pay_104453,Retry after 10 minutes,3,10,Recovered,0.881,802.05,0.0,2026-04-17 02:22:00
att_11502,pay_100109,Retry after 10 minutes,2,10,Recovered,0.693,8177.56,0.0,2026-04-17 01:29:00
att_11503,pay_103067,UPI payment link,1,15,Failed,0.434,0.0,4372.85,
att_11504,pay_103004,Retry after 10 minutes,3,10,Failed,0.749,0.0,1049.17,
att_11505,pay_102154,UPI payment link,1,15,Recovered,0.296,1295.74,0.0,2026-04-17 02:34:00
att_11506,pay_102841,Smart gateway retry,1,15,Recovered,0.818,2589.38,0.0,2026-04-16 22:16:00
att_11507,pay_104566,Alternate payment method,2,15,Failed,0.293,0.0,10186.82,
att_11508,pay_103556,OTP reminder,3,15,Recovered,0.642,1307.84,0.0,2026-04-17 18:46:00
att_11509,pay_104532,Alternate payment method,3,15,Failed,0.289,0.0,2913.01,
att_11510,pay_100222,UPI payment link,0,15,Recovered,0.369,18345.88,0.0,2026-04-16 23:44:00
att_11511,pay_104567,OTP reminder,1,15,Recovered,0.664,740.78,0.0,2026-04-17 17:01:00
att_11512,pay_101193,Alternate payment method,1,15,Failed,0.304,0.0,1152.44,
att_11513,pay_103932,OTP reminder,2,15,Recovered,0.479,486.52,0.0,2026-04-17 05:23:00
att_11514,pay_101594,Alternate payment method,0,15,Recovered,0.258,6892.46,0.0,2026-04-17 07:30:00
att_11515,pay_100981,OTP reminder,2,15,Recovered,0.659,1720.9,0.0,2026-04-18 01:13:00
att_11516,pay_102119,Alternate payment method,1,15,Recovered,0.274,1060.32,0.0,2026-04-17 17:27:00
att_11517,pay_103104,Retry after 10 minutes,1,10,Recovered,0.815,1565.95,0.0,2026-04-17 10:24:00
att_11518,pay_101347,Email reminder,3,15,Failed,0.569,0.0,8984.21,
att_11519,pay_102140,Alternate payment method,1,15,Failed,0.264,0.0,4839.07,
att_11520,pay_100042,Email reminder,0,15,Pending,0.423,0.0,9909.84,
att_11521,pay_100085,Alternate payment method,2,15,Failed,0.445,0.0,11387.93,
att_11522,pay_102210,UPI payment link,3,15,Failed,0.396,0.0,3709.16,
att_11523,pay_100931,Smart gateway retry,2,15,Recovered,0.872,5335.87,0.0,2026-04-18 01:29:00
att_11524,pay_101302,Alternate payment method,2,15,Recovered,0.487,1411.46,0.0,2026-04-18 06:03:00
att_11525,pay_102180,Email reminder,1,15,Failed,0.501,0.0,539.55,
att_11526,pay_100203,Smart gateway retry,3,15,Recovered,0.74,2097.45,0.0,2026-04-18 09:05:00
att_11527,pay_101732,Smart gateway retry,3,15,Recovered,0.777,7373.78,0.0,2026-04-17 23:35:00
att_11528,pay_103220,Retry after 10 minutes,1,10,Failed,0.728,0.0,549.76,
att_11529,pay_102500,Alternate payment method,0,15,Pending,0.387,0.0,4561.61,
att_11530,pay_102374,UPI payment link,3,15,Failed,0.275,0.0,5570.5,
att_11531,pay_101471,OTP reminder,3,15,Recovered,0.476,1157.01,0.0,2026-04-18 01:51:00
att_11532,pay_104521,UPI payment link,0,15,Pending,0.378,0.0,4392.02,
att_11533,pay_100865,UPI payment link,3,15,Recovered,0.478,2005.52,0.0,2026-04-18 15:58:00
att_11534,pay_104682,Alternate payment method,1,15,Failed,0.372,0.0,9719.87,
att_11535,pay_100007,Alternate payment method,1,15,Failed,0.344,0.0,2220.45,
att_11536,pay_104869,UPI payment link,3,15,Failed,0.453,0.0,2687.91,
att_11537,pay_100874,Alternate payment method,1,15,Failed,0.349,0.0,892.98,
att_11538,pay_100174,Alternate payment method,3,15,Failed,0.288,0.0,3076.27,
att_11539,pay_102074,OTP reminder,0,15,Recovered,0.715,2656.55,0.0,2026-04-18 11:40:00
att_11540,pay_100183,Email reminder,0,15,Pending,0.4,0.0,6800.77,
att_11541,pay_104492,Alternate payment method,1,15,Recovered,0.382,917.35,0.0,2026-04-19 03:29:00
att_11542,pay_104744,Retry after 10 minutes,2,10,Recovered,0.776,1853.32,0.0,2026-04-18 11:13:00
att_11543,pay_103876,Smart gateway retry,2,15,Failed,0.74,0.0,1828.31,
att_11544,pay_100665,Smart gateway retry,2,15,Failed,0.826,0.0,937.9,
att_11545,pay_100421,Alternate payment method,3,15,Failed,0.23,0.0,11579.41,
att_11546,pay_104590,Alternate payment method,0,15,Pending,0.3,0.0,2114.92,
att_11547,pay_104759,OTP reminder,3,15,Failed,0.543,0.0,3164.43,
att_11548,pay_103607,UPI payment link,1,15,Failed,0.552,0.0,1099.93,
att_11549,pay_101613,Retry after 10 minutes,0,10,Pending,0.7,0.0,1405.28,
att_11550,pay_103975,Retry after 10 minutes,0,10,Pending,0.729,0.0,9495.72,
att_11551,pay_104500,OTP reminder,3,15,Recovered,0.599,920.63,0.0,2026-04-19 20:04:00
att_11552,pay_102516,OTP reminder,2,15,Failed,0.52,0.0,10375.72,
att_11553,pay_104855,Smart gateway retry,0,15,Pending,0.628,0.0,5090.78,
att_11554,pay_104804,Retry after 10 minutes,1,10,Recovered,0.968,8419.86,0.0,2026-04-19 23:34:00
att_11555,pay_104570,OTP reminder,1,15,Failed,0.69,0.0,2204.1,
att_11556,pay_104886,OTP reminder,0,15,Recovered,0.64,2250.98,0.0,2026-04-19 13:51:00
att_11557,pay_100940,Smart gateway retry,2,15,Failed,0.759,0.0,4910.37,
att_11558,pay_101182,Smart gateway retry,1,15,Recovered,0.532,1113.51,0.0,2026-04-20 01:31:00
att_11559,pay_103267,Alternate payment method,2,15,Failed,0.439,0.0,2103.73,
att_11560,pay_102717,Alternate payment method,0,15,Pending,0.502,0.0,2627.69,
att_11561,pay_104028,Alternate payment method,3,15,Recovered,0.364,5137.33,0.0,2026-04-20 01:39:00
att_11562,pay_104671,Smart gateway retry,0,15,Pending,0.824,0.0,2355.56,
att_11563,pay_100586,Retry after 10 minutes,1,10,Recovered,0.707,909.45,0.0,2026-04-19 16:58:00
att_11564,pay_104012,Email reminder,3,15,Recovered,0.335,3079.83,0.0,2026-04-19 15:45:00
att_11565,pay_101148,Alternate payment method,3,15,Failed,0.407,0.0,1705.63,
att_11566,pay_103587,Alternate payment method,2,15,Failed,0.376,0.0,3775.72,
att_11567,pay_103572,Smart gateway retry,2,15,Recovered,0.956,2745.94,0.0,2026-04-19 18:23:00
att_11568,pay_104019,UPI payment link,3,15,Failed,0.324,0.0,7999.33,
att_11569,pay_101061,Alternate payment method,1,15,Failed,0.303,0.0,4358.42,
att_11570,pay_101546,Email reminder,1,15,Failed,0.406,0.0,11671.76,
att_11571,pay_103796,Alternate payment method,2,15,Recovered,0.323,2272.45,0.0,2026-04-20 15:06:00
att_11572,pay_100074,Retry after 10 minutes,3,10,Recovered,0.81,778.84,0.0,2026-04-20 18:48:00
att_11573,pay_100614,UPI payment link,3,15,Failed,0.411,0.0,5158.59,
att_11574,pay_102255,Smart gateway retry,0,15,Pending,0.732,0.0,2463.75,
att_11575,pay_103575,Smart gateway retry,1,15,Recovered,0.789,2165.56,0.0,2026-04-20 15:49:00
att_11576,pay_100787,UPI payment link,3,15,Recovered,0.541,3287.92,0.0,2026-04-20 08:29:00
att_11577,pay_100635,OTP reminder,3,15,Failed,0.734,0.0,2356.07,
att_11578,pay_102135,Retry after 10 minutes,1,10,Failed,0.806,0.0,778.73,
att_11579,pay_104731,Smart gateway retry,1,15,Recovered,0.703,2500.56,0.0,2026-04-20 20:21:00
att_11580,pay_104036,Retry after 10 minutes,2,10,Failed,0.766,0.0,836.07,
att_11581,pay_104214,Alternate payment method,0,15,Recovered,0.487,2258.12,0.0,2026-04-20 12:47:00
att_11582,pay_101779,Alternate payment method,1,15,Failed,0.357,0.0,2971.41,
att_11583,pay_100812,Retry after 10 minutes,0,10,Pending,0.901,0.0,863.42,
att_11584,pay_100190,UPI payment link,2,15,Recovered,0.454,1708.44,0.0,2026-04-21 09:06:00
att_11585,pay_102266,OTP reminder,1,15,Failed,0.585,0.0,6566.08,
att_11586,pay_101509,Smart gateway retry,2,15,Recovered,0.633,3870.72,0.0,2026-04-21 14:51:00
att_11587,pay_100059,Email reminder,1,15,Recovered,0.479,1087.82,0.0,2026-04-21 15:58:00
att_11588,pay_104442,Retry after 10 minutes,1,10,Recovered,0.948,558.8,0.0,2026-04-20 23:11:00
att_11589,pay_100097,UPI payment link,1,15,Failed,0.352,0.0,4111.15,
att_11590,pay_103611,UPI payment link,3,15,Failed,0.337,0.0,9631.66,
att_11591,pay_101695,OTP reminder,3,15,Recovered,0.661,3012.9,0.0,2026-04-21 10:13:00
att_11592,pay_103718,UPI payment link,2,15,Failed,0.457,0.0,2737.71,
att_11593,pay_101702,Alternate payment method,2,15,Recovered,0.369,3259.88,0.0,2026-04-20 20:43:00
att_11594,pay_104821,UPI payment link,2,15,Recovered,0.42,1070.11,0.0,2026-04-21 02:29:00
att_11595,pay_101972,UPI payment link,3,15,Failed,0.381,0.0,3331.52,
att_11596,pay_103828,UPI payment link,3,15,Recovered,0.494,3578.06,0.0,2026-04-21 08:27:00
att_11597,pay_103191,UPI payment link,3,15,Failed,0.386,0.0,1634.39,
att_11598,pay_102284,UPI payment link,3,15,Failed,0.456,0.0,467.92,
att_11599,pay_100826,Smart gateway retry,0,15,Pending,0.661,0.0,2649.63,
att_11600,pay_100549,Email reminder,2,15,Recovered,0.446,5126.82,0.0,2026-04-21 15:38:00
att_11601,pay_102631,Smart gateway retry,2,15,Recovered,0.678,3650.78,0.0,2026-04-21 09:00:00
att_11602,pay_104165,Retry after 10 minutes,0,10,Pending,0.863,0.0,6780.86,
att_11603,pay_102467,Retry after 10 minutes,1,10,Failed,0.782,0.0,4015.02,
att_11604,pay_101326,Alternate payment method,2,15,Failed,0.236,0.0,2877.6,
att_11605,pay_100710,Smart gateway retry,3,15,Recovered,0.937,2368.78,0.0,2026-04-21 14:57:00
att_11606,pay_104923,Retry after 10 minutes,3,10,Recovered,0.751,1862.4,0.0,2026-04-21 17:50:00
att_11607,pay_104998,Retry after 10 minutes,1,10,Recovered,0.98,1652.23,0.0,2026-04-21 19:23:00
att_11608,pay_103766,UPI payment link,2,15,Failed,0.435,0.0,5827.03,
att_11609,pay_104200,Email reminder,1,15,Failed,0.472,0.0,7775.81,
att_11610,pay_102033,Alternate payment method,2,15,Failed,0.429,0.0,6839.05,
att_11611,pay_103518,Alternate payment method,1,15,Failed,0.445,0.0,645.8,
att_11612,pay_103389,Smart gateway retry,0,15,Recovered,0.652,1615.96,0.0,2026-04-22 03:19:00
att_11613,pay_100048,Retry after 10 minutes,0,10,Pending,0.841,0.0,3895.6,
att_11614,pay_100415,OTP reminder,3,15,Recovered,0.562,8980.03,0.0,2026-04-22 05:36:00
att_11615,pay_101667,OTP reminder,1,15,Failed,0.661,0.0,6232.21,
att_11616,pay_103205,Alternate payment method,3,15,Failed,0.321,0.0,9350.39,
att_11617,pay_100256,Smart gateway retry,0,15,Pending,0.748,0.0,4588.08,
att_11618,pay_101297,UPI payment link,3,15,Failed,0.348,0.0,29340.78,
att_11619,pay_102437,Retry after 10 minutes,2,10,Recovered,0.862,2510.68,0.0,2026-04-22 14:27:00
att_11620,pay_103232,Email reminder,3,15,Failed,0.573,0.0,2123.45,
att_11621,pay_101273,UPI payment link,3,15,Failed,0.406,0.0,3860.95,
att_11622,pay_101328,Alternate payment method,2,15,Failed,0.484,0.0,3139.14,
att_11623,pay_104169,Alternate payment method,3,15,Failed,0.24,0.0,588.8,
att_11624,pay_103812,Retry after 10 minutes,1,10,Recovered,0.879,5272.19,0.0,2026-04-22 17:52:00
att_11625,pay_101070,Smart gateway retry,3,15,Failed,0.705,0.0,3633.36,
att_11626,pay_103609,Smart gateway retry,3,15,Failed,0.677,0.0,835.41,
att_11627,pay_101423,Smart gateway retry,3,15,Recovered,0.823,778.58,0.0,2026-04-22 19:30:00
att_11628,pay_102111,OTP reminder,0,15,Pending,0.593,0.0,2680.71,
att_11629,pay_103983,Email reminder,2,15,Failed,0.525,0.0,3841.26,
att_11630,pay_102816,Retry after 10 minutes,3,10,Recovered,0.79,2239.47,0.0,2026-04-22 10:25:00
att_11631,pay_101812,Smart gateway retry,2,15,Recovered,0.911,7286.8,0.0,2026-04-23 02:34:00
att_11632,pay_102931,Smart gateway retry,2,15,Recovered,0.706,1617.82,0.0,2026-04-22 22:11:00
att_11633,pay_102279,Email reminder,0,15,Pending,0.256,0.0,10378.99,
att_11634,pay_103374,Alternate payment method,1,15,Failed,0.36,0.0,7962.6,
att_11635,pay_100311,UPI payment link,2,15,Recovered,0.375,3527.73,0.0,2026-04-22 15:24:00
att_11636,pay_102658,Alternate payment method,1,15,Failed,0.195,0.0,3666.8,
att_11637,pay_103001,Retry after 10 minutes,1,10,Failed,0.907,0.0,5485.63,
att_11638,pay_104878,Email reminder,1,15,Failed,0.325,0.0,2976.39,
att_11639,pay_101305,Retry after 10 minutes,3,10,Recovered,0.897,3881.56,0.0,2026-04-22 21:35:00
att_11640,pay_101426,Retry after 10 minutes,3,10,Recovered,0.839,1852.0,0.0,2026-04-23 14:44:00
att_11641,pay_100735,OTP reminder,0,15,Pending,0.662,0.0,640.58,
att_11642,pay_100282,OTP reminder,3,15,Recovered,0.528,2854.19,0.0,2026-04-23 06:29:00
att_11643,pay_103192,UPI payment link,1,15,Failed,0.324,0.0,1726.51,
att_11644,pay_100640,Smart gateway retry,3,15,Failed,0.708,0.0,930.46,
att_11645,pay_103982,Alternate payment method,3,15,Recovered,0.184,3540.85,0.0,2026-04-23 13:28:00
att_11646,pay_101612,Alternate payment method,1,15,Failed,0.268,0.0,3011.0,
att_11647,pay_101131,Alternate payment method,1,15,Failed,0.561,0.0,10098.54,
att_11648,pay_100079,Retry after 10 minutes,1,10,Recovered,0.922,2265.87,0.0,2026-04-23 02:37:00
att_11649,pay_104358,Email reminder,2,15,Failed,0.414,0.0,602.87,
att_11650,pay_100858,Retry after 10 minutes,1,10,Recovered,0.822,2159.72,0.0,2026-04-23 08:05:00
att_11651,pay_102615,OTP reminder,1,15,Failed,0.687,0.0,4959.08,
att_11652,pay_104304,Retry after 10 minutes,1,10,Failed,0.677,0.0,1125.71,
att_11653,pay_103654,OTP reminder,3,15,Failed,0.721,0.0,2171.59,
att_11654,pay_100121,UPI payment link,1,15,Failed,0.306,0.0,4413.77,
att_11655,pay_101048,Retry after 10 minutes,1,10,Failed,0.792,0.0,5773.67,
att_11656,pay_102721,OTP reminder,2,15,Failed,0.616,0.0,3215.67,
att_11657,pay_103738,Retry after 10 minutes,2,10,Recovered,0.858,561.68,0.0,2026-04-23 18:43:00
att_11658,pay_102101,Retry after 10 minutes,0,10,Pending,0.786,0.0,10407.48,
att_11659,pay_103158,UPI payment link,2,15,Failed,0.329,0.0,1858.03,
att_11660,pay_102083,UPI payment link,0,15,Pending,0.29,0.0,2455.96,
att_11661,pay_102562,Alternate payment method,3,15,Failed,0.333,0.0,6696.17,
att_11662,pay_100310,Retry after 10 minutes,0,10,Pending,0.71,0.0,1848.74,
att_11663,pay_100818,OTP reminder,1,15,Failed,0.579,0.0,1488.81,
att_11664,pay_100821,Retry after 10 minutes,1,10,Failed,0.74,0.0,1418.54,
att_11665,pay_104729,UPI payment link,3,15,Recovered,0.479,3524.22,0.0,2026-04-24 05:06:00
att_11666,pay_100107,OTP reminder,0,15,Pending,0.516,0.0,659.63,
att_11667,pay_104488,Email reminder,1,15,Failed,0.494,0.0,1322.65,
att_11668,pay_100161,Retry after 10 minutes,1,10,Failed,0.902,0.0,3017.32,
att_11669,pay_104875,Smart gateway retry,1,15,Failed,0.864,0.0,21519.43,
att_11670,pay_102876,Retry after 10 minutes,1,10,Failed,0.719,0.0,2434.55,
att_11671,pay_102241,Alternate payment method,1,15,Recovered,0.257,1385.05,0.0,2026-04-24 07:31:00
att_11672,pay_100478,Alternate payment method,0,15,Pending,0.323,0.0,1868.13,
att_11673,pay_101647,Retry after 10 minutes,1,10,Failed,0.804,0.0,688.64,
att_11674,pay_100236,Alternate payment method,0,15,Recovered,0.301,4202.21,0.0,2026-04-24 21:50:00
att_11675,pay_102087,Retry after 10 minutes,2,10,Failed,0.726,0.0,992.4,
att_11676,pay_104399,OTP reminder,0,15,Pending,0.573,0.0,3739.74,
att_11677,pay_100445,UPI payment link,3,15,Recovered,0.441,1321.04,0.0,2026-04-24 11:17:00
att_11678,pay_102999,OTP reminder,1,15,Recovered,0.548,1765.21,0.0,2026-04-24 19:14:00
att_11679,pay_103928,Smart gateway retry,0,15,Recovered,0.843,846.49,0.0,2026-04-24 17:51:00
att_11680,pay_100155,Smart gateway retry,2,15,Failed,0.521,0.0,4018.2,
att_11681,pay_100371,Retry after 10 minutes,3,10,Recovered,0.876,3944.22,0.0,2026-04-25 03:08:00
att_11682,pay_102770,UPI payment link,0,15,Pending,0.365,0.0,2313.21,
att_11683,pay_101958,Retry after 10 minutes,0,10,Pending,0.771,0.0,4377.59,
att_11684,pay_100254,Retry after 10 minutes,2,10,Recovered,0.793,1346.35,0.0,2026-04-25 01:04:00
att_11685,pay_102896,UPI payment link,2,15,Failed,0.373,0.0,944.67,
att_11686,pay_102049,Email reminder,1,15,Failed,0.427,0.0,751.4,
att_11687,pay_103833,Retry after 10 minutes,0,10,Pending,0.917,0.0,2560.93,
att_11688,pay_102021,Retry after 10 minutes,0,10,Recovered,0.783,4692.28,0.0,2026-04-25 07:23:00
att_11689,pay_103408,Alternate payment method,0,15,Pending,0.168,0.0,2518.49,
att_11690,pay_100315,UPI payment link,1,15,Failed,0.227,0.0,3439.82,
att_11691,pay_101596,OTP reminder,2,15,Recovered,0.459,909.11,0.0,2026-04-25 01:19:00
att_11692,pay_104320,UPI payment link,1,15,Failed,0.391,0.0,3877.39,
att_11693,pay_102583,Smart gateway retry,2,15,Recovered,0.803,1009.46,0.0,2026-04-25 20:27:00
att_11694,pay_103437,UPI payment link,1,15,Failed,0.264,0.0,4189.32,
att_11695,pay_102022,Email reminder,1,15,Recovered,0.477,11312.19,0.0,2026-04-25 13:39:00
att_11696,pay_100729,Alternate payment method,1,15,Failed,0.364,0.0,5957.89,
att_11697,pay_101980,Alternate payment method,0,15,Pending,0.339,0.0,5263.58,
att_11698,pay_102194,Retry after 10 minutes,1,10,Failed,0.745,0.0,1897.92,
att_11699,pay_101692,Smart gateway retry,0,15,Pending,0.822,0.0,7945.42,
att_11700,pay_104901,Retry after 10 minutes,3,10,Failed,0.917,0.0,1252.14,
att_11701,pay_101276,Retry after 10 minutes,0,10,Pending,0.758,0.0,2654.36,
att_11702,pay_103962,OTP reminder,3,15,Recovered,0.592,3379.36,0.0,2026-04-25 17:59:00
att_11703,pay_102618,Retry after 10 minutes,0,10,Pending,0.631,0.0,11309.46,
att_11704,pay_100841,Retry after 10 minutes,0,10,Pending,0.935,0.0,3186.74,
att_11705,pay_104301,Retry after 10 minutes,3,10,Failed,0.811,0.0,1635.89,
att_11706,pay_102395,Retry after 10 minutes,0,10,Pending,0.809,0.0,3415.17,
att_11707,pay_103793,Retry after 10 minutes,0,10,Recovered,0.799,795.19,0.0,2026-04-26 01:37:00
att_11708,pay_102085,Alternate payment method,1,15,Failed,0.332,0.0,997.41,
att_11709,pay_104463,Retry after 10 minutes,3,10,Recovered,0.861,817.76,0.0,2026-04-26 00:50:00
att_11710,pay_104436,Alternate payment method,0,15,Pending,0.396,0.0,1569.77,
att_11711,pay_100002,Retry after 10 minutes,1,10,Recovered,0.732,4042.37,0.0,2026-04-26 14:25:00
att_11712,pay_100122,Email reminder,0,15,Pending,0.509,0.0,6974.06,
att_11713,pay_102550,Smart gateway retry,0,15,Pending,0.683,0.0,31220.4,
att_11714,pay_101223,Email reminder,1,15,Recovered,0.447,1194.98,0.0,2026-04-26 01:11:00
att_11715,pay_104459,OTP reminder,0,15,Recovered,0.637,3521.13,0.0,2026-04-26 11:07:00
att_11716,pay_102379,Alternate payment method,1,15,Recovered,0.423,2066.32,0.0,2026-04-26 02:47:00
att_11717,pay_104678,Retry after 10 minutes,1,10,Failed,0.763,0.0,2412.36,
att_11718,pay_101397,UPI payment link,0,15,Pending,0.357,0.0,1386.11,
att_11719,pay_102929,Alternate payment method,3,15,Failed,0.14,0.0,4668.65,
att_11720,pay_104180,Email reminder,2,15,Failed,0.559,0.0,2984.42,
att_11721,pay_101437,Retry after 10 minutes,1,10,Failed,0.814,0.0,1616.98,
att_11722,pay_103272,Smart gateway retry,3,15,Recovered,0.825,3184.41,0.0,2026-04-26 17:10:00
att_11723,pay_101722,UPI payment link,1,15,Failed,0.304,0.0,3325.84,
att_11724,pay_100651,UPI payment link,3,15,Failed,0.398,0.0,2174.37,
att_11725,pay_102257,UPI payment link,1,15,Failed,0.31,0.0,1726.48,
att_11726,pay_100985,OTP reminder,3,15,Failed,0.656,0.0,1627.77,
att_11727,pay_101811,Retry after 10 minutes,1,10,Failed,0.94,0.0,3504.37,
att_11728,pay_102323,Retry after 10 minutes,2,10,Recovered,0.827,10080.81,0.0,2026-04-26 11:56:00
att_11729,pay_102904,Alternate payment method,2,15,Recovered,0.292,2134.64,0.0,2026-04-27 03:22:00
att_11730,pay_100770,Retry after 10 minutes,3,10,Failed,0.887,0.0,2216.53,
att_11731,pay_100501,Retry after 10 minutes,3,10,Failed,0.834,0.0,1871.47,
att_11732,pay_102753,Alternate payment method,0,15,Pending,0.249,0.0,3487.7,
att_11733,pay_102480,Smart gateway retry,1,15,Recovered,0.783,2244.33,0.0,2026-04-26 19:07:00
att_11734,pay_104041,UPI payment link,3,15,Failed,0.315,0.0,6812.69,
att_11735,pay_101088,Email reminder,1,15,Recovered,0.47,792.19,0.0,2026-04-27 03:49:00
att_11736,pay_101204,Email reminder,1,15,Failed,0.452,0.0,1352.63,
att_11737,pay_104007,Smart gateway retry,0,15,Recovered,0.708,2406.65,0.0,2026-04-26 22:50:00
att_11738,pay_101886,Smart gateway retry,1,15,Failed,0.891,0.0,5720.35,
att_11739,pay_103588,UPI payment link,2,15,Recovered,0.418,1692.85,0.0,2026-04-27 01:07:00
att_11740,pay_100823,Alternate payment method,0,15,Pending,0.325,0.0,1376.19,
att_11741,pay_100243,OTP reminder,3,15,Recovered,0.661,3994.36,0.0,2026-04-27 08:24:00
att_11742,pay_101254,Alternate payment method,3,15,Failed,0.295,0.0,521.99,
att_11743,pay_101220,Retry after 10 minutes,0,10,Pending,0.889,0.0,1736.21,
att_11744,pay_100933,Email reminder,2,15,Recovered,0.413,3606.35,0.0,2026-04-27 06:26:00
att_11745,pay_101129,Retry after 10 minutes,3,10,Recovered,0.843,1749.46,0.0,2026-04-27 12:16:00
att_11746,pay_104990,Email reminder,1,15,Failed,0.446,0.0,2635.96,
att_11747,pay_102360,Alternate payment method,0,15,Pending,0.447,0.0,6936.84,
att_11748,pay_104559,UPI payment link,3,15,Failed,0.455,0.0,2377.09,
att_11749,pay_102985,Smart gateway retry,0,15,Pending,0.86,0.0,5479.92,
att_11750,pay_100983,Alternate payment method,0,15,Pending,0.395,0.0,432.13,
att_11751,pay_102014,Retry after 10 minutes,2,10,Failed,0.941,0.0,2420.14,
att_11752,pay_102071,Retry after 10 minutes,3,10,Recovered,0.774,4103.28,0.0,2026-04-27 10:09:00
att_11753,pay_103674,Alternate payment method,3,15,Failed,0.213,0.0,2284.41,
att_11754,pay_102447,Smart gateway retry,0,15,Recovered,0.753,12156.98,0.0,2026-04-27 20:42:00
att_11755,pay_103576,Alternate payment method,2,15,Failed,0.362,0.0,9664.76,
att_11756,pay_101716,UPI payment link,1,15,Failed,0.447,0.0,979.06,
att_11757,pay_102183,Retry after 10 minutes,2,10,Recovered,0.91,5283.78,0.0,2026-04-27 16:05:00
att_11758,pay_101714,Smart gateway retry,0,15,Recovered,0.841,23392.39,0.0,2026-04-28 04:44:00
att_11759,pay_103861,UPI payment link,3,15,Failed,0.284,0.0,6302.5,
att_11760,pay_103976,Smart gateway retry,0,15,Pending,0.836,0.0,4612.81,
att_11761,pay_100025,UPI payment link,1,15,Failed,0.245,0.0,4121.32,
att_11762,pay_103117,Retry after 10 minutes,0,10,Pending,0.835,0.0,13273.29,
att_11763,pay_104994,Retry after 10 minutes,0,10,Pending,0.765,0.0,4157.34,
att_11764,pay_103146,UPI payment link,3,15,Failed,0.547,0.0,8087.71,
att_11765,pay_100599,Alternate payment method,1,15,Failed,0.257,0.0,1117.93,
att_11766,pay_100568,OTP reminder,3,15,Recovered,0.529,2681.4,0.0,2026-04-28 00:52:00
att_11767,pay_103265,Retry after 10 minutes,1,10,Failed,0.98,0.0,4261.55,
att_11768,pay_103646,UPI payment link,0,15,Pending,0.281,0.0,1503.11,
att_11769,pay_103695,Alternate payment method,1,15,Failed,0.339,0.0,2966.15,
att_11770,pay_104905,Smart gateway retry,2,15,Recovered,0.819,1688.42,0.0,2026-04-28 06:54:00
att_11771,pay_101067,Retry after 10 minutes,0,10,Recovered,0.76,7558.19,0.0,2026-04-28 13:21:00
att_11772,pay_103501,Alternate payment method,0,15,Pending,0.309,0.0,3393.75,
att_11773,pay_102436,UPI payment link,1,15,Failed,0.352,0.0,29661.21,
att_11774,pay_100615,UPI payment link,1,15,Failed,0.54,0.0,470.96,
att_11775,pay_103323,Alternate payment method,0,15,Recovered,0.424,365.06,0.0,2026-04-29 00:37:00
att_11776,pay_101993,Retry after 10 minutes,2,10,Failed,0.884,0.0,4188.15,
att_11777,pay_103729,Retry after 10 minutes,3,10,Recovered,0.934,1171.35,0.0,2026-04-28 18:38:00
att_11778,pay_103720,Alternate payment method,1,15,Failed,0.357,0.0,883.63,
att_11779,pay_103549,UPI payment link,2,15,Failed,0.454,0.0,2229.54,
att_11780,pay_103407,UPI payment link,2,15,Failed,0.333,0.0,3413.36,
att_11781,pay_101336,Alternate payment method,3,15,Failed,0.41,0.0,703.35,
att_11782,pay_102688,Retry after 10 minutes,0,10,Recovered,0.856,9909.95,0.0,2026-04-29 10:43:00
att_11783,pay_103924,UPI payment link,3,15,Failed,0.376,0.0,4138.22,
att_11784,pay_102991,UPI payment link,1,15,Failed,0.407,0.0,4119.17,
att_11785,pay_102969,Alternate payment method,2,15,Failed,0.463,0.0,2514.16,
att_11786,pay_101127,Alternate payment method,1,15,Failed,0.231,0.0,6772.41,
att_11787,pay_101984,Retry after 10 minutes,3,10,Recovered,0.787,5015.19,0.0,2026-04-29 15:39:00
att_11788,pay_100781,Alternate payment method,2,15,Failed,0.301,0.0,1188.91,
att_11789,pay_101234,Alternate payment method,2,15,Recovered,0.349,2351.28,0.0,2026-04-29 11:24:00
att_11790,pay_103756,Alternate payment method,2,15,Failed,0.491,0.0,1822.8,
att_11791,pay_103763,UPI payment link,3,15,Failed,0.412,0.0,1402.65,
att_11792,pay_100098,Retry after 10 minutes,2,10,Failed,0.98,0.0,2757.52,
att_11793,pay_100919,UPI payment link,0,15,Pending,0.316,0.0,3820.89,
att_11794,pay_103300,UPI payment link,2,15,Recovered,0.314,6838.11,0.0,2026-04-29 18:09:00
att_11795,pay_100672,Email reminder,0,15,Pending,0.467,0.0,1141.6,
att_11796,pay_101584,Retry after 10 minutes,1,10,Failed,0.856,0.0,1285.54,
att_11797,pay_101466,Smart gateway retry,3,15,Failed,0.777,0.0,5367.06,
att_11798,pay_103491,UPI payment link,0,15,Pending,0.306,0.0,4750.78,
att_11799,pay_101416,OTP reminder,2,15,Recovered,0.648,3592.85,0.0,2026-04-29 11:21:00
att_11800,pay_100340,UPI payment link,3,15,Failed,0.377,0.0,1651.23,
att_11801,pay_100957,Alternate payment method,1,15,Failed,0.308,0.0,1024.68,
att_11802,pay_100129,Retry after 10 minutes,3,10,Recovered,0.723,6068.93,0.0,2026-04-29 16:23:00
att_11803,pay_100742,Retry after 10 minutes,3,10,Recovered,0.867,1306.04,0.0,2026-04-29 11:20:00
att_11804,pay_101369,Email reminder,0,15,Recovered,0.575,1433.51,0.0,2026-04-29 17:19:00
att_11805,pay_100474,Smart gateway retry,1,15,Recovered,0.789,2984.32,0.0,2026-04-29 19:18:00
att_11806,pay_102757,Smart gateway retry,1,15,Recovered,0.98,1105.59,0.0,2026-04-29 11:32:00
att_11807,pay_100457,Smart gateway retry,3,15,Failed,0.821,0.0,3108.44,
att_11808,pay_101195,Alternate payment method,2,15,Failed,0.34,0.0,1680.29,
att_11809,pay_102184,Email reminder,1,15,Recovered,0.483,2173.91,0.0,2026-04-29 22:28:00
att_11810,pay_102567,UPI payment link,3,15,Failed,0.448,0.0,3109.21,
att_11811,pay_104618,Retry after 10 minutes,3,10,Recovered,0.787,993.43,0.0,2026-04-30 03:57:00
att_11812,pay_100657,UPI payment link,1,15,Failed,0.494,0.0,4002.99,
att_11813,pay_102230,Smart gateway retry,1,15,Failed,0.656,0.0,3317.03,
att_11814,pay_104062,UPI payment link,3,15,Failed,0.434,0.0,1931.17,
att_11815,pay_102009,Smart gateway retry,0,15,Recovered,0.788,848.12,0.0,2026-04-30 01:16:00
att_11816,pay_102157,UPI payment link,3,15,Failed,0.266,0.0,7293.91,
att_11817,pay_104085,OTP reminder,2,15,Failed,0.547,0.0,3691.97,
att_11818,pay_101110,Retry after 10 minutes,2,10,Failed,0.689,0.0,3791.09,
att_11819,pay_103316,UPI payment link,3,15,Failed,0.472,0.0,5545.22,
att_11820,pay_104857,UPI payment link,1,15,Failed,0.148,0.0,2756.21,
att_11821,pay_103864,Email reminder,1,15,Recovered,0.471,3175.03,0.0,2026-04-30 03:59:00
att_11822,pay_100039,UPI payment link,3,15,Failed,0.56,0.0,1868.06,
att_11823,pay_102995,UPI payment link,1,15,Failed,0.527,0.0,3665.18,
att_11824,pay_101171,Smart gateway retry,3,15,Recovered,0.919,1819.28,0.0,2026-04-30 13:33:00
att_11825,pay_103545,OTP reminder,1,15,Failed,0.535,0.0,7420.48,
att_11826,pay_100191,OTP reminder,3,15,Failed,0.563,0.0,7627.68,
att_11827,pay_100879,Retry after 10 minutes,0,10,Recovered,0.928,5381.75,0.0,2026-05-01 02:16:00
att_11828,pay_100084,Email reminder,3,15,Recovered,0.475,3387.96,0.0,2026-05-01 04:10:00
att_11829,pay_103184,OTP reminder,1,15,Recovered,0.638,4754.98,0.0,2026-04-30 09:32:00
att_11830,pay_103008,OTP reminder,0,15,Pending,0.566,0.0,5748.93,
att_11831,pay_101170,Alternate payment method,2,15,Recovered,0.387,8997.92,0.0,2026-04-30 18:50:00
att_11832,pay_104541,Alternate payment method,1,15,Failed,0.211,0.0,2971.48,
att_11833,pay_103170,UPI payment link,1,15,Failed,0.357,0.0,3207.47,
att_11834,pay_100244,OTP reminder,3,15,Recovered,0.694,803.42,0.0,2026-04-30 19:47:00
att_11835,pay_101752,Smart gateway retry,1,15,Failed,0.659,0.0,3709.84,
att_11836,pay_103116,Smart gateway retry,2,15,Recovered,0.799,2625.52,0.0,2026-04-30 12:59:00
att_11837,pay_100598,Smart gateway retry,1,15,Failed,0.725,0.0,3846.44,
att_11838,pay_100239,Alternate payment method,2,15,Failed,0.117,0.0,6083.68,
att_11839,pay_104495,OTP reminder,2,15,Failed,0.681,0.0,2824.14,
att_11840,pay_101754,OTP reminder,1,15,Recovered,0.745,3580.3,0.0,2026-05-01 06:04:00
att_11841,pay_103818,Alternate payment method,3,15,Failed,0.195,0.0,1193.82,
att_11842,pay_102720,UPI payment link,1,15,Failed,0.363,0.0,5763.95,
att_11843,pay_103025,UPI payment link,3,15,Failed,0.356,0.0,12326.59,
att_11844,pay_103691,OTP reminder,2,15,Failed,0.55,0.0,13144.79,
att_11845,pay_102828,Alternate payment method,2,15,Failed,0.369,0.0,2006.2,
att_11846,pay_102178,Retry after 10 minutes,2,10,Failed,0.74,0.0,558.02,
att_11847,pay_100995,OTP reminder,1,15,Recovered,0.564,3044.45,0.0,2026-05-01 13:12:00
att_11848,pay_102897,Retry after 10 minutes,1,10,Recovered,0.97,544.5,0.0,2026-05-01 11:55:00
att_11849,pay_102127,UPI payment link,3,15,Failed,0.394,0.0,1746.34,
att_11850,pay_102358,OTP reminder,0,15,Pending,0.419,0.0,1318.77,
att_11851,pay_102906,Alternate payment method,3,15,Recovered,0.354,602.03,0.0,2026-05-01 12:57:00
att_11852,pay_104909,Retry after 10 minutes,2,10,Failed,0.832,0.0,1367.56,
att_11853,pay_103603,UPI payment link,0,15,Recovered,0.389,3505.25,0.0,2026-05-01 12:32:00
att_11854,pay_103120,Email reminder,3,15,Failed,0.451,0.0,2881.42,
att_11855,pay_100824,Alternate payment method,3,15,Failed,0.36,0.0,1207.72,
att_11856,pay_101210,OTP reminder,1,15,Failed,0.533,0.0,6508.63,
att_11857,pay_101981,UPI payment link,1,15,Failed,0.315,0.0,6930.8,
att_11858,pay_100674,Alternate payment method,1,15,Failed,0.238,0.0,2270.3,
att_11859,pay_101637,OTP reminder,2,15,Recovered,0.634,3772.37,0.0,2026-05-01 20:01:00
att_11860,pay_100342,Smart gateway retry,2,15,Failed,0.944,0.0,881.62,
att_11861,pay_103599,Alternate payment method,3,15,Failed,0.314,0.0,2659.93,
att_11862,pay_101289,Alternate payment method,2,15,Failed,0.342,0.0,661.51,
att_11863,pay_104902,Retry after 10 minutes,0,10,Pending,0.847,0.0,1142.93,
att_11864,pay_103874,Alternate payment method,1,15,Failed,0.246,0.0,3683.14,
att_11865,pay_103366,Email reminder,2,15,Recovered,0.564,388.52,0.0,2026-05-01 20:37:00
att_11866,pay_102916,Email reminder,2,15,Failed,0.35,0.0,2197.23,
att_11867,pay_101199,OTP reminder,3,15,Failed,0.614,0.0,4831.54,
att_11868,pay_101539,Retry after 10 minutes,2,10,Failed,0.667,0.0,6645.61,
att_11869,pay_101396,Retry after 10 minutes,3,10,Failed,0.85,0.0,2062.58,
att_11870,pay_103639,Smart gateway retry,0,15,Pending,0.818,0.0,893.82,
att_11871,pay_101660,Alternate payment method,0,15,Pending,0.295,0.0,1377.84,
att_11872,pay_102507,Smart gateway retry,2,15,Failed,0.812,0.0,996.39,
att_11873,pay_102225,UPI payment link,1,15,Failed,0.406,0.0,3020.65,
att_11874,pay_102824,UPI payment link,0,15,Pending,0.299,0.0,8464.63,
att_11875,pay_102416,Smart gateway retry,2,15,Failed,0.853,0.0,9492.63,
att_11876,pay_101553,Retry after 10 minutes,1,10,Failed,0.698,0.0,9582.86,
att_11877,pay_103343,OTP reminder,3,15,Recovered,0.578,1917.61,0.0,2026-05-03 03:11:00
att_11878,pay_103969,UPI payment link,1,15,Failed,0.132,0.0,1882.42,
att_11879,pay_102725,Alternate payment method,3,15,Failed,0.257,0.0,2048.38,
att_11880,pay_104620,UPI payment link,3,15,Failed,0.401,0.0,1081.03,
att_11881,pay_102903,Smart gateway retry,3,15,Failed,0.771,0.0,4634.26,
att_11882,pay_101884,UPI payment link,0,15,Pending,0.28,0.0,2203.03,
att_11883,pay_103608,OTP reminder,3,15,Recovered,0.621,897.06,0.0,2026-05-03 08:21:00
att_11884,pay_102392,Alternate payment method,1,15,Failed,0.382,0.0,6436.69,
att_11885,pay_104594,Smart gateway retry,1,15,Recovered,0.586,3241.6,0.0,2026-05-03 04:21:00
att_11886,pay_101845,Smart gateway retry,3,15,Failed,0.98,0.0,5264.9,
att_11887,pay_102628,Alternate payment method,2,15,Recovered,0.31,730.24,0.0,2026-05-02 18:44:00
att_11888,pay_102926,Retry after 10 minutes,1,10,Recovered,0.811,4834.29,0.0,2026-05-03 03:14:00
att_11889,pay_100986,OTP reminder,3,15,Recovered,0.566,450.05,0.0,2026-05-02 15:56:00
att_11890,pay_100899,Retry after 10 minutes,1,10,Failed,0.804,0.0,3193.28,
att_11891,pay_100600,OTP reminder,3,15,Failed,0.666,0.0,1396.01,
att_11892,pay_100701,Email reminder,3,15,Failed,0.67,0.0,6294.43,
att_11893,pay_103416,Retry after 10 minutes,1,10,Recovered,0.848,4013.9,0.0,2026-05-02 23:01:00
att_11894,pay_104638,Smart gateway retry,1,15,Recovered,0.694,1904.28,0.0,2026-05-03 00:41:00
att_11895,pay_103921,Smart gateway retry,2,15,Recovered,0.779,1085.86,0.0,2026-05-03 22:49:00
att_11896,pay_103176,Retry after 10 minutes,2,10,Failed,0.699,0.0,5775.89,
att_11897,pay_100952,Email reminder,0,15,Pending,0.537,0.0,8487.81,
att_11898,pay_100322,Smart gateway retry,0,15,Pending,0.695,0.0,2256.7,
att_11899,pay_100671,Retry after 10 minutes,3,10,Recovered,0.898,7433.72,0.0,2026-05-03 22:40:00
att_11900,pay_104037,Smart gateway retry,2,15,Recovered,0.82,3553.27,0.0,2026-05-03 14:38:00
att_11901,pay_103330,Retry after 10 minutes,1,10,Recovered,0.92,9517.44,0.0,2026-05-03 16:59:00
att_11902,pay_102026,UPI payment link,0,15,Pending,0.372,0.0,1556.69,
att_11903,pay_101828,OTP reminder,3,15,Failed,0.573,0.0,8260.78,
att_11904,pay_103919,Alternate payment method,1,15,Failed,0.352,0.0,684.36,
att_11905,pay_101134,Smart gateway retry,1,15,Recovered,0.794,910.83,0.0,2026-05-03 15:13:00
att_11906,pay_103123,OTP reminder,1,15,Failed,0.562,0.0,3792.75,
att_11907,pay_104227,Alternate payment method,1,15,Failed,0.4,0.0,1322.33,
att_11908,pay_100766,Smart gateway retry,2,15,Failed,0.857,0.0,2875.69,
att_11909,pay_104454,OTP reminder,3,15,Recovered,0.831,7841.63,0.0,2026-05-03 23:56:00
att_11910,pay_100268,Retry after 10 minutes,0,10,Recovered,0.655,2988.11,0.0,2026-05-03 16:14:00
att_11911,pay_104543,Alternate payment method,0,15,Pending,0.338,0.0,1021.41,
att_11912,pay_102863,Retry after 10 minutes,3,10,Recovered,0.843,5953.27,0.0,2026-05-04 05:46:00
att_11913,pay_104800,UPI payment link,3,15,Recovered,0.322,328.2,0.0,2026-05-03 22:59:00
att_11914,pay_100895,Alternate payment method,2,15,Failed,0.355,0.0,1792.0,
att_11915,pay_102970,Retry after 10 minutes,0,10,Pending,0.701,0.0,2118.63,
att_11916,pay_100955,Email reminder,3,15,Recovered,0.373,2156.74,0.0,2026-05-03 21:04:00
att_11917,pay_101661,Email reminder,2,15,Recovered,0.484,6767.61,0.0,2026-05-04 12:55:00
att_11918,pay_101304,Alternate payment method,3,15,Failed,0.392,0.0,1304.59,
att_11919,pay_102493,Alternate payment method,2,15,Failed,0.306,0.0,25970.46,
att_11920,pay_104585,Email reminder,2,15,Failed,0.425,0.0,1638.17,
att_11921,pay_103863,OTP reminder,3,15,Failed,0.767,0.0,4392.07,
att_11922,pay_102143,UPI payment link,1,15,Failed,0.351,0.0,3019.95,
att_11923,pay_103601,OTP reminder,2,15,Failed,0.713,0.0,5042.39,
att_11924,pay_102123,Retry after 10 minutes,1,10,Recovered,0.75,5767.75,0.0,2026-05-04 09:23:00
att_11925,pay_103424,Email reminder,2,15,Recovered,0.413,8751.14,0.0,2026-05-03 19:13:00
att_11926,pay_103612,Smart gateway retry,1,15,Recovered,0.721,1401.16,0.0,2026-05-04 03:54:00
att_11927,pay_101757,Alternate payment method,2,15,Failed,0.283,0.0,2694.34,
att_11928,pay_104979,Smart gateway retry,1,15,Failed,0.826,0.0,1160.34,
att_11929,pay_103894,Alternate payment method,2,15,Failed,0.242,0.0,2818.04,
att_11930,pay_104350,Smart gateway retry,2,15,Failed,0.845,0.0,1148.97,
att_11931,pay_101951,UPI payment link,3,15,Failed,0.373,0.0,8405.94,
att_11932,pay_103224,Retry after 10 minutes,3,10,Recovered,0.855,7804.71,0.0,2026-05-04 13:31:00
att_11933,pay_101180,Alternate payment method,2,15,Failed,0.426,0.0,2186.3,
att_11934,pay_102691,OTP reminder,3,15,Recovered,0.751,1495.42,0.0,2026-05-05 06:22:00
att_11935,pay_100192,OTP reminder,2,15,Failed,0.697,0.0,4518.66,
att_11936,pay_103809,Email reminder,3,15,Failed,0.311,0.0,7993.88,
att_11937,pay_104588,Retry after 10 minutes,2,10,Failed,0.665,0.0,2830.59,
att_11938,pay_104209,UPI payment link,2,15,Failed,0.485,0.0,5256.49,
att_11939,pay_103435,Retry after 10 minutes,3,10,Failed,0.81,0.0,2072.76,
att_11940,pay_103169,OTP reminder,3,15,Recovered,0.617,133.49,0.0,2026-05-05 02:59:00
att_11941,pay_102182,OTP reminder,2,15,Failed,0.678,0.0,2175.3,
att_11942,pay_104913,Alternate payment method,3,15,Failed,0.224,0.0,1228.25,
att_11943,pay_100849,UPI payment link,3,15,Failed,0.339,0.0,1462.8,
att_11944,pay_100489,Alternate payment method,0,15,Pending,0.322,0.0,3669.31,
att_11945,pay_103448,OTP reminder,0,15,Pending,0.573,0.0,1251.27,
att_11946,pay_104232,Alternate payment method,1,15,Failed,0.371,0.0,1603.16,
att_11947,pay_102212,Retry after 10 minutes,1,10,Failed,0.65,0.0,961.71,
att_11948,pay_100624,Alternate payment method,2,15,Failed,0.342,0.0,800.9,
att_11949,pay_104258,Retry after 10 minutes,2,10,Failed,0.915,0.0,2030.33,
att_11950,pay_101524,Smart gateway retry,1,15,Failed,0.661,0.0,3399.76,
att_11951,pay_101872,UPI payment link,3,15,Recovered,0.373,2929.33,0.0,2026-05-05 19:21:00
att_11952,pay_101567,OTP reminder,2,15,Failed,0.694,0.0,2677.24,
att_11953,pay_103875,Smart gateway retry,0,15,Pending,0.767,0.0,2029.0,
att_11954,pay_100493,Email reminder,2,15,Recovered,0.484,4498.48,0.0,2026-05-06 00:31:00
att_11955,pay_100136,Retry after 10 minutes,2,10,Recovered,0.755,2812.38,0.0,2026-05-05 14:16:00
att_11956,pay_103346,Retry after 10 minutes,0,10,Pending,0.897,0.0,2863.81,
att_11957,pay_104309,Alternate payment method,3,15,Failed,0.184,0.0,900.76,
att_11958,pay_104755,Retry after 10 minutes,1,10,Recovered,0.894,672.0,0.0,2026-05-05 05:10:00
att_11959,pay_103647,Email reminder,0,15,Recovered,0.352,1610.3,0.0,2026-05-06 04:00:00
att_11960,pay_101763,Retry after 10 minutes,0,10,Recovered,0.936,852.32,0.0,2026-05-05 12:57:00
att_11961,pay_102413,Smart gateway retry,1,15,Failed,0.754,0.0,3697.21,
att_11962,pay_100966,Alternate payment method,1,15,Failed,0.233,0.0,620.25,
att_11963,pay_104077,UPI payment link,1,15,Failed,0.279,0.0,2639.58,
att_11964,pay_103302,UPI payment link,3,15,Failed,0.345,0.0,3215.87,
att_11965,pay_101579,Retry after 10 minutes,1,10,Failed,0.713,0.0,1422.62,
att_11966,pay_101047,Alternate payment method,0,15,Pending,0.211,0.0,3202.96,
att_11967,pay_103422,OTP reminder,1,15,Failed,0.613,0.0,30985.41,
att_11968,pay_100719,Retry after 10 minutes,3,10,Recovered,0.823,3554.08,0.0,2026-05-06 01:40:00
att_11969,pay_102023,Email reminder,1,15,Failed,0.424,0.0,674.65,
att_11970,pay_103837,Smart gateway retry,1,15,Failed,0.729,0.0,942.72,
att_11971,pay_100393,OTP reminder,3,15,Recovered,0.579,3443.23,0.0,2026-05-06 13:22:00
att_11972,pay_104264,Email reminder,0,15,Pending,0.41,0.0,3967.76,
att_11973,pay_103006,Smart gateway retry,1,15,Recovered,0.764,1220.92,0.0,2026-05-06 10:50:00
att_11974,pay_100530,Alternate payment method,1,15,Failed,0.245,0.0,3488.84,
att_11975,pay_101187,Smart gateway retry,2,15,Failed,0.861,0.0,4090.78,
att_11976,pay_104540,UPI payment link,3,15,Failed,0.371,0.0,2592.22,
att_11977,pay_104617,OTP reminder,3,15,Failed,0.715,0.0,1075.89,
att_11978,pay_103018,OTP reminder,2,15,Recovered,0.572,1013.75,0.0,2026-05-06 09:36:00
att_11979,pay_102444,Alternate payment method,1,15,Failed,0.363,0.0,2699.58,
att_11980,pay_102972,OTP reminder,0,15,Pending,0.546,0.0,702.37,
att_11981,pay_104389,Retry after 10 minutes,2,10,Failed,0.78,0.0,707.27,
att_11982,pay_101504,UPI payment link,0,15,Pending,0.521,0.0,2938.57,
att_11983,pay_103414,Smart gateway retry,3,15,Recovered,0.818,1113.27,0.0,2026-05-06 14:52:00
att_11984,pay_102613,Smart gateway retry,1,15,Recovered,0.661,7986.84,0.0,2026-05-06 08:09:00
att_11985,pay_100664,Email reminder,1,15,Failed,0.406,0.0,8986.13,
att_11986,pay_100454,Retry after 10 minutes,1,10,Failed,0.595,0.0,2110.93,
att_11987,pay_104801,UPI payment link,2,15,Recovered,0.491,592.52,0.0,2026-05-06 09:50:00
att_11988,pay_100467,UPI payment link,1,15,Failed,0.104,0.0,2217.72,
att_11989,pay_101653,Smart gateway retry,0,15,Recovered,0.876,2376.39,0.0,2026-05-07 07:58:00
att_11990,pay_101349,UPI payment link,2,15,Failed,0.41,0.0,8011.6,
att_11991,pay_104789,Smart gateway retry,0,15,Pending,0.648,0.0,1726.77,
att_11992,pay_101643,Alternate payment method,1,15,Recovered,0.312,975.86,0.0,2026-05-06 18:46:00
att_11993,pay_102675,UPI payment link,2,15,Failed,0.458,0.0,2924.43,
att_11994,pay_100519,OTP reminder,1,15,Failed,0.62,0.0,1134.21,
att_11995,pay_103824,Email reminder,3,15,Failed,0.461,0.0,2449.61,
att_11996,pay_101607,Email reminder,3,15,Recovered,0.484,4379.76,0.0,2026-05-06 20:24:00
att_11997,pay_100687,UPI payment link,3,15,Failed,0.349,0.0,5295.49,
att_11998,pay_104059,Email reminder,1,15,Failed,0.433,0.0,2929.29,
att_11999,pay_104935,Alternate payment method,0,15,Pending,0.309,0.0,728.95,
att_12000,pay_103954,Alternate payment method,3,15,Failed,0.293,0.0,10087.0,
att_12001,pay_102965,Alternate payment method,1,15,Failed,0.366,0.0,4291.28,
att_12002,pay_104781,UPI payment link,3,15,Failed,0.448,0.0,2528.06,
att_12003,pay_104927,Alternate payment method,0,15,Pending,0.39,0.0,6764.6,
att_12004,pay_100914,UPI payment link,3,15,Failed,0.429,0.0,3138.23,
att_12005,pay_104937,Smart gateway retry,0,15,Recovered,0.716,1548.98,0.0,2026-05-07 13:49:00
att_12006,pay_100547,Alternate payment method,2,15,Recovered,0.504,914.1,0.0,2026-05-07 06:17:00
att_12007,pay_104456,Smart gateway retry,2,15,Recovered,0.923,1427.2,0.0,2026-05-07 22:38:00
att_12008,pay_100269,UPI payment link,3,15,Failed,0.399,0.0,20735.41,
att_12009,pay_101395,Retry after 10 minutes,3,10,Recovered,0.723,6150.84,0.0,2026-05-07 06:10:00
att_12010,pay_104546,Retry after 10 minutes,3,10,Recovered,0.816,2687.89,0.0,2026-05-07 11:02:00
att_12011,pay_101317,Alternate payment method,0,15,Recovered,0.405,1089.97,0.0,2026-05-07 16:13:00
att_12012,pay_100697,UPI payment link,1,15,Failed,0.353,0.0,2000.54,
att_12013,pay_101545,Retry after 10 minutes,3,10,Failed,0.732,0.0,965.29,
att_12014,pay_103968,OTP reminder,3,15,Failed,0.574,0.0,872.1,
att_12015,pay_100980,Email reminder,0,15,Pending,0.332,0.0,2002.2,
att_12016,pay_102064,OTP reminder,0,15,Pending,0.755,0.0,613.48,
att_12017,pay_102559,Email reminder,2,15,Failed,0.512,0.0,998.85,
att_12018,pay_103666,OTP reminder,3,15,Recovered,0.712,2887.64,0.0,2026-05-08 05:54:00
att_12019,pay_101422,UPI payment link,0,15,Pending,0.209,0.0,5226.87,
att_12020,pay_102946,UPI payment link,2,15,Failed,0.423,0.0,1508.14,
att_12021,pay_101832,OTP reminder,1,15,Recovered,0.775,5405.02,0.0,2026-05-08 04:07:00
att_12022,pay_102234,Alternate payment method,0,15,Pending,0.355,0.0,2062.32,
att_12023,pay_104462,Alternate payment method,0,15,Pending,0.282,0.0,2989.86,
att_12024,pay_100785,Alternate payment method,3,15,Recovered,0.278,44629.01,0.0,2026-05-08 16:30:00
att_12025,pay_100965,Alternate payment method,1,15,Recovered,0.367,3615.3,0.0,2026-05-07 21:44:00
att_12026,pay_104507,Retry after 10 minutes,1,10,Failed,0.949,0.0,397.25,
att_12027,pay_100259,Email reminder,2,15,Failed,0.547,0.0,2074.7,
att_12028,pay_102344,UPI payment link,0,15,Pending,0.25,0.0,828.03,
att_12029,pay_104411,UPI payment link,1,15,Failed,0.245,0.0,9561.2,
att_12030,pay_104873,Alternate payment method,3,15,Recovered,0.377,2658.01,0.0,2026-05-07 23:38:00
att_12031,pay_103672,OTP reminder,3,15,Failed,0.638,0.0,5261.94,
att_12032,pay_101155,Retry after 10 minutes,0,10,Recovered,0.824,5904.69,0.0,2026-05-08 18:55:00
att_12033,pay_100984,UPI payment link,3,15,Failed,0.364,0.0,3845.99,
att_12034,pay_104584,Alternate payment method,3,15,Failed,0.284,0.0,1257.62,
att_12035,pay_101117,UPI payment link,3,15,Failed,0.466,0.0,1180.49,
att_12036,pay_104865,OTP reminder,0,15,Pending,0.564,0.0,8484.75,
att_12037,pay_102189,OTP reminder,1,15,Recovered,0.639,5526.75,0.0,2026-05-08 10:06:00
att_12038,pay_102463,Smart gateway retry,3,15,Failed,0.868,0.0,3968.1,
att_12039,pay_104899,OTP reminder,2,15,Recovered,0.495,2404.8,0.0,2026-05-08 22:12:00
att_12040,pay_101414,Smart gateway retry,3,15,Failed,0.679,0.0,1887.43,
att_12041,pay_102547,Retry after 10 minutes,0,10,Recovered,0.98,7425.37,0.0,2026-05-09 06:28:00
att_12042,pay_101627,Smart gateway retry,2,15,Failed,0.676,0.0,1296.25,
att_12043,pay_104434,Retry after 10 minutes,0,10,Pending,0.859,0.0,2678.82,
att_12044,pay_101857,Retry after 10 minutes,1,10,Failed,0.791,0.0,6544.4,
att_12045,pay_101790,Alternate payment method,1,15,Failed,0.222,0.0,3022.78,
att_12046,pay_100241,Retry after 10 minutes,1,10,Failed,0.869,0.0,1877.1,
att_12047,pay_104375,Retry after 10 minutes,1,10,Failed,0.925,0.0,1772.85,
att_12048,pay_102036,Alternate payment method,0,15,Pending,0.273,0.0,1900.3,
att_12049,pay_104897,Email reminder,1,15,Failed,0.522,0.0,4954.96,
att_12050,pay_101160,Retry after 10 minutes,1,10,Recovered,0.808,2819.83,0.0,2026-05-08 21:47:00
att_12051,pay_103377,UPI payment link,3,15,Failed,0.186,0.0,1083.26,
att_12052,pay_103721,Email reminder,3,15,Failed,0.416,0.0,13378.06,
att_12053,pay_102752,UPI payment link,0,15,Pending,0.311,0.0,5842.63,
att_12054,pay_102122,Smart gateway retry,2,15,Failed,0.825,0.0,468.73,
att_12055,pay_103801,Retry after 10 minutes,2,10,Failed,0.678,0.0,10732.45,
att_12056,pay_103750,Email reminder,1,15,Failed,0.428,0.0,791.76,
att_12057,pay_103074,Retry after 10 minutes,2,10,Recovered,0.836,2811.53,0.0,2026-05-09 13:38:00
att_12058,pay_102728,UPI payment link,3,15,Failed,0.313,0.0,1990.47,
att_12059,pay_100423,UPI payment link,2,15,Failed,0.323,0.0,5253.83,
att_12060,pay_100265,Email reminder,2,15,Recovered,0.459,2859.97,0.0,2026-05-09 16:45:00
att_12061,pay_100676,Email reminder,3,15,Failed,0.384,0.0,1520.93,
att_12062,pay_101759,Smart gateway retry,3,15,Recovered,0.749,8002.01,0.0,2026-05-09 12:49:00
att_12063,pay_103136,OTP reminder,1,15,Failed,0.341,0.0,4321.08,
att_12064,pay_104661,OTP reminder,0,15,Pending,0.736,0.0,2425.06,
att_12065,pay_103541,UPI payment link,1,15,Recovered,0.453,8674.66,0.0,2026-05-09 20:30:00
att_12066,pay_102718,UPI payment link,1,15,Failed,0.431,0.0,1716.44,
att_12067,pay_102678,Alternate payment method,0,15,Pending,0.252,0.0,6310.8,
att_12068,pay_100227,Smart gateway retry,1,15,Recovered,0.851,990.6,0.0,2026-05-09 14:48:00
att_12069,pay_100596,Email reminder,0,15,Pending,0.43,0.0,3017.65,
att_12070,pay_102625,Retry after 10 minutes,3,10,Failed,0.813,0.0,11168.79,
att_12071,pay_103226,UPI payment link,3,15,Failed,0.321,0.0,1836.83,
att_12072,pay_103511,OTP reminder,1,15,Recovered,0.557,1591.27,0.0,2026-05-09 19:03:00
att_12073,pay_104364,Alternate payment method,0,15,Pending,0.403,0.0,3245.88,
att_12074,pay_100929,Retry after 10 minutes,3,10,Recovered,0.796,3825.43,0.0,2026-05-09 18:45:00
att_12075,pay_101626,UPI payment link,1,15,Failed,0.256,0.0,3101.64,
att_12076,pay_102560,Smart gateway retry,2,15,Failed,0.664,0.0,11450.5,
att_12077,pay_100534,Alternate payment method,0,15,Pending,0.464,0.0,906.46,
att_12078,pay_102529,Retry after 10 minutes,0,10,Recovered,0.913,2990.8,0.0,2026-05-10 14:41:00
att_12079,pay_101764,Smart gateway retry,2,15,Recovered,0.783,1107.34,0.0,2026-05-10 00:09:00
att_12080,pay_103762,Alternate payment method,3,15,Failed,0.459,0.0,17728.24,
att_12081,pay_102246,Retry after 10 minutes,3,10,Recovered,0.879,4992.66,0.0,2026-05-10 22:39:00
att_12082,pay_103882,Retry after 10 minutes,3,10,Recovered,0.766,6659.52,0.0,2026-05-10 22:04:00
att_12083,pay_101343,Alternate payment method,1,15,Failed,0.283,0.0,5434.24,
att_12084,pay_100128,Retry after 10 minutes,2,10,Failed,0.856,0.0,1342.35,
att_12085,pay_101896,Retry after 10 minutes,3,10,Failed,0.929,0.0,5197.06,
att_12086,pay_104756,Smart gateway retry,2,15,Recovered,0.683,1084.67,0.0,2026-05-10 10:37:00
att_12087,pay_102736,UPI payment link,1,15,Failed,0.407,0.0,714.91,
att_12088,pay_104657,Smart gateway retry,1,15,Recovered,0.942,8024.12,0.0,2026-05-10 21:12:00
att_12089,pay_104976,Alternate payment method,3,15,Recovered,0.409,374.21,0.0,2026-05-11 03:16:00
att_12090,pay_101630,Retry after 10 minutes,1,10,Failed,0.759,0.0,1031.72,
att_12091,pay_100977,Alternate payment method,2,15,Failed,0.387,0.0,4152.1,
att_12092,pay_100707,Retry after 10 minutes,1,10,Failed,0.889,0.0,761.98,
att_12093,pay_100921,Retry after 10 minutes,0,10,Recovered,0.777,3010.54,0.0,2026-05-10 22:16:00
att_12094,pay_104720,OTP reminder,1,15,Failed,0.749,0.0,344.67,
att_12095,pay_101454,Email reminder,2,15,Failed,0.45,0.0,2572.0,
att_12096,pay_103234,Smart gateway retry,1,15,Failed,0.881,0.0,923.8,
att_12097,pay_104185,Retry after 10 minutes,3,10,Recovered,0.78,1874.18,0.0,2026-05-11 02:44:00
att_12098,pay_103925,Alternate payment method,3,15,Failed,0.204,0.0,3127.11,
att_12099,pay_100287,Smart gateway retry,2,15,Recovered,0.927,647.6,0.0,2026-05-11 15:50:00
att_12100,pay_104891,OTP reminder,2,15,Recovered,0.805,3055.28,0.0,2026-05-11 13:19:00
att_12101,pay_101758,Alternate payment method,2,15,Failed,0.325,0.0,3940.19,
att_12102,pay_103235,Retry after 10 minutes,1,10,Failed,0.882,0.0,1334.6,
att_12103,pay_100569,Email reminder,3,15,Failed,0.446,0.0,1256.98,
att_12104,pay_102198,Retry after 10 minutes,2,10,Failed,0.794,0.0,5887.19,
att_12105,pay_104766,UPI payment link,0,15,Pending,0.336,0.0,654.09,
att_12106,pay_101727,Email reminder,1,15,Recovered,0.542,4647.59,0.0,2026-05-11 22:01:00
att_12107,pay_103683,UPI payment link,3,15,Failed,0.347,0.0,18890.72,
att_12108,pay_102302,Retry after 10 minutes,2,10,Failed,0.787,0.0,8865.3,
att_12109,pay_101543,Retry after 10 minutes,1,10,Failed,0.806,0.0,5667.45,
att_12110,pay_103593,Alternate payment method,2,15,Failed,0.52,0.0,2275.6,
att_12111,pay_100115,UPI payment link,0,15,Pending,0.417,0.0,429.81,
att_12112,pay_102891,Retry after 10 minutes,1,10,Recovered,0.684,4582.82,0.0,2026-05-11 08:29:00
att_12113,pay_102856,Retry after 10 minutes,0,10,Pending,0.791,0.0,3342.17,
att_12114,pay_103143,Alternate payment method,1,15,Failed,0.536,0.0,1428.1,
att_12115,pay_102579,Smart gateway retry,0,15,Pending,0.672,0.0,1192.47,
att_12116,pay_102646,Smart gateway retry,3,15,Recovered,0.873,632.37,0.0,2026-05-11 18:47:00
att_12117,pay_104677,OTP reminder,3,15,Failed,0.643,0.0,844.44,
att_12118,pay_103890,Alternate payment method,0,15,Pending,0.208,0.0,373.92,
att_12119,pay_102797,OTP reminder,2,15,Recovered,0.517,8069.18,0.0,2026-05-11 17:27:00
att_12120,pay_100436,Smart gateway retry,1,15,Failed,0.822,0.0,868.5,
att_12121,pay_101671,Alternate payment method,0,15,Pending,0.245,0.0,19441.09,
att_12122,pay_101188,Alternate payment method,2,15,Failed,0.353,0.0,352.4,
att_12123,pay_102401,Alternate payment method,0,15,Pending,0.329,0.0,6219.01,
att_12124,pay_104351,UPI payment link,0,15,Pending,0.444,0.0,2458.12,
att_12125,pay_100979,Smart gateway retry,0,15,Recovered,0.866,3063.34,0.0,2026-05-11 21:34:00
att_12126,pay_101028,Smart gateway retry,2,15,Failed,0.708,0.0,3842.36,
att_12127,pay_100130,UPI payment link,2,15,Recovered,0.468,15712.77,0.0,2026-05-12 11:33:00
att_12128,pay_102655,Smart gateway retry,2,15,Failed,0.777,0.0,765.22,
att_12129,pay_100125,Email reminder,0,15,Pending,0.339,0.0,9018.75,
att_12130,pay_100705,Smart gateway retry,0,15,Recovered,0.741,2863.68,0.0,2026-05-12 15:34:00
att_12131,pay_103258,Smart gateway retry,2,15,Recovered,0.788,2774.36,0.0,2026-05-12 07:30:00
att_12132,pay_102687,Email reminder,1,15,Recovered,0.405,959.55,0.0,2026-05-12 06:14:00
att_12133,pay_104194,UPI payment link,0,15,Recovered,0.469,1171.96,0.0,2026-05-12 20:15:00
att_12134,pay_100078,Retry after 10 minutes,3,10,Recovered,0.828,5965.26,0.0,2026-05-12 02:08:00
att_12135,pay_102435,UPI payment link,1,15,Failed,0.38,0.0,3781.95,
att_12136,pay_104383,Alternate payment method,0,15,Pending,0.383,0.0,3019.35,
att_12137,pay_103447,Alternate payment method,0,15,Recovered,0.412,875.85,0.0,2026-05-12 14:43:00
att_12138,pay_103032,Retry after 10 minutes,0,10,Pending,0.92,0.0,5850.14,
att_12139,pay_104162,Retry after 10 minutes,3,10,Recovered,0.843,4522.84,0.0,2026-05-12 13:27:00
att_12140,pay_102882,UPI payment link,3,15,Failed,0.369,0.0,1099.23,
att_12141,pay_102633,UPI payment link,1,15,Failed,0.333,0.0,1216.53,
att_12142,pay_102603,OTP reminder,1,15,Recovered,0.675,1150.53,0.0,2026-05-13 04:59:00
att_12143,pay_101433,UPI payment link,0,15,Pending,0.237,0.0,1847.95,
att_12144,pay_104529,Smart gateway retry,1,15,Failed,0.862,0.0,1222.01,
att_12145,pay_102061,UPI payment link,3,15,Failed,0.341,0.0,1132.61,
att_12146,pay_103214,Alternate payment method,1,15,Recovered,0.281,8784.74,0.0,2026-05-12 13:31:00
att_12147,pay_101411,Smart gateway retry,0,15,Pending,0.954,0.0,1252.94,
att_12148,pay_102425,Smart gateway retry,2,15,Failed,0.767,0.0,6081.45,
att_12149,pay_104786,UPI payment link,0,15,Recovered,0.48,4564.93,0.0,2026-05-12 14:08:00
att_12150,pay_103759,Smart gateway retry,3,15,Failed,0.827,0.0,3915.09,
att_12151,pay_101386,Smart gateway retry,1,15,Recovered,0.685,13170.7,0.0,2026-05-13 16:50:00
att_12152,pay_104614,Email reminder,2,15,Failed,0.332,0.0,313.57,
att_12153,pay_103842,Alternate payment method,1,15,Failed,0.289,0.0,508.78,
att_12154,pay_103610,Email reminder,2,15,Recovered,0.54,1620.88,0.0,2026-05-13 04:25:00
att_12155,pay_100133,UPI payment link,1,15,Failed,0.162,0.0,958.5,
att_12156,pay_101974,Smart gateway retry,1,15,Failed,0.747,0.0,3087.71,
att_12157,pay_104370,Retry after 10 minutes,2,10,Recovered,0.844,8421.43,0.0,2026-05-13 04:37:00
att_12158,pay_101002,Smart gateway retry,2,15,Recovered,0.597,791.13,0.0,2026-05-13 17:49:00
att_12159,pay_103660,Email reminder,1,15,Recovered,0.578,1133.12,0.0,2026-05-13 15:52:00
att_12160,pay_100157,Smart gateway retry,1,15,Recovered,0.791,1088.08,0.0,2026-05-13 17:14:00
att_12161,pay_103175,Email reminder,3,15,Failed,0.401,0.0,1731.82,
att_12162,pay_101564,OTP reminder,3,15,Recovered,0.664,5841.55,0.0,2026-05-13 17:57:00
att_12163,pay_104553,Retry after 10 minutes,1,10,Recovered,0.756,1021.1,0.0,2026-05-14 01:57:00
att_12164,pay_101128,Alternate payment method,2,15,Recovered,0.225,1623.44,0.0,2026-05-14 11:19:00
att_12165,pay_101083,Smart gateway retry,3,15,Failed,0.741,0.0,8735.08,
att_12166,pay_104813,UPI payment link,0,15,Pending,0.251,0.0,487.22,
att_12167,pay_102030,Smart gateway retry,3,15,Recovered,0.815,2899.93,0.0,2026-05-14 03:07:00
att_12168,pay_104676,Retry after 10 minutes,0,10,Recovered,0.872,5413.9,0.0,2026-05-14 00:08:00
att_12169,pay_100112,UPI payment link,1,15,Recovered,0.494,1851.17,0.0,2026-05-13 23:27:00
att_12170,pay_101257,Email reminder,0,15,Pending,0.366,0.0,667.43,
att_12171,pay_104799,Retry after 10 minutes,3,10,Recovered,0.905,2171.75,0.0,2026-05-13 22:49:00
att_12172,pay_100455,OTP reminder,1,15,Failed,0.578,0.0,5992.13,
att_12173,pay_100754,Alternate payment method,2,15,Recovered,0.281,3667.69,0.0,2026-05-14 01:03:00
att_12174,pay_100329,Smart gateway retry,1,15,Failed,0.781,0.0,2046.35,
att_12175,pay_104922,Alternate payment method,3,15,Recovered,0.273,3061.75,0.0,2026-05-14 13:41:00
att_12176,pay_101364,OTP reminder,1,15,Failed,0.587,0.0,10274.1,
att_12177,pay_101937,Retry after 10 minutes,0,10,Pending,0.843,0.0,1642.52,
att_12178,pay_100033,UPI payment link,0,15,Pending,0.274,0.0,1165.89,
att_12179,pay_102585,Alternate payment method,3,15,Recovered,0.212,5245.01,0.0,2026-05-14 06:10:00
att_12180,pay_103597,Alternate payment method,0,15,Recovered,0.488,2911.01,0.0,2026-05-14 03:35:00
att_12181,pay_103785,OTP reminder,3,15,Recovered,0.66,920.63,0.0,2026-05-14 05:19:00
att_12182,pay_100307,UPI payment link,2,15,Failed,0.444,0.0,1929.6,
att_12183,pay_100131,OTP reminder,0,15,Pending,0.639,0.0,2241.42,
att_12184,pay_101663,Alternate payment method,1,15,Failed,0.343,0.0,3318.42,
att_12185,pay_101624,Email reminder,2,15,Failed,0.426,0.0,2343.95,
att_12186,pay_104196,Smart gateway retry,2,15,Recovered,0.809,963.14,0.0,2026-05-14 21:52:00
att_12187,pay_101221,UPI payment link,1,15,Failed,0.452,0.0,1484.01,
att_12188,pay_100654,Alternate payment method,0,15,Recovered,0.287,3328.75,0.0,2026-05-14 18:46:00
att_12189,pay_102334,Alternate payment method,0,15,Pending,0.228,0.0,8480.45,
att_12190,pay_100761,Smart gateway retry,0,15,Pending,0.752,0.0,14157.13,
att_12191,pay_101839,Email reminder,2,15,Failed,0.498,0.0,4116.92,
att_12192,pay_101996,UPI payment link,0,15,Pending,0.556,0.0,3403.23,
att_12193,pay_104993,Retry after 10 minutes,3,10,Recovered,0.847,6655.11,0.0,2026-05-14 06:13:00
att_12194,pay_102251,Smart gateway retry,0,15,Pending,0.641,0.0,1088.18,
att_12195,pay_103145,Retry after 10 minutes,2,10,Recovered,0.649,2304.83,0.0,2026-05-14 20:32:00
att_12196,pay_101496,Alternate payment method,2,15,Recovered,0.295,10109.21,0.0,2026-05-15 06:43:00
att_12197,pay_104352,Alternate payment method,2,15,Failed,0.423,0.0,8887.75,
att_12198,pay_104448,Smart gateway retry,2,15,Failed,0.861,0.0,5281.95,
att_12199,pay_102403,OTP reminder,1,15,Failed,0.617,0.0,1761.29,
att_12200,pay_103065,Alternate payment method,2,15,Failed,0.376,0.0,2013.88,
att_12201,pay_103913,UPI payment link,1,15,Failed,0.477,0.0,2231.45,
att_12202,pay_101322,OTP reminder,0,15,Pending,0.66,0.0,3471.8,
att_12203,pay_103827,Alternate payment method,3,15,Recovered,0.279,3335.2,0.0,2026-05-15 02:55:00
att_12204,pay_100991,Smart gateway retry,1,15,Recovered,0.807,5173.28,0.0,2026-05-15 10:57:00
att_12205,pay_104707,Alternate payment method,0,15,Pending,0.351,0.0,1540.04,
att_12206,pay_101576,Alternate payment method,3,15,Recovered,0.268,13534.27,0.0,2026-05-15 19:41:00
att_12207,pay_100878,OTP reminder,0,15,Pending,0.595,0.0,1049.34,
att_12208,pay_103822,UPI payment link,0,15,Recovered,0.294,4909.55,0.0,2026-05-15 03:22:00
att_12209,pay_104128,UPI payment link,3,15,Recovered,0.492,2810.8,0.0,2026-05-15 07:35:00
att_12210,pay_103476,Retry after 10 minutes,2,10,Recovered,0.831,1049.66,0.0,2026-05-15 03:39:00
att_12211,pay_103757,Retry after 10 minutes,3,10,Failed,0.887,0.0,7150.33,
att_12212,pay_100982,Smart gateway retry,3,15,Failed,0.584,0.0,6126.91,
att_12213,pay_104095,Email reminder,0,15,Pending,0.499,0.0,3230.5,
att_12214,pay_100228,UPI payment link,0,15,Pending,0.49,0.0,1011.28,
att_12215,pay_100330,Retry after 10 minutes,3,10,Failed,0.943,0.0,7033.43,
att_12216,pay_100056,Smart gateway retry,0,15,Pending,0.98,0.0,3607.05,
att_12217,pay_102118,Smart gateway retry,2,15,Recovered,0.719,1451.46,0.0,2026-05-15 23:17:00
att_12218,pay_102833,Alternate payment method,1,15,Failed,0.183,0.0,1865.31,
att_12219,pay_103631,OTP reminder,1,15,Failed,0.702,0.0,5144.76,
att_12220,pay_102342,Retry after 10 minutes,1,10,Failed,0.927,0.0,21665.39,
att_12221,pay_100028,OTP reminder,1,15,Failed,0.653,0.0,4410.73,
att_12222,pay_100294,Retry after 10 minutes,3,10,Recovered,0.737,2355.18,0.0,2026-05-15 12:20:00
att_12223,pay_102774,Alternate payment method,2,15,Failed,0.264,0.0,2865.79,
att_12224,pay_100806,OTP reminder,1,15,Failed,0.639,0.0,1290.03,
att_12225,pay_103940,Alternate payment method,0,15,Recovered,0.353,1526.34,0.0,2026-05-15 18:54:00
att_12226,pay_102153,Smart gateway retry,0,15,Pending,0.75,0.0,1261.01,
att_12227,pay_100788,Email reminder,3,15,Recovered,0.42,2661.58,0.0,2026-05-15 21:53:00
att_12228,pay_102136,Email reminder,1,15,Failed,0.418,0.0,2683.58,
att_12229,pay_104702,UPI payment link,2,15,Failed,0.34,0.0,903.96,
att_12230,pay_103860,Retry after 10 minutes,2,10,Recovered,0.943,16260.23,0.0,2026-05-16 05:44:00
att_12231,pay_102835,UPI payment link,3,15,Failed,0.353,0.0,4521.82,
att_12232,pay_104486,Smart gateway retry,2,15,Recovered,0.774,5932.44,0.0,2026-05-16 08:41:00
att_12233,pay_100916,Smart gateway retry,3,15,Recovered,0.912,2383.07,0.0,2026-05-16 04:16:00
att_12234,pay_100304,OTP reminder,1,15,Failed,0.724,0.0,948.28,
att_12235,pay_101847,Retry after 10 minutes,1,10,Recovered,0.917,3311.2,0.0,2026-05-16 09:59:00
att_12236,pay_100288,Smart gateway retry,0,15,Pending,0.763,0.0,2817.44,
att_12237,pay_103978,Retry after 10 minutes,1,10,Recovered,0.952,1449.46,0.0,2026-05-16 10:29:00
att_12238,pay_104022,Alternate payment method,3,15,Failed,0.353,0.0,3628.17,
att_12239,pay_102117,Email reminder,0,15,Pending,0.521,0.0,1324.15,
att_12240,pay_104030,Alternate payment method,0,15,Pending,0.212,0.0,332.65,
att_12241,pay_103340,OTP reminder,1,15,Failed,0.502,0.0,1673.94,
att_12242,pay_100926,Alternate payment method,0,15,Pending,0.313,0.0,12753.88,
att_12243,pay_102820,UPI payment link,0,15,Pending,0.392,0.0,4947.31,
att_12244,pay_101379,Email reminder,2,15,Failed,0.436,0.0,2058.48,
att_12245,pay_102923,OTP reminder,1,15,Failed,0.642,0.0,6067.01,
att_12246,pay_103636,UPI payment link,1,15,Failed,0.374,0.0,320.48,
att_12247,pay_101258,Retry after 10 minutes,2,10,Recovered,0.756,1582.23,0.0,2026-05-17 00:52:00
att_12248,pay_100538,Alternate payment method,0,15,Pending,0.456,0.0,622.93,
att_12249,pay_100876,Smart gateway retry,3,15,Failed,0.721,0.0,1661.85,
att_12250,pay_104820,OTP reminder,1,15,Recovered,0.508,4584.13,0.0,2026-05-17 09:40:00
att_12251,pay_104887,Smart gateway retry,3,15,Recovered,0.716,16037.21,0.0,2026-05-16 22:15:00
att_12252,pay_101139,Email reminder,1,15,Failed,0.23,0.0,2751.42,
att_12253,pay_102138,Smart gateway retry,2,15,Failed,0.903,0.0,2784.74,
att_12254,pay_103110,UPI payment link,2,15,Failed,0.39,0.0,985.1,
att_12255,pay_102335,UPI payment link,3,15,Failed,0.273,0.0,1735.12,
att_12256,pay_103298,Alternate payment method,3,15,Failed,0.34,0.0,2571.18,
att_12257,pay_103678,Retry after 10 minutes,3,10,Recovered,0.974,11856.76,0.0,2026-05-17 12:37:00
att_12258,pay_103466,Alternate payment method,3,15,Failed,0.31,0.0,1068.47,
att_12259,pay_102350,Retry after 10 minutes,3,10,Recovered,0.807,687.66,0.0,2026-05-17 00:14:00
att_12260,pay_104522,Smart gateway retry,2,15,Failed,0.707,0.0,1427.28,
att_12261,pay_104911,UPI payment link,2,15,Recovered,0.397,4068.29,0.0,2026-05-16 23:07:00
att_12262,pay_100930,Smart gateway retry,1,15,Failed,0.98,0.0,2827.05,
att_12263,pay_103344,Retry after 10 minutes,1,10,Recovered,0.768,1299.27,0.0,2026-05-17 09:33:00
att_12264,pay_104827,UPI payment link,0,15,Pending,0.203,0.0,861.04,
att_12265,pay_102895,UPI payment link,3,15,Failed,0.451,0.0,1985.39,
att_12266,pay_104479,UPI payment link,0,15,Pending,0.388,0.0,2160.87,
att_12267,pay_102665,Smart gateway retry,0,15,Pending,0.814,0.0,16616.21,
att_12268,pay_101921,UPI payment link,3,15,Recovered,0.403,6266.09,0.0,2026-05-17 22:47:00
att_12269,pay_100560,Email reminder,0,15,Pending,0.561,0.0,2676.66,
att_12270,pay_104096,Smart gateway retry,2,15,Failed,0.731,0.0,1391.43,
att_12271,pay_101635,Retry after 10 minutes,1,10,Failed,0.82,0.0,1362.96,
att_12272,pay_100605,Alternate payment method,2,15,Failed,0.172,0.0,1196.48,
att_12273,pay_100647,Smart gateway retry,0,15,Pending,0.782,0.0,1013.4,
att_12274,pay_101900,Retry after 10 minutes,3,10,Failed,0.806,0.0,3369.15,
att_12275,pay_102793,Alternate payment method,1,15,Recovered,0.371,2421.86,0.0,2026-05-17 14:57:00
att_12276,pay_102765,OTP reminder,1,15,Failed,0.522,0.0,2182.03,
att_12277,pay_104818,UPI payment link,2,15,Failed,0.3,0.0,907.67,
att_12278,pay_101340,Smart gateway retry,0,15,Pending,0.812,0.0,4820.74,
att_12279,pay_102309,OTP reminder,1,15,Failed,0.533,0.0,3815.72,
att_12280,pay_101724,UPI payment link,1,15,Failed,0.308,0.0,6414.2,
att_12281,pay_104501,Alternate payment method,2,15,Recovered,0.304,6659.81,0.0,2026-05-18 00:17:00
att_12282,pay_101334,Smart gateway retry,1,15,Recovered,0.772,903.13,0.0,2026-05-17 16:38:00
att_12283,pay_101552,Email reminder,3,15,Failed,0.49,0.0,5486.91,
att_12284,pay_100350,Smart gateway retry,2,15,Recovered,0.767,1055.9,0.0,2026-05-18 04:35:00
att_12285,pay_104223,Smart gateway retry,2,15,Failed,0.943,0.0,2107.34,
att_12286,pay_101668,Retry after 10 minutes,3,10,Failed,0.807,0.0,2584.72,
att_12287,pay_100655,Alternate payment method,3,15,Failed,0.281,0.0,1306.33,
att_12288,pay_102606,Retry after 10 minutes,2,10,Recovered,0.796,3046.3,0.0,2026-05-18 02:28:00
att_12289,pay_103016,Retry after 10 minutes,2,10,Recovered,0.941,2621.57,0.0,2026-05-18 15:55:00
att_12290,pay_103896,Email reminder,3,15,Recovered,0.353,4291.76,0.0,2026-05-17 22:15:00
att_12291,pay_100746,Retry after 10 minutes,3,10,Recovered,0.836,6921.67,0.0,2026-05-17 20:55:00
att_12292,pay_103776,Retry after 10 minutes,2,10,Failed,0.814,0.0,1229.55,
att_12293,pay_102592,Retry after 10 minutes,2,10,Recovered,0.856,989.09,0.0,2026-05-18 15:52:00
att_12294,pay_101957,Alternate payment method,3,15,Failed,0.441,0.0,4094.72,
att_12295,pay_104271,UPI payment link,0,15,Pending,0.388,0.0,1733.35,
att_12296,pay_103495,Retry after 10 minutes,2,10,Recovered,0.813,2425.05,0.0,2026-05-18 00:23:00
att_12297,pay_103477,Retry after 10 minutes,1,10,Recovered,0.886,5012.98,0.0,2026-05-18 22:18:00
att_12298,pay_102047,UPI payment link,1,15,Recovered,0.405,3958.72,0.0,2026-05-18 12:40:00
att_12299,pay_101163,Retry after 10 minutes,2,10,Failed,0.721,0.0,2253.72,
att_12300,pay_101146,Retry after 10 minutes,0,10,Recovered,0.818,2725.74,0.0,2026-05-18 11:03:00
att_12301,pay_102948,Alternate payment method,3,15,Failed,0.334,0.0,2257.59,
att_12302,pay_101990,Retry after 10 minutes,1,10,Recovered,0.833,7891.69,0.0,2026-05-18 12:40:00
att_12303,pay_102538,Smart gateway retry,0,15,Pending,0.751,0.0,8615.46,
att_12304,pay_100506,Retry after 10 minutes,3,10,Recovered,0.806,6625.23,0.0,2026-05-18 14:30:00
att_12305,pay_101901,Retry after 10 minutes,3,10,Recovered,0.678,232.57,0.0,2026-05-19 00:55:00
att_12306,pay_104151,Retry after 10 minutes,0,10,Pending,0.772,0.0,3290.26,
att_12307,pay_101298,OTP reminder,0,15,Pending,0.617,0.0,14838.51,
att_12308,pay_100487,Retry after 10 minutes,3,10,Recovered,0.789,2120.66,0.0,2026-05-18 04:46:00
att_12309,pay_104057,Retry after 10 minutes,0,10,Pending,0.98,0.0,2075.97,
att_12310,pay_102410,Alternate payment method,3,15,Failed,0.497,0.0,4855.55,
att_12311,pay_101500,UPI payment link,0,15,Pending,0.276,0.0,8047.96,
att_12312,pay_101919,Email reminder,0,15,Pending,0.462,0.0,5037.74,
att_12313,pay_100994,UPI payment link,1,15,Recovered,0.41,4816.18,0.0,2026-05-18 07:28:00
att_12314,pay_101391,Smart gateway retry,1,15,Recovered,0.959,5619.31,0.0,2026-05-18 20:36:00
att_12315,pay_103043,Smart gateway retry,1,15,Recovered,0.754,495.51,0.0,2026-05-19 02:57:00
att_12316,pay_101956,Alternate payment method,0,15,Pending,0.36,0.0,2201.6,
att_12317,pay_103737,UPI payment link,3,15,Failed,0.428,0.0,1290.45,
att_12318,pay_103645,UPI payment link,1,15,Failed,0.256,0.0,3127.23,
att_12319,pay_103538,Smart gateway retry,2,15,Failed,0.679,0.0,2404.34,
att_12320,pay_104835,OTP reminder,1,15,Failed,0.501,0.0,906.95,
att_12321,pay_103772,UPI payment link,3,15,Failed,0.429,0.0,10333.12,
att_12322,pay_103359,UPI payment link,2,15,Failed,0.386,0.0,3210.37,
att_12323,pay_104919,Retry after 10 minutes,1,10,Failed,0.694,0.0,13258.13,
att_12324,pay_103727,Retry after 10 minutes,3,10,Recovered,0.851,2451.47,0.0,2026-05-19 16:49:00
att_12325,pay_104218,Retry after 10 minutes,0,10,Pending,0.871,0.0,5422.0,
att_12326,pay_104812,Email reminder,1,15,Failed,0.441,0.0,3452.04,
att_12327,pay_100010,Alternate payment method,3,15,Failed,0.263,0.0,753.3,
att_12328,pay_104369,OTP reminder,3,15,Failed,0.712,0.0,2732.67,
att_12329,pay_103264,Retry after 10 minutes,1,10,Failed,0.785,0.0,855.52,
att_12330,pay_100996,Email reminder,2,15,Failed,0.488,0.0,3929.41,
att_12331,pay_102608,Alternate payment method,2,15,Recovered,0.512,5996.26,0.0,2026-05-19 07:09:00
att_12332,pay_102517,Alternate payment method,2,15,Failed,0.141,0.0,5356.85,
att_12333,pay_101194,UPI payment link,1,15,Failed,0.281,0.0,2344.25,
att_12334,pay_102028,Smart gateway retry,0,15,Pending,0.784,0.0,1605.41,
att_12335,pay_101664,Retry after 10 minutes,2,10,Recovered,0.895,886.74,0.0,2026-05-19 08:11:00
att_12336,pay_102488,OTP reminder,0,15,Recovered,0.645,1555.82,0.0,2026-05-19 11:56:00
att_12337,pay_101073,Smart gateway retry,0,15,Recovered,0.714,920.57,0.0,2026-05-19 11:47:00
att_12338,pay_103468,Smart gateway retry,2,15,Failed,0.87,0.0,2985.86,
att_12339,pay_104548,Smart gateway retry,1,15,Failed,0.767,0.0,5404.97,
att_12340,pay_101310,Email reminder,1,15,Recovered,0.599,21146.34,0.0,2026-05-20 00:41:00
att_12341,pay_103936,OTP reminder,1,15,Recovered,0.654,2369.37,0.0,2026-05-19 18:58:00
att_12342,pay_101858,UPI payment link,0,15,Pending,0.438,0.0,2489.17,
att_12343,pay_100577,OTP reminder,0,15,Pending,0.468,0.0,7341.39,
att_12344,pay_100678,Alternate payment method,0,15,Pending,0.459,0.0,2138.83,
att_12345,pay_103336,Smart gateway retry,3,15,Recovered,0.816,1574.58,0.0,2026-05-20 02:57:00
att_12346,pay_103391,Retry after 10 minutes,1,10,Failed,0.906,0.0,3775.63,
att_12347,pay_100711,Alternate payment method,3,15,Failed,0.225,0.0,3686.98,
att_12348,pay_100892,Retry after 10 minutes,1,10,Failed,0.856,0.0,2351.91,
att_12349,pay_102731,Smart gateway retry,2,15,Failed,0.624,0.0,4804.0,
att_12350,pay_104991,OTP reminder,1,15,Failed,0.581,0.0,5101.37,
att_12351,pay_101799,UPI payment link,1,15,Failed,0.385,0.0,3293.37,
att_12352,pay_103866,OTP reminder,1,15,Recovered,0.592,1097.7,0.0,2026-05-20 12:35:00
att_12353,pay_102776,OTP reminder,2,15,Recovered,0.676,397.04,0.0,2026-05-20 07:31:00
att_12354,pay_103551,Smart gateway retry,2,15,Failed,0.822,0.0,483.3,
att_12355,pay_104511,OTP reminder,2,15,Failed,0.656,0.0,12493.69,
att_12356,pay_104031,UPI payment link,2,15,Failed,0.715,0.0,2230.79,
att_12357,pay_102431,Smart gateway retry,1,15,Recovered,0.72,1909.48,0.0,2026-05-19 18:04:00
att_12358,pay_104613,UPI payment link,2,15,Recovered,0.399,3267.72,0.0,2026-05-19 20:57:00
att_12359,pay_104739,UPI payment link,3,15,Failed,0.313,0.0,7304.96,
att_12360,pay_102476,OTP reminder,1,15,Failed,0.431,0.0,3054.32,
att_12361,pay_100448,Smart gateway retry,0,15,Pending,0.567,0.0,2537.45,
att_12362,pay_103956,UPI payment link,2,15,Recovered,0.23,2801.71,0.0,2026-05-20 13:16:00
att_12363,pay_101848,UPI payment link,0,15,Recovered,0.515,2789.74,0.0,2026-05-19 22:57:00
att_12364,pay_100295,UPI payment link,1,15,Failed,0.332,0.0,1068.59,
att_12365,pay_100700,Email reminder,0,15,Pending,0.449,0.0,4549.12,
att_12366,pay_102713,UPI payment link,2,15,Failed,0.244,0.0,777.35,
att_12367,pay_101685,Email reminder,1,15,Failed,0.538,0.0,5399.42,
att_12368,pay_101009,Smart gateway retry,3,15,Recovered,0.895,1439.47,0.0,2026-05-20 00:42:00
att_12369,pay_103999,Alternate payment method,0,15,Pending,0.525,0.0,5012.89,
att_12370,pay_104947,Alternate payment method,0,15,Pending,0.29,0.0,9185.6,
att_12371,pay_102949,Smart gateway retry,3,15,Recovered,0.749,6441.72,0.0,2026-05-20 21:11:00
att_12372,pay_102132,Alternate payment method,2,15,Failed,0.546,0.0,2392.42,
att_12373,pay_104310,OTP reminder,2,15,Failed,0.628,0.0,9868.21,
att_12374,pay_101014,Smart gateway retry,1,15,Failed,0.818,0.0,1845.39,
att_12375,pay_104221,OTP reminder,3,15,Failed,0.6,0.0,1483.77,
att_12376,pay_100365,Smart gateway retry,0,15,Recovered,0.65,1508.08,0.0,2026-05-20 18:28:00
att_12377,pay_103808,Retry after 10 minutes,1,10,Failed,0.896,0.0,758.88,
att_12378,pay_103243,OTP reminder,2,15,Failed,0.624,0.0,2955.53,
att_12379,pay_103900,Retry after 10 minutes,0,10,Recovered,0.832,1396.02,0.0,2026-05-20 10:41:00
att_12380,pay_100716,UPI payment link,3,15,Failed,0.396,0.0,6617.04,
att_12381,pay_101915,Retry after 10 minutes,1,10,Failed,0.773,0.0,3477.07,
att_12382,pay_101164,Retry after 10 minutes,2,10,Recovered,0.786,1669.85,0.0,2026-05-21 02:57:00
att_12383,pay_104684,Alternate payment method,2,15,Failed,0.167,0.0,4934.8,
att_12384,pay_101719,Alternate payment method,1,15,Failed,0.324,0.0,4073.3,
att_12385,pay_102263,Smart gateway retry,2,15,Failed,0.736,0.0,726.17,
att_12386,pay_103420,Retry after 10 minutes,1,10,Failed,0.896,0.0,468.3,
att_12387,pay_100548,OTP reminder,0,15,Recovered,0.496,2603.59,0.0,2026-05-21 11:25:00
att_12388,pay_101459,Retry after 10 minutes,0,10,Pending,0.935,0.0,990.84,
att_12389,pay_102875,Smart gateway retry,0,15,Pending,0.805,0.0,5609.57,
att_12390,pay_103653,OTP reminder,0,15,Pending,0.657,0.0,2894.44,
att_12391,pay_100802,Email reminder,2,15,Failed,0.481,0.0,2965.09,
att_12392,pay_101582,Email reminder,0,15,Pending,0.358,0.0,2005.82,
att_12393,pay_104063,Retry after 10 minutes,3,10,Recovered,0.708,1683.03,0.0,2026-05-21 18:04:00
att_12394,pay_100343,UPI payment link,1,15,Failed,0.457,0.0,5413.65,
att_12395,pay_101206,Retry after 10 minutes,1,10,Failed,0.685,0.0,1189.75,
att_12396,pay_101295,OTP reminder,0,15,Pending,0.714,0.0,980.62,
att_12397,pay_103656,OTP reminder,1,15,Failed,0.54,0.0,16741.12,
att_12398,pay_101679,Alternate payment method,0,15,Recovered,0.332,2967.62,0.0,2026-05-21 23:45:00
att_12399,pay_100607,UPI payment link,3,15,Failed,0.526,0.0,7502.47,
att_12400,pay_102810,Smart gateway retry,1,15,Recovered,0.719,2630.65,0.0,2026-05-21 05:30:00
att_12401,pay_100016,Alternate payment method,3,15,Failed,0.413,0.0,900.86,
att_12402,pay_103310,Retry after 10 minutes,1,10,Failed,0.869,0.0,9490.57,
att_12403,pay_103664,Retry after 10 minutes,0,10,Pending,0.971,0.0,1106.97,
att_12404,pay_101441,OTP reminder,3,15,Failed,0.711,0.0,2390.62,
att_12405,pay_100999,UPI payment link,0,15,Pending,0.354,0.0,8548.31,
att_12406,pay_102958,UPI payment link,3,15,Recovered,0.46,3915.11,0.0,2026-05-21 21:37:00
att_12407,pay_104108,OTP reminder,3,15,Failed,0.593,0.0,1373.08,
att_12408,pay_104395,Alternate payment method,1,15,Failed,0.311,0.0,3208.49,
att_12409,pay_102742,Email reminder,3,15,Recovered,0.542,3590.2,0.0,2026-05-22 05:25:00
att_12410,pay_103994,Email reminder,0,15,Pending,0.54,0.0,1894.17,
att_12411,pay_102312,OTP reminder,1,15,Recovered,0.664,1490.17,0.0,2026-05-22 01:05:00
att_12412,pay_103939,UPI payment link,2,15,Recovered,0.475,2040.06,0.0,2026-05-22 13:54:00
att_12413,pay_100896,Alternate payment method,1,15,Failed,0.245,0.0,3380.41,
att_12414,pay_103902,UPI payment link,1,15,Recovered,0.421,2757.75,0.0,2026-05-22 09:24:00
att_12415,pay_102065,Alternate payment method,0,15,Pending,0.514,0.0,1514.07,
att_12416,pay_104394,Alternate payment method,0,15,Recovered,0.372,6080.03,0.0,2026-05-22 19:10:00
att_12417,pay_100939,UPI payment link,1,15,Failed,0.318,0.0,4798.45,
att_12418,pay_100444,Retry after 10 minutes,3,10,Recovered,0.788,6337.34,0.0,2026-05-22 11:15:00
att_12419,pay_102951,Smart gateway retry,1,15,Failed,0.724,0.0,4119.76,
att_12420,pay_101489,Email reminder,3,15,Failed,0.34,0.0,2158.06,
att_12421,pay_101050,Alternate payment method,1,15,Recovered,0.445,574.01,0.0,2026-05-22 22:23:00
att_12422,pay_101240,Retry after 10 minutes,0,10,Recovered,0.766,2042.33,0.0,2026-05-22 17:35:00
att_12423,pay_104535,UPI payment link,0,15,Pending,0.303,0.0,722.38,
att_12424,pay_102900,Retry after 10 minutes,3,10,Failed,0.892,0.0,2613.66,
att_12425,pay_101617,Alternate payment method,3,15,Failed,0.448,0.0,1248.49,
att_12426,pay_104168,Retry after 10 minutes,3,10,Recovered,0.963,2193.66,0.0,2026-05-22 14:32:00
att_12427,pay_101216,UPI payment link,2,15,Failed,0.293,0.0,8518.95,
att_12428,pay_104172,Alternate payment method,3,15,Failed,0.257,0.0,1339.8,
att_12429,pay_100419,Email reminder,2,15,Failed,0.436,0.0,2231.37,
att_12430,pay_102714,OTP reminder,0,15,Recovered,0.686,7295.22,0.0,2026-05-22 15:55:00
att_12431,pay_102250,Alternate payment method,2,15,Failed,0.143,0.0,2871.2,
att_12432,pay_100114,OTP reminder,2,15,Failed,0.632,0.0,12583.14,
att_12433,pay_103011,Retry after 10 minutes,3,10,Failed,0.693,0.0,4258.45,
att_12434,pay_103761,UPI payment link,0,15,Pending,0.32,0.0,7145.61,
att_12435,pay_102684,Alternate payment method,3,15,Failed,0.518,0.0,4791.13,
att_12436,pay_104961,UPI payment link,2,15,Failed,0.392,0.0,15784.77,
att_12437,pay_103375,Alternate payment method,3,15,Failed,0.372,0.0,809.48,
att_12438,pay_103376,Smart gateway retry,3,15,Failed,0.772,0.0,3359.78,
att_12439,pay_100158,UPI payment link,1,15,Failed,0.281,0.0,923.72,
att_12440,pay_100628,OTP reminder,1,15,Recovered,0.697,2441.77,0.0,2026-05-22 17:07:00
att_12441,pay_101151,Email reminder,0,15,Pending,0.33,0.0,12174.61,
att_12442,pay_104139,Smart gateway retry,0,15,Pending,0.749,0.0,2262.06,
att_12443,pay_100555,OTP reminder,1,15,Failed,0.656,0.0,671.67,
att_12444,pay_100875,UPI payment link,3,15,Failed,0.519,0.0,4093.26,
att_12445,pay_102349,OTP reminder,3,15,Failed,0.718,0.0,589.66,
att_12446,pay_101766,UPI payment link,2,15,Failed,0.414,0.0,183.66,
att_12447,pay_104269,Alternate payment method,1,15,Failed,0.321,0.0,822.84,
att_12448,pay_103128,UPI payment link,0,15,Pending,0.329,0.0,1455.24,
att_12449,pay_104125,UPI payment link,1,15,Failed,0.405,0.0,1504.65,
att_12450,pay_104796,UPI payment link,3,15,Failed,0.431,0.0,2962.15,
att_12451,pay_101007,Email reminder,2,15,Failed,0.211,0.0,2774.31,
att_12452,pay_100666,Email reminder,1,15,Failed,0.396,0.0,5075.45,
att_12453,pay_101378,Alternate payment method,3,15,Failed,0.316,0.0,2741.37,
att_12454,pay_103373,Alternate payment method,0,15,Pending,0.388,0.0,794.75,
att_12455,pay_101736,Retry after 10 minutes,0,10,Pending,0.851,0.0,2957.29,
att_12456,pay_101090,Smart gateway retry,3,15,Recovered,0.827,2825.71,0.0,2026-05-23 12:21:00
att_12457,pay_104345,Alternate payment method,2,15,Failed,0.381,0.0,1164.78,
att_12458,pay_104339,Alternate payment method,2,15,Failed,0.344,0.0,921.93,
att_12459,pay_104133,Retry after 10 minutes,0,10,Recovered,0.865,996.14,0.0,2026-05-23 10:25:00
att_12460,pay_103926,Smart gateway retry,1,15,Failed,0.647,0.0,6859.97,
att_12461,pay_101052,Smart gateway retry,2,15,Failed,0.789,0.0,1437.24,
att_12462,pay_104084,UPI payment link,2,15,Recovered,0.413,2887.91,0.0,2026-05-23 19:04:00
att_12463,pay_100179,OTP reminder,0,15,Recovered,0.649,757.83,0.0,2026-05-23 14:38:00
att_12464,pay_100405,Email reminder,1,15,Failed,0.392,0.0,4495.2,
att_12465,pay_102253,Smart gateway retry,3,15,Recovered,0.83,1958.32,0.0,2026-05-23 22:39:00
att_12466,pay_102596,Retry after 10 minutes,1,10,Failed,0.91,0.0,2245.86,
att_12467,pay_104715,Alternate payment method,2,15,Failed,0.429,0.0,571.8,
att_12468,pay_100020,Smart gateway retry,2,15,Failed,0.86,0.0,3255.67,
att_12469,pay_103705,Smart gateway retry,0,15,Pending,0.759,0.0,6027.26,
att_12470,pay_104824,Email reminder,0,15,Pending,0.32,0.0,1001.9,
att_12471,pay_100404,UPI payment link,0,15,Pending,0.328,0.0,6505.76,
att_12472,pay_103637,OTP reminder,3,15,Recovered,0.588,1952.83,0.0,2026-05-23 19:15:00
att_12473,pay_100452,Retry after 10 minutes,1,10,Failed,0.892,0.0,945.34,
att_12474,pay_101161,UPI payment link,3,15,Failed,0.365,0.0,14546.69,
att_12475,pay_102537,UPI payment link,0,15,Pending,0.356,0.0,622.3,
att_12476,pay_104882,Smart gateway retry,1,15,Recovered,0.95,1184.35,0.0,2026-05-24 07:04:00
att_12477,pay_104999,OTP reminder,1,15,Recovered,0.621,1352.92,0.0,2026-05-24 02:03:00
att_12478,pay_103115,Email reminder,2,15,Recovered,0.475,3304.11,0.0,2026-05-24 08:54:00
att_12479,pay_104659,Retry after 10 minutes,2,10,Recovered,0.916,1372.45,0.0,2026-05-24 10:58:00
att_12480,pay_100054,Smart gateway retry,2,15,Failed,0.866,0.0,3737.87,
att_12481,pay_102947,Alternate payment method,2,15,Failed,0.391,0.0,2580.36,
att_12482,pay_100182,Smart gateway retry,2,15,Recovered,0.804,1903.8,0.0,2026-05-25 00:10:00
att_12483,pay_104362,Smart gateway retry,0,15,Recovered,0.744,3391.77,0.0,2026-05-24 21:31:00
att_12484,pay_101355,Retry after 10 minutes,2,10,Recovered,0.88,1159.44,0.0,2026-05-24 19:42:00
att_12485,pay_102663,Alternate payment method,0,15,Pending,0.571,0.0,8404.87,
att_12486,pay_102010,Alternate payment method,3,15,Recovered,0.256,1179.95,0.0,2026-05-25 03:22:00
att_12487,pay_102641,UPI payment link,2,15,Failed,0.393,0.0,4267.04,
att_12488,pay_104637,Alternate payment method,2,15,Recovered,0.471,6621.78,0.0,2026-05-25 04:18:00
att_12489,pay_103449,Alternate payment method,3,15,Recovered,0.253,338.9,0.0,2026-05-24 11:18:00
att_12490,pay_101352,Alternate payment method,3,15,Failed,0.33,0.0,2277.01,
att_12491,pay_100184,Retry after 10 minutes,3,10,Failed,0.587,0.0,3306.68,
att_12492,pay_101813,OTP reminder,2,15,Failed,0.569,0.0,15964.28,
att_12493,pay_100202,Email reminder,0,15,Pending,0.288,0.0,3895.2,
att_12494,pay_104572,Email reminder,0,15,Recovered,0.444,1124.16,0.0,2026-05-25 10:09:00
att_12495,pay_101518,UPI payment link,0,15,Pending,0.436,0.0,7274.69,
att_12496,pay_104195,OTP reminder,3,15,Recovered,0.708,1329.56,0.0,2026-05-24 20:34:00
att_12497,pay_103139,Retry after 10 minutes,0,10,Recovered,0.964,3897.64,0.0,2026-05-24 19:50:00
att_12498,pay_102976,Retry after 10 minutes,2,10,Recovered,0.805,2552.29,0.0,2026-05-24 21:57:00
att_12499,pay_101548,UPI payment link,1,15,Failed,0.479,0.0,7098.02,
att_12500,pay_100251,Email reminder,3,15,Recovered,0.619,2853.62,0.0,2026-05-24 22:58:00
att_12501,pay_103841,Alternate payment method,2,15,Failed,0.53,0.0,3437.45,
att_12502,pay_101017,Smart gateway retry,0,15,Pending,0.831,0.0,5552.13,
att_12503,pay_102539,Email reminder,2,15,Failed,0.458,0.0,13301.11,
att_12504,pay_103659,Alternate payment method,2,15,Failed,0.26,0.0,3688.22,
att_12505,pay_101119,Smart gateway retry,3,15,Recovered,0.871,2678.25,0.0,2026-05-25 04:17:00
att_12506,pay_100562,Alternate payment method,1,15,Failed,0.273,0.0,2068.78,
att_12507,pay_100234,UPI payment link,1,15,Failed,0.439,0.0,6504.29,
att_12508,pay_104292,UPI payment link,1,15,Failed,0.32,0.0,1110.21,
att_12509,pay_100717,Smart gateway retry,1,15,Recovered,0.816,2351.3,0.0,2026-05-25 17:23:00
att_12510,pay_102738,Retry after 10 minutes,1,10,Failed,0.77,0.0,1974.02,
att_12511,pay_103140,OTP reminder,3,15,Failed,0.816,0.0,2414.78,
att_12512,pay_103708,Smart gateway retry,1,15,Recovered,0.736,3274.64,0.0,2026-05-25 10:41:00
att_12513,pay_103643,Retry after 10 minutes,0,10,Recovered,0.8,2064.02,0.0,2026-05-25 07:03:00
att_12514,pay_102297,Smart gateway retry,0,15,Recovered,0.759,811.44,0.0,2026-05-25 07:08:00
att_12515,pay_104414,Smart gateway retry,3,15,Failed,0.63,0.0,3051.86,
att_12516,pay_101476,OTP reminder,2,15,Failed,0.606,0.0,1267.95,
att_12517,pay_101917,Alternate payment method,0,15,Pending,0.289,0.0,8843.86,
att_12518,pay_100283,Retry after 10 minutes,0,10,Pending,0.776,0.0,1842.54,
att_12519,pay_101115,Retry after 10 minutes,3,10,Recovered,0.96,5313.01,0.0,2026-05-26 01:33:00
att_12520,pay_102155,UPI payment link,2,15,Failed,0.36,0.0,981.38,
att_12521,pay_103014,Retry after 10 minutes,3,10,Recovered,0.812,7026.53,0.0,2026-05-25 12:25:00
att_12522,pay_101243,UPI payment link,3,15,Failed,0.409,0.0,1903.71,
att_12523,pay_101491,Alternate payment method,3,15,Failed,0.227,0.0,410.34,
att_12524,pay_104013,Retry after 10 minutes,1,10,Recovered,0.912,2649.35,0.0,2026-05-26 09:07:00
att_12525,pay_100650,Retry after 10 minutes,1,10,Recovered,0.946,850.11,0.0,2026-05-25 13:58:00
att_12526,pay_104713,Smart gateway retry,3,15,Failed,0.829,0.0,6907.16,
att_12527,pay_104216,UPI payment link,1,15,Failed,0.344,0.0,4050.93,
att_12528,pay_100443,Alternate payment method,3,15,Failed,0.149,0.0,4684.23,
att_12529,pay_104560,Alternate payment method,0,15,Pending,0.378,0.0,901.9,
att_12530,pay_104472,Alternate payment method,0,15,Pending,0.126,0.0,16321.35,
att_12531,pay_100728,Email reminder,3,15,Recovered,0.441,479.77,0.0,2026-05-25 21:51:00
att_12532,pay_101030,Email reminder,3,15,Recovered,0.413,1419.64,0.0,2026-05-26 05:31:00
att_12533,pay_104829,Email reminder,0,15,Pending,0.302,0.0,3967.78,
att_12534,pay_100281,Alternate payment method,0,15,Pending,0.411,0.0,1656.9,
att_12535,pay_102957,Retry after 10 minutes,2,10,Recovered,0.868,1881.16,0.0,2026-05-26 22:58:00
att_12536,pay_102415,OTP reminder,1,15,Failed,0.582,0.0,1621.05,
att_12537,pay_104607,UPI payment link,1,15,Failed,0.292,0.0,2924.5,
att_12538,pay_104354,Email reminder,0,15,Pending,0.574,0.0,2390.17,
att_12539,pay_102843,OTP reminder,3,15,Recovered,0.803,4873.83,0.0,2026-05-27 11:59:00
att_12540,pay_101516,Smart gateway retry,3,15,Failed,0.652,0.0,1472.7,
att_12541,pay_101145,Retry after 10 minutes,1,10,Recovered,0.98,3861.28,0.0,2026-05-26 20:58:00
att_12542,pay_104427,Alternate payment method,3,15,Failed,0.291,0.0,4835.83,
att_12543,pay_100275,Retry after 10 minutes,2,10,Recovered,0.898,3682.38,0.0,2026-05-27 09:03:00
att_12544,pay_104894,UPI payment link,0,15,Recovered,0.417,6312.69,0.0,2026-05-26 22:18:00
att_12545,pay_103854,Retry after 10 minutes,2,10,Failed,0.888,0.0,759.63,
att_12546,pay_101931,Alternate payment method,3,15,Failed,0.445,0.0,4733.76,
att_12547,pay_102685,Smart gateway retry,1,15,Recovered,0.91,7047.18,0.0,2026-05-27 10:41:00
att_12548,pay_101807,Alternate payment method,2,15,Failed,0.44,0.0,1623.59,
att_12549,pay_103655,Retry after 10 minutes,2,10,Failed,0.738,0.0,3917.76,
att_12550,pay_104889,Retry after 10 minutes,0,10,Recovered,0.98,3380.93,0.0,2026-05-27 14:31:00
att_12551,pay_103071,Email reminder,0,15,Pending,0.563,0.0,3368.67,
att_12552,pay_103922,Alternate payment method,1,15,Failed,0.098,0.0,17350.96,
att_12553,pay_100643,Alternate payment method,3,15,Failed,0.343,0.0,2239.41,
att_12554,pay_102177,Retry after 10 minutes,1,10,Recovered,0.866,6894.84,0.0,2026-05-27 04:07:00
att_12555,pay_101507,OTP reminder,1,15,Recovered,0.774,1525.79,0.0,2026-05-27 08:38:00
att_12556,pay_103426,Retry after 10 minutes,1,10,Failed,0.707,0.0,3007.74,
att_12557,pay_104111,Retry after 10 minutes,0,10,Pending,0.695,0.0,7929.55,
att_12558,pay_101100,Retry after 10 minutes,2,10,Failed,0.73,0.0,4310.12,
att_12559,pay_103261,OTP reminder,0,15,Pending,0.662,0.0,2899.04,
att_12560,pay_100767,Retry after 10 minutes,1,10,Recovered,0.641,9051.09,0.0,2026-05-27 16:04:00
att_12561,pay_104280,Retry after 10 minutes,0,10,Pending,0.814,0.0,1372.56,
att_12562,pay_101798,Retry after 10 minutes,3,10,Recovered,0.776,852.94,0.0,2026-05-27 18:17:00
att_12563,pay_102768,Alternate payment method,3,15,Failed,0.296,0.0,7657.53,
att_12564,pay_103055,Alternate payment method,3,15,Failed,0.16,0.0,4513.85,
att_12565,pay_101794,Alternate payment method,0,15,Pending,0.236,0.0,1091.52,
att_12566,pay_100784,Alternate payment method,0,15,Pending,0.463,0.0,7387.88,
att_12567,pay_100621,Alternate payment method,1,15,Recovered,0.28,2939.15,0.0,2026-05-28 09:17:00
att_12568,pay_102959,Email reminder,0,15,Pending,0.331,0.0,20499.77,
att_12569,pay_104725,UPI payment link,0,15,Pending,0.392,0.0,3931.59,
att_12570,pay_104452,UPI payment link,1,15,Recovered,0.371,929.12,0.0,2026-05-28 10:26:00
att_12571,pay_103970,Email reminder,0,15,Pending,0.508,0.0,1206.41,
att_12572,pay_101201,Retry after 10 minutes,3,10,Recovered,0.767,4213.71,0.0,2026-05-27 16:53:00
att_12573,pay_103845,Alternate payment method,3,15,Failed,0.421,0.0,4406.55,
att_12574,pay_100972,Alternate payment method,0,15,Pending,0.3,0.0,1426.07,
att_12575,pay_103137,Retry after 10 minutes,2,10,Recovered,0.9,736.22,0.0,2026-05-28 12:05:00
att_12576,pay_102238,Alternate payment method,1,15,Failed,0.428,0.0,7463.4,
att_12577,pay_101419,Email reminder,1,15,Failed,0.588,0.0,5930.94,
att_12578,pay_102455,Smart gateway retry,1,15,Recovered,0.709,4679.94,0.0,2026-05-28 20:38:00
att_12579,pay_100708,Email reminder,3,15,Failed,0.32,0.0,6872.02,
att_12580,pay_103497,UPI payment link,2,15,Failed,0.512,0.0,3437.2,
att_12581,pay_100075,Email reminder,0,15,Pending,0.468,0.0,264.31,
att_12582,pay_102979,Retry after 10 minutes,1,10,Recovered,0.69,2312.4,0.0,2026-05-28 13:14:00
att_12583,pay_101540,OTP reminder,1,15,Failed,0.573,0.0,1987.57,
att_12584,pay_103989,Smart gateway retry,3,15,Recovered,0.778,2056.79,0.0,2026-05-28 17:18:00
att_12585,pay_100518,Email reminder,3,15,Recovered,0.218,3750.08,0.0,2026-05-28 01:26:00
att_12586,pay_103873,Retry after 10 minutes,2,10,Recovered,0.88,5022.29,0.0,2026-05-28 15:51:00
att_12587,pay_104115,Smart gateway retry,3,15,Recovered,0.708,867.28,0.0,2026-05-28 03:50:00
att_12588,pay_102458,Retry after 10 minutes,2,10,Failed,0.828,0.0,923.05,
att_12589,pay_103450,OTP reminder,1,15,Failed,0.542,0.0,10722.19,
att_12590,pay_102462,Alternate payment method,0,15,Pending,0.461,0.0,9953.9,
att_12591,pay_100943,Smart gateway retry,2,15,Failed,0.699,0.0,1373.9,
att_12592,pay_100973,UPI payment link,0,15,Recovered,0.506,2321.39,0.0,2026-05-28 15:40:00
att_12593,pay_103409,Email reminder,0,15,Pending,0.605,0.0,935.38,
att_12594,pay_100289,UPI payment link,0,15,Pending,0.377,0.0,1930.73,
att_12595,pay_102394,OTP reminder,2,15,Recovered,0.535,2683.86,0.0,2026-05-28 21:54:00
att_12596,pay_102025,Retry after 10 minutes,3,10,Recovered,0.821,2091.43,0.0,2026-05-29 11:48:00
att_12597,pay_101788,Smart gateway retry,0,15,Pending,0.974,0.0,2814.31,
att_12598,pay_103937,UPI payment link,1,15,Recovered,0.24,472.19,0.0,2026-05-28 22:04:00
att_12599,pay_103635,Smart gateway retry,2,15,Recovered,0.872,851.16,0.0,2026-05-29 11:27:00
att_12600,pay_102912,Retry after 10 minutes,0,10,Pending,0.757,0.0,1299.4,
att_12601,pay_104605,UPI payment link,3,15,Failed,0.224,0.0,2756.59,
att_12602,pay_100108,OTP reminder,3,15,Failed,0.536,0.0,3220.08,
att_12603,pay_103122,Retry after 10 minutes,1,10,Recovered,0.79,872.78,0.0,2026-05-28 21:04:00
att_12604,pay_100123,OTP reminder,1,15,Failed,0.747,0.0,2155.83,
att_12605,pay_104416,Email reminder,0,15,Recovered,0.411,4033.5,0.0,2026-05-29 13:46:00
att_12606,pay_102548,Smart gateway retry,2,15,Failed,0.649,0.0,14367.2,
att_12607,pay_104706,UPI payment link,2,15,Failed,0.364,0.0,6997.51,
att_12608,pay_101430,OTP reminder,3,15,Recovered,0.745,1316.06,0.0,2026-05-29 20:20:00
att_12609,pay_102453,Alternate payment method,3,15,Recovered,0.256,2807.35,0.0,2026-05-29 00:07:00
att_12610,pay_101711,Smart gateway retry,1,15,Recovered,0.912,1118.85,0.0,2026-05-29 17:31:00
att_12611,pay_100069,Retry after 10 minutes,3,10,Failed,0.8,0.0,5917.63,
att_12612,pay_100366,Retry after 10 minutes,0,10,Pending,0.759,0.0,1333.11,
att_12613,pay_101101,UPI payment link,2,15,Recovered,0.52,3549.91,0.0,2026-05-29 03:06:00
att_12614,pay_102975,OTP reminder,3,15,Failed,0.466,0.0,5847.03,
att_12615,pay_101696,UPI payment link,2,15,Failed,0.38,0.0,3416.19,
att_12616,pay_104484,UPI payment link,1,15,Recovered,0.403,9681.26,0.0,2026-05-29 23:19:00
att_12617,pay_101967,UPI payment link,2,15,Failed,0.438,0.0,3707.03,
att_12618,pay_103138,Retry after 10 minutes,2,10,Failed,0.875,0.0,3012.51,
att_12619,pay_102526,OTP reminder,2,15,Recovered,0.583,1160.25,0.0,2026-05-29 10:03:00
att_12620,pay_104866,UPI payment link,0,15,Pending,0.299,0.0,1841.22,
att_12621,pay_101801,OTP reminder,2,15,Recovered,0.65,2574.4,0.0,2026-05-30 00:07:00
att_12622,pay_103661,OTP reminder,3,15,Failed,0.647,0.0,443.11,
att_12623,pay_103285,Retry after 10 minutes,0,10,Pending,0.841,0.0,1280.45,
att_12624,pay_104806,Alternate payment method,2,15,Recovered,0.364,4753.09,0.0,2026-05-29 23:51:00
att_12625,pay_103559,UPI payment link,0,15,Pending,0.543,0.0,1511.58,
att_12626,pay_101767,UPI payment link,3,15,Recovered,0.431,1360.97,0.0,2026-05-29 16:20:00
att_12627,pay_104342,Email reminder,0,15,Pending,0.394,0.0,4930.48,
att_12628,pay_104480,Email reminder,3,15,Recovered,0.609,837.21,0.0,2026-05-30 07:07:00
att_12629,pay_100473,Email reminder,1,15,Failed,0.44,0.0,2040.73,
att_12630,pay_103089,UPI payment link,0,15,Pending,0.072,0.0,4831.85,
att_12631,pay_101498,OTP reminder,3,15,Recovered,0.688,1197.15,0.0,2026-05-29 12:48:00
att_12632,pay_100276,UPI payment link,1,15,Recovered,0.292,6554.81,0.0,2026-05-30 07:31:00
att_12633,pay_101074,Retry after 10 minutes,0,10,Pending,0.713,0.0,1681.24,
att_12634,pay_100053,Retry after 10 minutes,1,10,Failed,0.684,0.0,730.19,
att_12635,pay_104179,OTP reminder,0,15,Recovered,0.726,3969.17,0.0,2026-05-30 10:25:00
att_12636,pay_100709,OTP reminder,3,15,Recovered,0.695,2153.85,0.0,2026-05-30 00:56:00
att_12637,pay_102643,Email reminder,0,15,Pending,0.361,0.0,4119.82,
att_12638,pay_101247,Alternate payment method,2,15,Recovered,0.324,11520.67,0.0,2026-05-29 23:42:00
att_12639,pay_101953,Retry after 10 minutes,0,10,Pending,0.8,0.0,2257.82,
att_12640,pay_102353,Smart gateway retry,0,15,Recovered,0.691,3376.52,0.0,2026-05-30 18:13:00
att_12641,pay_102076,Smart gateway retry,1,15,Recovered,0.806,2283.89,0.0,2026-05-30 18:33:00
att_12642,pay_102408,UPI payment link,3,15,Recovered,0.276,4496.86,0.0,2026-05-30 11:52:00
att_12643,pay_102464,Retry after 10 minutes,3,10,Failed,0.949,0.0,10269.74,
att_12644,pay_103953,Email reminder,3,15,Recovered,0.543,32271.51,0.0,2026-05-30 06:46:00
att_12645,pay_102715,Alternate payment method,1,15,Failed,0.231,0.0,765.07,
att_12646,pay_103291,OTP reminder,0,15,Pending,0.585,0.0,1928.46,
att_12647,pay_103630,UPI payment link,1,15,Failed,0.482,0.0,1863.2,
att_12648,pay_100230,Retry after 10 minutes,3,10,Recovered,0.837,419.1,0.0,2026-05-30 09:11:00
att_12649,pay_100484,Smart gateway retry,1,15,Failed,0.648,0.0,350.82,
att_12650,pay_100072,UPI payment link,0,15,Pending,0.306,0.0,8595.77,
att_12651,pay_100611,Smart gateway retry,0,15,Recovered,0.848,1341.91,0.0,2026-05-31 06:10:00
att_12652,pay_104322,OTP reminder,1,15,Failed,0.563,0.0,2863.18,
att_12653,pay_104166,Email reminder,1,15,Failed,0.518,0.0,545.12,
att_12654,pay_104741,Retry after 10 minutes,3,10,Failed,0.781,0.0,9525.87,
att_12655,pay_100175,Email reminder,2,15,Failed,0.588,0.0,5075.04,
att_12656,pay_102581,Smart gateway retry,2,15,Recovered,0.725,4110.3,0.0,2026-05-30 12:20:00
att_12657,pay_102188,UPI payment link,1,15,Failed,0.268,0.0,3305.13,
att_12658,pay_102729,Smart gateway retry,1,15,Failed,0.813,0.0,694.75,
att_12659,pay_100938,Alternate payment method,0,15,Recovered,0.61,4944.12,0.0,2026-05-30 19:04:00
att_12660,pay_102273,Retry after 10 minutes,0,10,Pending,0.92,0.0,4693.92,
att_12661,pay_103131,Smart gateway retry,0,15,Pending,0.755,0.0,10636.42,
att_12662,pay_102019,Alternate payment method,3,15,Failed,0.246,0.0,4980.49,
att_12663,pay_101212,UPI payment link,3,15,Failed,0.332,0.0,666.63,
att_12664,pay_101519,Smart gateway retry,3,15,Failed,0.598,0.0,1661.93,
att_12665,pay_100646,Smart gateway retry,3,15,Recovered,0.937,2398.82,0.0,2026-05-31 15:25:00
att_12666,pay_104178,Email reminder,3,15,Recovered,0.456,19137.84,0.0,2026-05-31 08:29:00
att_12667,pay_100334,Retry after 10 minutes,1,10,Failed,0.844,0.0,1682.41,
att_12668,pay_102506,Alternate payment method,2,15,Failed,0.509,0.0,931.87,
att_12669,pay_103015,Alternate payment method,0,15,Recovered,0.435,1378.68,0.0,2026-05-31 01:06:00
att_12670,pay_100904,UPI payment link,3,15,Recovered,0.474,5156.23,0.0,2026-05-31 07:32:00
att_12671,pay_100113,UPI payment link,0,15,Pending,0.332,0.0,4126.26,
att_12672,pay_100797,Retry after 10 minutes,0,10,Recovered,0.764,1478.74,0.0,2026-05-31 04:46:00
att_12673,pay_104525,Alternate payment method,0,15,Pending,0.411,0.0,4289.12,
att_12674,pay_100915,UPI payment link,2,15,Failed,0.39,0.0,16045.98,
att_12675,pay_102003,Retry after 10 minutes,1,10,Failed,0.88,0.0,555.34,
att_12676,pay_101554,Retry after 10 minutes,2,10,Failed,0.528,0.0,1202.04,
att_12677,pay_100204,Alternate payment method,1,15,Failed,0.395,0.0,8122.68,
att_12678,pay_104049,UPI payment link,1,15,Failed,0.611,0.0,3066.09,
att_12679,pay_102844,OTP reminder,1,15,Recovered,0.666,2655.43,0.0,2026-06-01 04:09:00
att_12680,pay_102845,OTP reminder,3,15,Failed,0.408,0.0,16458.08,
att_12681,pay_102179,Alternate payment method,1,15,Failed,0.507,0.0,1181.33,
att_12682,pay_100870,UPI payment link,2,15,Failed,0.386,0.0,4950.55,
att_12683,pay_102990,Alternate payment method,3,15,Failed,0.252,0.0,2119.18,
att_12684,pay_101742,Retry after 10 minutes,3,10,Recovered,0.885,4634.1,0.0,2026-06-01 05:39:00
att_12685,pay_100221,Smart gateway retry,1,15,Failed,0.802,0.0,12311.99,
att_12686,pay_100536,Alternate payment method,2,15,Failed,0.343,0.0,3023.94,
att_12687,pay_104423,OTP reminder,0,15,Pending,0.658,0.0,1777.47,
att_12688,pay_103442,Email reminder,0,15,Pending,0.542,0.0,2308.14,
att_12689,pay_101457,Email reminder,1,15,Recovered,0.547,2641.92,0.0,2026-05-31 18:27:00
att_12690,pay_103883,Alternate payment method,0,15,Pending,0.293,0.0,3841.0,
att_12691,pay_101802,Smart gateway retry,2,15,Recovered,0.729,6001.82,0.0,2026-06-01 01:36:00
att_12692,pay_104024,UPI payment link,2,15,Failed,0.471,0.0,2247.42,
att_12693,pay_102336,UPI payment link,1,15,Failed,0.475,0.0,342.43,
att_12694,pay_101565,Alternate payment method,3,15,Failed,0.381,0.0,4978.53,
att_12695,pay_102390,UPI payment link,0,15,Pending,0.39,0.0,866.94,
att_12696,pay_102204,Retry after 10 minutes,3,10,Failed,0.832,0.0,5366.36,
att_12697,pay_100791,Alternate payment method,1,15,Failed,0.338,0.0,2860.8,
att_12698,pay_101852,Retry after 10 minutes,3,10,Recovered,0.861,1043.69,0.0,2026-06-01 15:32:00
att_12699,pay_103396,Alternate payment method,0,15,Pending,0.318,0.0,2004.37,
att_12700,pay_100505,OTP reminder,2,15,Recovered,0.647,764.08,0.0,2026-06-01 19:28:00
att_12701,pay_100832,Retry after 10 minutes,1,10,Recovered,0.724,926.74,0.0,2026-06-01 16:25:00
att_12702,pay_101367,UPI payment link,2,15,Failed,0.287,0.0,5206.67,
att_12703,pay_102046,UPI payment link,3,15,Failed,0.362,0.0,5403.47,
att_12704,pay_102242,Retry after 10 minutes,1,10,Recovered,0.437,1605.54,0.0,2026-06-01 15:44:00
att_12705,pay_104105,Alternate payment method,1,15,Recovered,0.174,2322.76,0.0,2026-06-01 17:24:00
att_12706,pay_103586,Retry after 10 minutes,2,10,Failed,0.77,0.0,4232.93,
att_12707,pay_103452,Retry after 10 minutes,2,10,Recovered,0.649,747.2,0.0,2026-06-01 07:08:00
att_12708,pay_104443,Alternate payment method,2,15,Failed,0.425,0.0,4461.41,
att_12709,pay_104046,Email reminder,1,15,Failed,0.436,0.0,3357.93,
att_12710,pay_102644,Alternate payment method,2,15,Failed,0.319,0.0,497.92,
att_12711,pay_104758,UPI payment link,0,15,Pending,0.38,0.0,6480.18,
att_12712,pay_103816,OTP reminder,1,15,Failed,0.631,0.0,511.97,
att_12713,pay_101918,UPI payment link,2,15,Recovered,0.438,2944.2,0.0,2026-06-01 13:08:00
att_12714,pay_103142,Alternate payment method,1,15,Failed,0.284,0.0,2633.54,
att_12715,pay_102577,Smart gateway retry,3,15,Recovered,0.877,6666.13,0.0,2026-06-01 13:38:00
att_12716,pay_103980,UPI payment link,1,15,Failed,0.507,0.0,336.21,
att_12717,pay_102216,Smart gateway retry,0,15,Pending,0.792,0.0,9447.91,
att_12718,pay_103665,Alternate payment method,3,15,Failed,0.326,0.0,1113.52,
att_12719,pay_100030,Retry after 10 minutes,2,10,Failed,0.934,0.0,3906.79,
att_12720,pay_102434,Alternate payment method,0,15,Pending,0.237,0.0,2005.71,
att_12721,pay_100019,Alternate payment method,0,15,Pending,0.231,0.0,4860.96,
att_12722,pay_101889,Smart gateway retry,3,15,Failed,0.751,0.0,4224.75,
att_12723,pay_101330,OTP reminder,0,15,Recovered,0.683,4456.16,0.0,2026-06-02 02:00:00
att_12724,pay_101056,Smart gateway retry,3,15,Recovered,0.777,5147.37,0.0,2026-06-02 15:38:00
att_12725,pay_102039,Email reminder,2,15,Failed,0.493,0.0,9304.53,
att_12726,pay_101372,Smart gateway retry,3,15,Recovered,0.765,2225.84,0.0,2026-06-02 00:23:00
att_12727,pay_100213,Email reminder,1,15,Failed,0.409,0.0,4020.42,
att_12728,pay_104226,UPI payment link,2,15,Recovered,0.299,1988.12,0.0,2026-06-01 18:59:00
att_12729,pay_103499,OTP reminder,2,15,Recovered,0.483,1377.2,0.0,2026-06-02 07:19:00
att_12730,pay_101472,Email reminder,2,15,Recovered,0.588,3578.0,0.0,2026-06-02 09:00:00
att_12731,pay_103746,UPI payment link,0,15,Pending,0.18,0.0,5086.11,
att_12732,pay_101318,OTP reminder,2,15,Recovered,0.554,989.33,0.0,2026-06-02 04:49:00
att_12733,pay_100882,Smart gateway retry,1,15,Failed,0.625,0.0,6575.65,
att_12734,pay_102381,UPI payment link,1,15,Recovered,0.446,1229.85,0.0,2026-06-02 00:28:00
att_12735,pay_103079,Retry after 10 minutes,0,10,Recovered,0.753,12120.55,0.0,2026-06-02 08:32:00
att_12736,pay_101091,Email reminder,2,15,Failed,0.401,0.0,3637.02,
att_12737,pay_101183,Retry after 10 minutes,1,10,Recovered,0.82,1313.3,0.0,2026-06-01 23:53:00
att_12738,pay_104143,UPI payment link,3,15,Failed,0.38,0.0,3000.05,
att_12739,pay_104321,Alternate payment method,2,15,Failed,0.278,0.0,1815.06,
att_12740,pay_102734,Email reminder,1,15,Failed,0.389,0.0,11789.14,
att_12741,pay_103555,Email reminder,2,15,Recovered,0.408,8928.85,0.0,2026-06-02 04:07:00
att_12742,pay_100218,Smart gateway retry,3,15,Failed,0.943,0.0,28304.83,
att_12743,pay_101642,Alternate payment method,1,15,Failed,0.277,0.0,1448.08,
att_12744,pay_100266,Retry after 10 minutes,1,10,Recovered,0.827,3249.17,0.0,2026-06-02 09:00:00
att_12745,pay_103615,OTP reminder,0,15,Pending,0.641,0.0,917.1,
att_12746,pay_100868,UPI payment link,3,15,Failed,0.467,0.0,1746.66,
att_12747,pay_100922,Alternate payment method,3,15,Failed,0.253,0.0,1163.85,
att_12748,pay_104003,Retry after 10 minutes,3,10,Recovered,0.742,13426.85,0.0,2026-06-02 19:55:00
att_12749,pay_102859,UPI payment link,0,15,Pending,0.351,0.0,3820.73,
att_12750,pay_103779,UPI payment link,2,15,Failed,0.283,0.0,458.17,
att_12751,pay_100185,Smart gateway retry,1,15,Failed,0.84,0.0,2630.31,
att_12752,pay_104544,Alternate payment method,3,15,Failed,0.263,0.0,585.92,
att_12753,pay_104941,Alternate payment method,1,15,Failed,0.365,0.0,491.78,
att_12754,pay_104464,Retry after 10 minutes,1,10,Failed,0.921,0.0,8048.55,
att_12755,pay_100046,Smart gateway retry,0,15,Pending,0.898,0.0,2482.7,
att_12756,pay_104296,OTP reminder,3,15,Recovered,0.618,15668.35,0.0,2026-06-02 12:03:00
att_12757,pay_100688,OTP reminder,2,15,Recovered,0.708,500.64,0.0,2026-06-02 14:12:00
att_12758,pay_103600,Email reminder,2,15,Failed,0.588,0.0,2001.11,
att_12759,pay_104093,Alternate payment method,1,15,Failed,0.389,0.0,1656.45,
att_12760,pay_102801,OTP reminder,3,15,Failed,0.565,0.0,10226.93,
att_12761,pay_103811,Smart gateway retry,2,15,Failed,0.709,0.0,2830.01,
att_12762,pay_101262,Retry after 10 minutes,1,10,Recovered,0.98,8571.21,0.0,2026-06-03 10:25:00
att_12763,pay_101728,OTP reminder,2,15,Failed,0.708,0.0,3529.69,
att_12764,pay_102145,UPI payment link,3,15,Failed,0.272,0.0,3113.35,
att_12765,pay_101292,Retry after 10 minutes,3,10,Recovered,0.816,1942.14,0.0,2026-06-02 19:40:00
att_12766,pay_104528,UPI payment link,2,15,Failed,0.417,0.0,6090.78,
att_12767,pay_100029,UPI payment link,2,15,Recovered,0.389,4262.29,0.0,2026-06-03 10:19:00
att_12768,pay_103813,UPI payment link,2,15,Failed,0.393,0.0,810.6,
att_12769,pay_102520,Retry after 10 minutes,1,10,Recovered,0.867,3197.98,0.0,2026-06-03 08:02:00
att_12770,pay_104415,Alternate payment method,2,15,Failed,0.365,0.0,4606.8,
att_12771,pay_102156,Retry after 10 minutes,1,10,Recovered,0.702,5869.43,0.0,2026-06-03 13:48:00
att_12772,pay_100934,Alternate payment method,3,15,Recovered,0.362,8280.77,0.0,2026-06-02 23:49:00
att_12773,pay_103488,Alternate payment method,1,15,Recovered,0.363,8142.04,0.0,2026-06-03 18:08:00
att_12774,pay_100799,UPI payment link,3,15,Failed,0.456,0.0,3455.1,
att_12775,pay_103355,Retry after 10 minutes,1,10,Failed,0.878,0.0,1143.89,
att_12776,pay_103124,OTP reminder,0,15,Pending,0.593,0.0,3129.74,
att_12777,pay_104027,Alternate payment method,3,15,Recovered,0.462,3164.26,0.0,2026-06-04 03:03:00
att_12778,pay_100284,OTP reminder,1,15,Failed,0.637,0.0,24183.91,
att_12779,pay_103623,Alternate payment method,2,15,Failed,0.312,0.0,502.14,
att_12780,pay_102134,Retry after 10 minutes,0,10,Recovered,0.878,7642.91,0.0,2026-06-03 20:15:00
att_12781,pay_101219,UPI payment link,0,15,Pending,0.232,0.0,6875.34,
att_12782,pay_102077,Alternate payment method,0,15,Pending,0.451,0.0,934.7,
att_12783,pay_103550,Retry after 10 minutes,2,10,Failed,0.906,0.0,1742.46,
att_12784,pay_100120,Smart gateway retry,3,15,Recovered,0.694,2026.8,0.0,2026-06-03 19:31:00
att_12785,pay_103743,Retry after 10 minutes,3,10,Recovered,0.963,2171.87,0.0,2026-06-04 04:32:00
att_12786,pay_102564,Alternate payment method,0,15,Pending,0.232,0.0,724.63,
att_12787,pay_103080,Alternate payment method,2,15,Failed,0.311,0.0,2220.62,
att_12788,pay_103859,Email reminder,0,15,Pending,0.423,0.0,5142.22,
att_12789,pay_100297,Email reminder,2,15,Failed,0.404,0.0,3282.99,
att_12790,pay_103103,Smart gateway retry,2,15,Failed,0.791,0.0,6991.97,
att_12791,pay_100003,UPI payment link,3,15,Failed,0.677,0.0,2446.94,
att_12792,pay_101417,Smart gateway retry,2,15,Failed,0.691,0.0,4107.77,
att_12793,pay_101991,Retry after 10 minutes,1,10,Failed,0.536,0.0,1378.92,
att_12794,pay_102840,UPI payment link,0,15,Pending,0.514,0.0,1107.51,
att_12795,pay_102915,Retry after 10 minutes,3,10,Recovered,0.82,10097.04,0.0,2026-06-04 16:38:00
att_12796,pay_100755,UPI payment link,2,15,Recovered,0.463,1084.62,0.0,2026-06-04 01:42:00
att_12797,pay_100081,OTP reminder,3,15,Failed,0.668,0.0,2230.47,
att_12798,pay_104877,Alternate payment method,1,15,Failed,0.468,0.0,830.35,
att_12799,pay_104764,UPI payment link,3,15,Failed,0.534,0.0,2131.45,
att_12800,pay_100139,Alternate payment method,0,15,Pending,0.362,0.0,1120.28,
att_12801,pay_101038,Retry after 10 minutes,3,10,Failed,0.834,0.0,5452.51,
att_12802,pay_102953,Smart gateway retry,3,15,Recovered,0.932,8843.42,0.0,2026-06-04 18:06:00
att_12803,pay_104609,Retry after 10 minutes,2,10,Recovered,0.891,1587.04,0.0,2026-06-04 20:09:00
att_12804,pay_102317,OTP reminder,1,15,Failed,0.672,0.0,883.01,
att_12805,pay_103892,Alternate payment method,0,15,Pending,0.374,0.0,2402.55,
att_12806,pay_103260,Smart gateway retry,2,15,Failed,0.706,0.0,4288.82,
att_12807,pay_100090,Smart gateway retry,1,15,Failed,0.832,0.0,1747.51,
att_12808,pay_100353,Retry after 10 minutes,2,10,Failed,0.834,0.0,7590.37,
att_12809,pay_102998,Alternate payment method,3,15,Failed,0.303,0.0,2835.58,
att_12810,pay_103618,Alternate payment method,3,15,Failed,0.208,0.0,1953.62,
att_12811,pay_102660,OTP reminder,1,15,Recovered,0.718,2886.5,0.0,2026-06-05 02:55:00
att_12812,pay_102933,Alternate payment method,3,15,Failed,0.297,0.0,717.4,
att_12813,pay_101923,Email reminder,2,15,Failed,0.467,0.0,2989.1,
att_12814,pay_100154,OTP reminder,0,15,Pending,0.495,0.0,8621.34,
att_12815,pay_104283,Retry after 10 minutes,2,10,Recovered,0.793,816.94,0.0,2026-06-05 09:11:00
att_12816,pay_102006,OTP reminder,3,15,Failed,0.524,0.0,1195.35,
att_12817,pay_100434,UPI payment link,2,15,Recovered,0.353,2019.96,0.0,2026-06-04 19:53:00
att_12818,pay_100632,UPI payment link,2,15,Failed,0.419,0.0,1794.9,
att_12819,pay_100620,UPI payment link,1,15,Recovered,0.506,1244.39,0.0,2026-06-04 15:16:00
att_12820,pay_101099,OTP reminder,2,15,Failed,0.611,0.0,6252.1,
att_12821,pay_102716,OTP reminder,0,15,Pending,0.771,0.0,5327.23,
att_12822,pay_100406,Alternate payment method,1,15,Failed,0.323,0.0,2544.79,
att_12823,pay_103324,UPI payment link,0,15,Pending,0.483,0.0,2769.69,
att_12824,pay_100004,Alternate payment method,2,15,Failed,0.28,0.0,1627.11,
att_12825,pay_101443,Smart gateway retry,0,15,Pending,0.722,0.0,1119.98,
att_12826,pay_103219,UPI payment link,2,15,Recovered,0.332,1330.56,0.0,2026-06-05 07:59:00
att_12827,pay_100237,Email reminder,0,15,Pending,0.429,0.0,3807.86,
att_12828,pay_100472,UPI payment link,1,15,Recovered,0.328,319.44,0.0,2026-06-05 16:28:00
att_12829,pay_103675,OTP reminder,2,15,Failed,0.424,0.0,2419.77,
att_12830,pay_103172,Smart gateway retry,0,15,Pending,0.885,0.0,1272.12,
att_12831,pay_102565,Retry after 10 minutes,0,10,Pending,0.913,0.0,2697.83,
att_12832,pay_100993,Smart gateway retry,2,15,Recovered,0.945,3511.5,0.0,2026-06-05 09:55:00
att_12833,pay_101495,UPI payment link,3,15,Failed,0.294,0.0,293.57,
att_12834,pay_100794,Retry after 10 minutes,1,10,Failed,0.782,0.0,4125.56,
att_12835,pay_102761,Email reminder,0,15,Pending,0.4,0.0,5259.44,
att_12836,pay_101740,Alternate payment method,1,15,Failed,0.317,0.0,4605.44,
att_12837,pay_104615,Alternate payment method,2,15,Failed,0.347,0.0,5104.56,
att_12838,pay_101152,Smart gateway retry,2,15,Failed,0.828,0.0,16403.91,
att_12839,pay_103217,Smart gateway retry,0,15,Recovered,0.865,2132.31,0.0,2026-06-06 04:07:00
att_12840,pay_103774,Retry after 10 minutes,1,10,Failed,0.659,0.0,3118.71,
att_12841,pay_104190,Smart gateway retry,1,15,Failed,0.767,0.0,810.29,
att_12842,pay_100546,Alternate payment method,1,15,Recovered,0.379,11454.46,0.0,2026-06-05 09:42:00
att_12843,pay_104519,Smart gateway retry,3,15,Recovered,0.881,4175.88,0.0,2026-06-05 18:22:00
att_12844,pay_102759,UPI payment link,1,15,Failed,0.487,0.0,1586.15,
att_12845,pay_104669,Retry after 10 minutes,1,10,Failed,0.883,0.0,6482.5,
att_12846,pay_101686,Smart gateway retry,3,15,Recovered,0.722,730.41,0.0,2026-06-06 05:07:00
att_12847,pay_102989,UPI payment link,3,15,Recovered,0.377,1009.93,0.0,2026-06-05 17:55:00
att_12848,pay_100953,Retry after 10 minutes,0,10,Recovered,0.98,2734.95,0.0,2026-06-05 15:01:00
att_12849,pay_104742,Smart gateway retry,2,15,Failed,0.806,0.0,1364.58,
att_12850,pay_101436,Alternate payment method,0,15,Pending,0.16,0.0,5462.83,
att_12851,pay_104709,Retry after 10 minutes,0,10,Pending,0.635,0.0,550.23,
att_12852,pay_104335,Smart gateway retry,3,15,Failed,0.823,0.0,1007.9,
att_12853,pay_103668,Alternate payment method,0,15,Pending,0.355,0.0,2213.83,
att_12854,pay_104034,Alternate payment method,1,15,Failed,0.289,0.0,1758.89,
att_12855,pay_100499,UPI payment link,1,15,Failed,0.428,0.0,9061.96,
att_12856,pay_103007,UPI payment link,3,15,Failed,0.365,0.0,1533.77,
att_12857,pay_104327,Smart gateway retry,0,15,Recovered,0.745,2038.36,0.0,2026-06-06 19:54:00
att_12858,pay_101840,OTP reminder,0,15,Pending,0.452,0.0,5486.99,
att_12859,pay_101332,Email reminder,2,15,Failed,0.561,0.0,1681.93,
att_12860,pay_102275,Email reminder,3,15,Failed,0.402,0.0,1416.07,
att_12861,pay_102693,Retry after 10 minutes,2,10,Recovered,0.719,6589.78,0.0,2026-06-06 09:47:00
att_12862,pay_101058,OTP reminder,1,15,Recovered,0.732,1740.14,0.0,2026-06-06 16:38:00
att_12863,pay_103770,Retry after 10 minutes,0,10,Pending,0.76,0.0,2746.94,
att_12864,pay_100776,Alternate payment method,2,15,Failed,0.365,0.0,2300.87,
att_12865,pay_104129,Retry after 10 minutes,1,10,Failed,0.98,0.0,1643.06,
att_12866,pay_102340,Retry after 10 minutes,2,10,Recovered,0.833,2380.71,0.0,2026-06-07 05:39:00
att_12867,pay_102249,OTP reminder,3,15,Failed,0.581,0.0,2581.32,
att_12868,pay_103368,Email reminder,3,15,Failed,0.411,0.0,3189.16,
att_12869,pay_102924,Alternate payment method,2,15,Failed,0.332,0.0,4116.77,
att_12870,pay_102475,Alternate payment method,3,15,Failed,0.325,0.0,3006.96,
att_12871,pay_102223,Retry after 10 minutes,0,10,Pending,0.934,0.0,2617.87,
att_12872,pay_103070,Smart gateway retry,3,15,Recovered,0.834,6296.63,0.0,2026-06-07 00:02:00
att_12873,pay_102961,Retry after 10 minutes,0,10,Pending,0.794,0.0,9922.39,
att_12874,pay_103566,Retry after 10 minutes,3,10,Recovered,0.793,1239.28,0.0,2026-06-07 03:20:00
att_12875,pay_104067,Retry after 10 minutes,3,10,Failed,0.98,0.0,5873.38,
att_12876,pay_103562,UPI payment link,2,15,Failed,0.387,0.0,3520.8,
att_12877,pay_104658,UPI payment link,0,15,Recovered,0.444,2023.17,0.0,2026-06-07 04:27:00
att_12878,pay_101373,Retry after 10 minutes,3,10,Recovered,0.98,10035.58,0.0,2026-06-07 01:50:00
att_12879,pay_103208,Email reminder,3,15,Failed,0.32,0.0,8288.0,
att_12880,pay_101184,Alternate payment method,2,15,Failed,0.42,0.0,1132.73,
att_12881,pay_104561,UPI payment link,3,15,Recovered,0.488,7857.54,0.0,2026-06-07 15:15:00
att_12882,pay_102069,Retry after 10 minutes,3,10,Failed,0.728,0.0,4986.13,
att_12883,pay_101677,Retry after 10 minutes,2,10,Recovered,0.759,737.79,0.0,2026-06-07 19:50:00
att_12884,pay_100463,UPI payment link,0,15,Pending,0.42,0.0,1815.85,
att_12885,pay_102494,Email reminder,1,15,Failed,0.602,0.0,1997.62,
att_12886,pay_104735,Alternate payment method,1,15,Failed,0.318,0.0,6262.79,
att_12887,pay_102419,Retry after 10 minutes,2,10,Recovered,0.824,3149.93,0.0,2026-06-07 22:59:00
att_12888,pay_100731,UPI payment link,3,15,Failed,0.48,0.0,494.35,
att_12889,pay_100928,Alternate payment method,1,15,Failed,0.381,0.0,18413.96,
att_12890,pay_100971,UPI payment link,0,15,Pending,0.395,0.0,2385.3,
att_12891,pay_100274,Smart gateway retry,0,15,Pending,0.764,0.0,1487.51,
att_12892,pay_104250,Alternate payment method,0,15,Pending,0.359,0.0,7028.36,
att_12893,pay_100164,Alternate payment method,0,15,Pending,0.389,0.0,2937.98,
att_12894,pay_101078,Smart gateway retry,3,15,Failed,0.92,0.0,4412.71,
att_12895,pay_104341,Retry after 10 minutes,1,10,Recovered,0.799,1523.62,0.0,2026-06-07 13:41:00
att_12896,pay_102697,Retry after 10 minutes,1,10,Failed,0.718,0.0,3242.95,
att_12897,pay_103923,UPI payment link,0,15,Recovered,0.3,3674.58,0.0,2026-06-07 17:18:00
att_12898,pay_100424,Smart gateway retry,0,15,Recovered,0.626,1661.83,0.0,2026-06-07 21:49:00
att_12899,pay_104825,Alternate payment method,1,15,Failed,0.258,0.0,2113.04,
att_12900,pay_100623,OTP reminder,3,15,Failed,0.577,0.0,1703.2,
att_12901,pay_101224,Smart gateway retry,1,15,Recovered,0.79,1290.9,0.0,2026-06-08 12:44:00
att_12902,pay_102289,Smart gateway retry,2,15,Recovered,0.757,4790.35,0.0,2026-06-08 01:43:00
att_12903,pay_101479,Retry after 10 minutes,2,10,Recovered,0.661,4065.96,0.0,2026-06-07 19:16:00
att_12904,pay_103460,UPI payment link,1,15,Failed,0.443,0.0,4836.36,
att_12905,pay_100571,Retry after 10 minutes,1,10,Failed,0.756,0.0,2012.47,
att_12906,pay_104445,Alternate payment method,2,15,Recovered,0.301,6023.48,0.0,2026-06-08 14:47:00
att_12907,pay_100247,Alternate payment method,1,15,Failed,0.431,0.0,734.88,
att_12908,pay_104212,UPI payment link,3,15,Recovered,0.333,620.43,0.0,2026-06-08 09:40:00
att_12909,pay_101190,Email reminder,0,15,Recovered,0.465,1679.35,0.0,2026-06-08 06:38:00
att_12910,pay_103988,Alternate payment method,2,15,Recovered,0.397,4800.86,0.0,2026-06-08 01:28:00
att_12911,pay_101042,Smart gateway retry,1,15,Failed,0.928,0.0,4243.19,
att_12912,pay_101634,UPI payment link,1,15,Failed,0.267,0.0,9864.34,
att_12913,pay_102748,UPI payment link,2,15,Recovered,0.283,376.66,0.0,2026-06-08 20:13:00
att_12914,pay_101308,Email reminder,3,15,Recovered,0.398,4376.58,0.0,2026-06-07 23:34:00
att_12915,pay_101484,Alternate payment method,3,15,Failed,0.443,0.0,2049.65,
att_12916,pay_102472,UPI payment link,2,15,Recovered,0.546,1658.76,0.0,2026-06-08 12:27:00
att_12917,pay_104029,Alternate payment method,3,15,Failed,0.384,0.0,4375.0,
att_12918,pay_103554,OTP reminder,3,15,Failed,0.773,0.0,13767.39,
att_12919,pay_104317,Retry after 10 minutes,1,10,Failed,0.815,0.0,12748.71,
att_12920,pay_101583,Alternate payment method,1,15,Failed,0.206,0.0,665.68,
att_12921,pay_102016,Retry after 10 minutes,2,10,Failed,0.912,0.0,6677.23,
att_12922,pay_103284,Retry after 10 minutes,1,10,Recovered,0.964,1787.39,0.0,2026-06-08 20:29:00
att_12923,pay_103885,Alternate payment method,0,15,Pending,0.39,0.0,1323.6,
att_12924,pay_101887,OTP reminder,1,15,Failed,0.534,0.0,4258.71,
att_12925,pay_104146,UPI payment link,3,15,Failed,0.281,0.0,9765.75,
att_12926,pay_104353,Alternate payment method,3,15,Failed,0.291,0.0,732.75,
att_12927,pay_104044,Email reminder,3,15,Failed,0.622,0.0,2285.84,
att_12928,pay_101718,Alternate payment method,0,15,Recovered,0.351,2498.37,0.0,2026-06-08 21:43:00
att_12929,pay_103764,UPI payment link,0,15,Pending,0.404,0.0,1144.71,
att_12930,pay_100495,Smart gateway retry,2,15,Recovered,0.745,5287.24,0.0,2026-06-08 08:20:00
att_12931,pay_104876,Retry after 10 minutes,0,10,Pending,0.739,0.0,1577.43,
att_12932,pay_103415,Retry after 10 minutes,0,10,Recovered,0.789,3753.08,0.0,2026-06-08 11:15:00
att_12933,pay_103697,OTP reminder,1,15,Recovered,0.595,1245.98,0.0,2026-06-09 02:27:00
att_12934,pay_100959,Smart gateway retry,1,15,Failed,0.806,0.0,856.71,
att_12935,pay_103271,Smart gateway retry,3,15,Failed,0.75,0.0,1107.19,
att_12936,pay_101251,Alternate payment method,2,15,Failed,0.433,0.0,1820.65,
att_12937,pay_102356,OTP reminder,0,15,Pending,0.745,0.0,1286.07,
att_12938,pay_100906,Smart gateway retry,0,15,Pending,0.765,0.0,1358.67,
att_12939,pay_100064,Alternate payment method,2,15,Recovered,0.31,4294.48,0.0,2026-06-09 15:30:00
att_12940,pay_100372,UPI payment link,2,15,Failed,0.392,0.0,3166.25,
att_12941,pay_103259,UPI payment link,2,15,Failed,0.242,0.0,4223.89,
att_12942,pay_102191,Retry after 10 minutes,3,10,Failed,0.821,0.0,7435.04,
att_12943,pay_101834,Alternate payment method,1,15,Failed,0.308,0.0,1258.65,
att_12944,pay_101494,Retry after 10 minutes,2,10,Failed,0.853,0.0,1885.65,
att_12945,pay_103652,Smart gateway retry,3,15,Failed,0.912,0.0,13970.41,
att_12946,pay_103478,UPI payment link,3,15,Failed,0.459,0.0,863.73,
att_12947,pay_103546,Retry after 10 minutes,2,10,Failed,0.76,0.0,2196.72,
att_12948,pay_103617,Smart gateway retry,0,15,Pending,0.712,0.0,1711.42,
att_12949,pay_101761,Email reminder,2,15,Recovered,0.455,3607.65,0.0,2026-06-09 11:35:00
att_12950,pay_100162,UPI payment link,3,15,Recovered,0.418,11645.18,0.0,2026-06-09 11:40:00
att_12951,pay_102563,Retry after 10 minutes,0,10,Pending,0.817,0.0,2981.94,
att_12952,pay_100961,UPI payment link,2,15,Failed,0.479,0.0,869.93,
att_12953,pay_101874,Retry after 10 minutes,2,10,Failed,0.63,0.0,1365.51,
att_12954,pay_100143,Smart gateway retry,2,15,Failed,0.805,0.0,575.34,
att_12955,pay_103765,Smart gateway retry,0,15,Pending,0.869,0.0,5216.28,
att_12956,pay_102075,Alternate payment method,1,15,Failed,0.463,0.0,4396.12,
att_12957,pay_101339,UPI payment link,2,15,Failed,0.443,0.0,2777.13,
att_12958,pay_101687,OTP reminder,2,15,Failed,0.568,0.0,536.54,
att_12959,pay_103484,Alternate payment method,2,15,Recovered,0.477,6292.05,0.0,2026-06-10 00:13:00
att_12960,pay_103141,Alternate payment method,3,15,Failed,0.424,0.0,3332.51,
att_12961,pay_102508,OTP reminder,1,15,Recovered,0.578,1131.04,0.0,2026-06-10 03:08:00
att_12962,pay_102914,OTP reminder,0,15,Pending,0.58,0.0,817.86,
att_12963,pay_101130,Smart gateway retry,0,15,Recovered,0.812,15891.47,0.0,2026-06-10 00:15:00
att_12964,pay_100686,Email reminder,1,15,Failed,0.385,0.0,525.11,
att_12965,pay_100163,Smart gateway retry,1,15,Failed,0.976,0.0,1352.66,
att_12966,pay_102745,Alternate payment method,2,15,Failed,0.269,0.0,7422.57,
att_12967,pay_101865,Retry after 10 minutes,1,10,Recovered,0.909,1409.88,0.0,2026-06-09 23:42:00
att_12968,pay_104895,OTP reminder,3,15,Recovered,0.687,2258.05,0.0,2026-06-10 12:15:00
att_12969,pay_100941,Alternate payment method,2,15,Failed,0.209,0.0,3393.24,
att_12970,pay_100584,OTP reminder,2,15,Recovered,0.641,1096.62,0.0,2026-06-10 06:34:00
att_12971,pay_103290,UPI payment link,1,15,Failed,0.362,0.0,12216.61,
att_12972,pay_104645,Email reminder,0,15,Recovered,0.716,3553.46,0.0,2026-06-10 04:37:00
att_12973,pay_103273,Smart gateway retry,0,15,Pending,0.652,0.0,1886.54,
att_12974,pay_104160,UPI payment link,2,15,Failed,0.518,0.0,9406.5,
att_12975,pay_102059,Smart gateway retry,0,15,Recovered,0.776,1298.76,0.0,2026-06-10 14:41:00
att_12976,pay_103314,Smart gateway retry,3,15,Recovered,0.697,3678.75,0.0,2026-06-10 14:36:00
att_12977,pay_103187,Smart gateway retry,1,15,Failed,0.695,0.0,2125.28,
att_12978,pay_102162,Retry after 10 minutes,0,10,Pending,0.821,0.0,1359.87,
att_12979,pay_101846,Retry after 10 minutes,0,10,Pending,0.79,0.0,1992.85,
att_12980,pay_102072,OTP reminder,1,15,Failed,0.699,0.0,1041.76,
att_12981,pay_100026,UPI payment link,1,15,Failed,0.287,0.0,1523.02,
att_12982,pay_104470,Retry after 10 minutes,0,10,Recovered,0.775,5769.14,0.0,2026-06-10 19:43:00
att_12983,pay_104983,Alternate payment method,0,15,Pending,0.43,0.0,3449.86,
att_12984,pay_103732,Smart gateway retry,2,15,Failed,0.792,0.0,6465.88,
att_12985,pay_103311,OTP reminder,3,15,Recovered,0.623,8480.87,0.0,2026-06-11 03:59:00
att_12986,pay_103690,UPI payment link,2,15,Recovered,0.409,789.82,0.0,2026-06-10 07:34:00
att_12987,pay_103165,UPI payment link,1,15,Failed,0.462,0.0,895.95,
att_12988,pay_102523,Retry after 10 minutes,0,10,Pending,0.893,0.0,2235.36,
att_12989,pay_101301,UPI payment link,1,15,Failed,0.488,0.0,8291.46,
att_12990,pay_102224,UPI payment link,0,15,Pending,0.385,0.0,4644.14,
att_12991,pay_104718,Alternate payment method,0,15,Pending,0.25,0.0,4644.84,
att_12992,pay_100956,Retry after 10 minutes,2,10,Failed,0.826,0.0,2571.23,
att_12993,pay_104174,Retry after 10 minutes,0,10,Pending,0.93,0.0,2727.57,
att_12994,pay_101955,Alternate payment method,3,15,Failed,0.371,0.0,4147.61,
att_12995,pay_102139,UPI payment link,3,15,Recovered,0.451,24532.14,0.0,2026-06-11 11:57:00
att_12996,pay_104402,Retry after 10 minutes,1,10,Recovered,0.816,2005.46,0.0,2026-06-10 16:53:00
att_12997,pay_102133,Retry after 10 minutes,0,10,Recovered,0.861,577.25,0.0,2026-06-11 11:46:00
att_12998,pay_103317,Alternate payment method,2,15,Failed,0.233,0.0,3661.75,
att_12999,pay_104926,Retry after 10 minutes,2,10,Failed,0.76,0.0,7085.97,
att_13000,pay_102373,UPI payment link,2,15,Failed,0.457,0.0,6851.14,
att_13001,pay_101167,Smart gateway retry,3,15,Recovered,0.794,2893.26,0.0,2026-06-11 15:48:00
att_13002,pay_102545,OTP reminder,3,15,Recovered,0.616,5276.08,0.0,2026-06-11 16:21:00
att_13003,pay_102002,UPI payment link,2,15,Failed,0.257,0.0,3406.31,
att_13004,pay_100439,Retry after 10 minutes,0,10,Pending,0.822,0.0,2390.46,
att_13005,pay_104650,Email reminder,2,15,Recovered,0.549,2030.32,0.0,2026-06-11 08:46:00
att_13006,pay_102799,UPI payment link,0,15,Pending,0.544,0.0,174.24,
att_13007,pay_101319,Email reminder,2,15,Failed,0.506,0.0,3299.11,
att_13008,pay_104794,Email reminder,3,15,Recovered,0.547,2326.82,0.0,2026-06-11 12:36:00
att_13009,pay_103459,Email reminder,0,15,Pending,0.4,0.0,623.2,
att_13010,pay_101665,Retry after 10 minutes,1,10,Failed,0.922,0.0,6692.03,
att_13011,pay_103040,UPI payment link,0,15,Pending,0.402,0.0,560.9,
att_13012,pay_103694,OTP reminder,1,15,Failed,0.757,0.0,1205.42,
att_13013,pay_103249,Smart gateway retry,2,15,Recovered,0.871,967.13,0.0,2026-06-12 01:05:00
att_13014,pay_101693,Smart gateway retry,0,15,Pending,0.613,0.0,4570.46,
att_13015,pay_103379,OTP reminder,3,15,Recovered,0.676,5943.08,0.0,2026-06-12 00:14:00
att_13016,pay_102290,Retry after 10 minutes,2,10,Recovered,0.93,21388.05,0.0,2026-06-11 23:25:00
att_13017,pay_102341,Email reminder,2,15,Failed,0.407,0.0,1447.95,
att_13018,pay_101753,Retry after 10 minutes,3,10,Failed,0.783,0.0,5279.09,
att_13019,pay_102058,OTP reminder,1,15,Failed,0.628,0.0,511.87,
att_13020,pay_101477,Retry after 10 minutes,2,10,Recovered,0.862,118.76,0.0,2026-06-12 00:09:00
att_13021,pay_104051,Email reminder,2,15,Failed,0.223,0.0,630.32,
att_13022,pay_101773,Retry after 10 minutes,2,10,Recovered,0.764,3962.69,0.0,2026-06-12 05:33:00
att_13023,pay_100551,Alternate payment method,0,15,Recovered,0.401,1731.92,0.0,2026-06-12 13:09:00
att_13024,pay_101282,Email reminder,0,15,Pending,0.524,0.0,1743.21,
att_13025,pay_101920,UPI payment link,3,15,Failed,0.49,0.0,3951.99,
att_13026,pay_102383,OTP reminder,3,15,Failed,0.627,0.0,792.19,
att_13027,pay_102011,Alternate payment method,2,15,Failed,0.357,0.0,828.31,
att_13028,pay_103328,Retry after 10 minutes,3,10,Recovered,0.804,1958.04,0.0,2026-06-12 04:34:00
att_13029,pay_104325,OTP reminder,2,15,Failed,0.47,0.0,1230.45,
att_13030,pay_101093,OTP reminder,2,15,Failed,0.488,0.0,13085.88,
att_13031,pay_102621,Retry after 10 minutes,1,10,Failed,0.856,0.0,1242.38,
att_13032,pay_101351,Alternate payment method,0,15,Pending,0.499,0.0,3550.98,
att_13033,pay_104624,Retry after 10 minutes,2,10,Recovered,0.739,15622.31,0.0,2026-06-12 13:27:00
att_13034,pay_103404,UPI payment link,2,15,Failed,0.238,0.0,657.93,
att_13035,pay_103091,UPI payment link,2,15,Failed,0.303,0.0,2048.65,
att_13036,pay_104161,UPI payment link,3,15,Failed,0.434,0.0,1187.38,
att_13037,pay_102851,Alternate payment method,0,15,Pending,0.471,0.0,4270.16,
att_13038,pay_102573,UPI payment link,0,15,Recovered,0.317,5967.09,0.0,2026-06-12 08:57:00
att_13039,pay_101172,Retry after 10 minutes,3,10,Recovered,0.824,2199.43,0.0,2026-06-12 22:21:00
att_13040,pay_104798,Retry after 10 minutes,2,10,Failed,0.791,0.0,11177.01,
att_13041,pay_100808,Retry after 10 minutes,2,10,Failed,0.677,0.0,954.5,
att_13042,pay_102215,OTP reminder,0,15,Pending,0.472,0.0,3124.24,
att_13043,pay_104149,OTP reminder,2,15,Failed,0.672,0.0,1734.86,
att_13044,pay_104808,UPI payment link,1,15,Failed,0.388,0.0,4004.1,
att_13045,pay_102682,Alternate payment method,2,15,Recovered,0.168,1043.35,0.0,2026-06-12 16:21:00
att_13046,pay_104832,Smart gateway retry,3,15,Failed,0.667,0.0,3874.03,
att_13047,pay_103058,Retry after 10 minutes,1,10,Recovered,0.911,860.51,0.0,2026-06-12 21:29:00
att_13048,pay_102599,OTP reminder,3,15,Failed,0.443,0.0,4895.78,
att_13049,pay_102778,Retry after 10 minutes,3,10,Recovered,0.672,5598.9,0.0,2026-06-13 03:11:00
att_13050,pay_101628,Alternate payment method,2,15,Recovered,0.41,6480.75,0.0,2026-06-13 16:18:00
att_13051,pay_104497,Retry after 10 minutes,3,10,Failed,0.947,0.0,4171.78,
att_13052,pay_102834,Email reminder,3,15,Recovered,0.545,731.66,0.0,2026-06-13 15:52:00
att_13053,pay_101065,OTP reminder,2,15,Recovered,0.698,657.79,0.0,2026-06-13 01:16:00
att_13054,pay_100093,Retry after 10 minutes,0,10,Pending,0.697,0.0,2345.84,
att_13055,pay_103022,OTP reminder,2,15,Failed,0.575,0.0,1904.19,
att_13056,pay_101384,UPI payment link,2,15,Recovered,0.352,2185.38,0.0,2026-06-13 19:56:00
att_13057,pay_102847,OTP reminder,3,15,Failed,0.668,0.0,1028.54,
att_13058,pay_104489,Retry after 10 minutes,2,10,Recovered,0.756,639.23,0.0,2026-06-13 10:59:00
att_13059,pay_102427,Smart gateway retry,1,15,Failed,0.684,0.0,1081.23,
att_13060,pay_100613,UPI payment link,3,15,Failed,0.213,0.0,2384.36,
att_13061,pay_104251,OTP reminder,2,15,Recovered,0.519,1153.55,0.0,2026-06-13 12:44:00
att_13062,pay_101880,OTP reminder,0,15,Recovered,0.668,4000.21,0.0,2026-06-13 09:38:00
att_13063,pay_101467,Smart gateway retry,2,15,Recovered,0.773,1477.81,0.0,2026-06-13 15:26:00
att_13064,pay_104625,Retry after 10 minutes,1,10,Failed,0.856,0.0,3063.19,
att_13065,pay_101760,UPI payment link,0,15,Recovered,0.466,27717.37,0.0,2026-06-14 02:40:00
att_13066,pay_101158,Email reminder,2,15,Failed,0.424,0.0,11078.89,
att_13067,pay_101016,Alternate payment method,3,15,Failed,0.376,0.0,4671.59,
att_13068,pay_102404,UPI payment link,0,15,Pending,0.487,0.0,23017.83,
att_13069,pay_102580,Retry after 10 minutes,0,10,Pending,0.653,0.0,2933.72,
att_13070,pay_104971,UPI payment link,2,15,Failed,0.389,0.0,1729.3,
att_13071,pay_102874,UPI payment link,2,15,Failed,0.286,0.0,8363.52,
att_13072,pay_101592,Retry after 10 minutes,1,10,Failed,0.772,0.0,1288.66,
att_13073,pay_100757,Alternate payment method,0,15,Recovered,0.38,551.91,0.0,2026-06-14 12:56:00
att_13074,pay_104384,OTP reminder,2,15,Failed,0.675,0.0,3850.25,
att_13075,pay_103423,Alternate payment method,1,15,Failed,0.298,0.0,5023.57,
att_13076,pay_103814,Alternate payment method,3,15,Failed,0.273,0.0,1437.31,
att_13077,pay_103062,Smart gateway retry,2,15,Recovered,0.874,2774.8,0.0,2026-06-14 12:25:00
att_13078,pay_101284,Smart gateway retry,1,15,Recovered,0.651,1969.09,0.0,2026-06-14 01:06:00
att_13079,pay_104960,Retry after 10 minutes,3,10,Recovered,0.707,2854.21,0.0,2026-06-14 09:39:00
att_13080,pay_100187,Alternate payment method,2,15,Failed,0.358,0.0,3253.41,
att_13081,pay_102543,UPI payment link,0,15,Pending,0.374,0.0,2162.52,
att_13082,pay_103530,OTP reminder,3,15,Failed,0.468,0.0,10921.07,
att_13083,pay_101944,Retry after 10 minutes,0,10,Recovered,0.73,659.68,0.0,2026-06-14 23:43:00
att_13084,pay_104880,UPI payment link,2,15,Failed,0.448,0.0,5477.99,
att_13085,pay_104934,Email reminder,2,15,Recovered,0.419,632.03,0.0,2026-06-15 01:20:00
att_13086,pay_100378,Alternate payment method,3,15,Recovered,0.266,1409.22,0.0,2026-06-15 04:43:00
att_13087,pay_100633,Email reminder,3,15,Recovered,0.453,1478.35,0.0,2026-06-15 04:26:00
att_13088,pay_103736,Email reminder,2,15,Failed,0.452,0.0,3140.16,
att_13089,pay_101717,UPI payment link,1,15,Failed,0.349,0.0,1351.5,
att_13090,pay_102568,Email reminder,0,15,Pending,0.321,0.0,4501.24,
att_13091,pay_104400,Email reminder,1,15,Failed,0.565,0.0,7881.4,
att_13092,pay_104505,Email reminder,3,15,Recovered,0.405,2924.94,0.0,2026-06-15 01:05:00
att_13093,pay_102591,Alternate payment method,1,15,Recovered,0.414,411.29,0.0,2026-06-14 21:14:00
att_13094,pay_104249,UPI payment link,0,15,Recovered,0.347,1274.81,0.0,2026-06-14 19:27:00
att_13095,pay_103227,UPI payment link,2,15,Failed,0.289,0.0,161.28,
att_13096,pay_102919,Retry after 10 minutes,1,10,Failed,0.757,0.0,3889.59,
att_13097,pay_103963,Smart gateway retry,0,15,Pending,0.663,0.0,4310.58,
att_13098,pay_104055,UPI payment link,3,15,Failed,0.315,0.0,1983.13,
att_13099,pay_101747,Smart gateway retry,1,15,Recovered,0.882,4012.1,0.0,2026-06-14 17:55:00
att_13100,pay_101771,UPI payment link,2,15,Recovered,0.342,580.73,0.0,2026-06-15 03:24:00
att_13101,pay_103950,Retry after 10 minutes,1,10,Recovered,0.81,6577.04,0.0,2026-06-15 02:17:00
att_13102,pay_104663,Retry after 10 minutes,2,10,Recovered,0.923,8849.23,0.0,2026-06-15 05:07:00
att_13103,pay_102723,Alternate payment method,0,15,Pending,0.348,0.0,4746.08,
att_13104,pay_100912,Alternate payment method,0,15,Pending,0.299,0.0,2666.92,
att_13105,pay_100769,Smart gateway retry,3,15,Recovered,0.693,1639.64,0.0,2026-06-15 05:21:00
att_13106,pay_104954,Alternate payment method,2,15,Failed,0.19,0.0,3831.14,
att_13107,pay_101856,Email reminder,2,15,Failed,0.452,0.0,2096.6,
att_13108,pay_102679,OTP reminder,3,15,Failed,0.723,0.0,2260.14,
att_13109,pay_104344,Retry after 10 minutes,2,10,Recovered,0.793,3283.9,0.0,2026-06-15 15:00:00
att_13110,pay_100497,OTP reminder,0,15,Pending,0.365,0.0,2506.95,
att_13111,pay_103024,Alternate payment method,0,15,Pending,0.569,0.0,1909.89,
att_13112,pay_104039,UPI payment link,3,15,Failed,0.286,0.0,30082.78,
att_13113,pay_100373,Alternate payment method,3,15,Failed,0.309,0.0,7586.14,
att_13114,pay_100575,Retry after 10 minutes,2,10,Recovered,0.754,3915.96,0.0,2026-06-15 18:26:00
att_13115,pay_104957,UPI payment link,2,15,Failed,0.44,0.0,8483.5,
att_13116,pay_102653,Alternate payment method,2,15,Failed,0.425,0.0,3629.9,
att_13117,pay_104170,UPI payment link,3,15,Recovered,0.264,1340.08,0.0,2026-06-16 04:24:00
att_13118,pay_101267,UPI payment link,3,15,Failed,0.387,0.0,1508.3,
att_13119,pay_101936,Retry after 10 minutes,2,10,Recovered,0.72,3532.49,0.0,2026-06-15 15:09:00
att_13120,pay_101043,Retry after 10 minutes,1,10,Recovered,0.835,1622.99,0.0,2026-06-16 02:13:00
att_13121,pay_102414,UPI payment link,0,15,Pending,0.418,0.0,1739.84,
att_13122,pay_103253,Alternate payment method,1,15,Failed,0.3,0.0,2357.5,
att_13123,pay_103492,Retry after 10 minutes,1,10,Recovered,0.874,550.61,0.0,2026-06-15 19:57:00
att_13124,pay_100908,UPI payment link,0,15,Pending,0.38,0.0,1316.45,
att_13125,pay_101863,Retry after 10 minutes,3,10,Recovered,0.748,1421.24,0.0,2026-06-16 01:09:00
att_13126,pay_102406,Smart gateway retry,1,15,Recovered,0.565,2653.8,0.0,2026-06-15 20:47:00
att_13127,pay_101966,OTP reminder,3,15,Recovered,0.668,1111.76,0.0,2026-06-16 14:51:00
att_13128,pay_103005,Email reminder,2,15,Failed,0.551,0.0,1409.69,
att_13129,pay_100331,UPI payment link,1,15,Failed,0.454,0.0,4318.65,
att_13130,pay_100021,Smart gateway retry,0,15,Pending,0.83,0.0,7732.16,
att_13131,pay_100067,OTP reminder,1,15,Recovered,0.656,1143.73,0.0,2026-06-16 17:32:00
att_13132,pay_104946,Retry after 10 minutes,2,10,Recovered,0.85,1380.52,0.0,2026-06-16 14:42:00
att_13133,pay_102695,Alternate payment method,1,15,Recovered,0.288,1916.61,0.0,2026-06-16 22:43:00
att_13134,pay_102586,Smart gateway retry,1,15,Recovered,0.751,17306.33,0.0,2026-06-16 19:20:00
att_13135,pay_101150,Alternate payment method,2,15,Failed,0.443,0.0,2005.44,
att_13136,pay_104675,Retry after 10 minutes,2,10,Failed,0.75,0.0,6768.21,
att_13137,pay_102766,Smart gateway retry,1,15,Failed,0.843,0.0,4448.82,
att_13138,pay_103010,UPI payment link,3,15,Failed,0.43,0.0,1707.15,
att_13139,pay_103107,Retry after 10 minutes,2,10,Failed,0.679,0.0,1790.93,
att_13140,pay_103947,OTP reminder,2,15,Failed,0.617,0.0,1612.55,
att_13141,pay_104485,UPI payment link,0,15,Pending,0.355,0.0,9814.35,
att_13142,pay_101270,UPI payment link,0,15,Pending,0.418,0.0,8236.6,
att_13143,pay_102278,Retry after 10 minutes,0,10,Recovered,0.733,6764.58,0.0,2026-06-16 21:03:00
att_13144,pay_104477,OTP reminder,2,15,Failed,0.66,0.0,7120.32,
att_13145,pay_104949,Retry after 10 minutes,2,10,Failed,0.886,0.0,2427.86,
att_13146,pay_102355,UPI payment link,2,15,Failed,0.505,0.0,23006.88,
att_13147,pay_100627,Email reminder,2,15,Failed,0.435,0.0,4653.54,
att_13148,pay_100392,Retry after 10 minutes,1,10,Failed,0.791,0.0,2847.32,
att_13149,pay_104092,OTP reminder,0,15,Recovered,0.558,7822.8,0.0,2026-06-16 18:34:00
att_13150,pay_100062,Retry after 10 minutes,2,10,Failed,0.813,0.0,15292.65,
att_13151,pay_101137,Email reminder,0,15,Pending,0.549,0.0,2331.38,
att_13152,pay_103676,OTP reminder,2,15,Failed,0.53,0.0,4404.08,
att_13153,pay_104737,Retry after 10 minutes,2,10,Recovered,0.957,2383.54,0.0,2026-06-17 14:31:00
att_13154,pay_102055,Retry after 10 minutes,1,10,Failed,0.609,0.0,1889.62,
att_13155,pay_100200,UPI payment link,2,15,Failed,0.329,0.0,2695.06,
att_13156,pay_100629,Email reminder,0,15,Pending,0.259,0.0,2038.52,
att_13157,pay_102200,Smart gateway retry,0,15,Pending,0.7,0.0,1996.76,
att_13158,pay_103100,Retry after 10 minutes,0,10,Pending,0.83,0.0,4053.46,
att_13159,pay_101359,Retry after 10 minutes,0,10,Recovered,0.784,10460.87,0.0,2026-06-17 00:58:00
att_13160,pay_104749,Retry after 10 minutes,1,10,Recovered,0.767,3120.19,0.0,2026-06-17 18:40:00
att_13161,pay_101051,UPI payment link,1,15,Failed,0.241,0.0,4369.0,
att_13162,pay_103114,Retry after 10 minutes,3,10,Recovered,0.773,5510.97,0.0,2026-06-17 08:21:00
att_13163,pay_102762,Smart gateway retry,2,15,Failed,0.806,0.0,5515.57,
att_13164,pay_100745,Email reminder,3,15,Failed,0.596,0.0,938.85,
att_13165,pay_102892,Alternate payment method,0,15,Pending,0.328,0.0,3420.49,
att_13166,pay_100052,Smart gateway retry,3,15,Failed,0.744,0.0,2687.72,
att_13167,pay_100300,Email reminder,0,15,Pending,0.605,0.0,1544.49,
att_13168,pay_103236,Smart gateway retry,3,15,Failed,0.796,0.0,3338.85,
att_13169,pay_102190,OTP reminder,3,15,Recovered,0.6,1714.28,0.0,2026-06-17 20:15:00
att_13170,pay_102144,Email reminder,2,15,Recovered,0.597,2601.85,0.0,2026-06-17 21:26:00
att_13171,pay_101772,UPI payment link,3,15,Recovered,0.318,6434.41,0.0,2026-06-18 07:16:00
att_13172,pay_102440,Retry after 10 minutes,0,10,Pending,0.828,0.0,14578.4,
att_13173,pay_102826,Alternate payment method,3,15,Failed,0.355,0.0,1676.6,
att_13174,pay_100193,Alternate payment method,1,15,Recovered,0.207,3536.02,0.0,2026-06-17 17:06:00
att_13175,pay_102849,Alternate payment method,2,15,Failed,0.303,0.0,4045.51,
att_13176,pay_101924,Alternate payment method,2,15,Failed,0.204,0.0,2202.58,
att_13177,pay_101571,UPI payment link,3,15,Failed,0.507,0.0,2244.76,
att_13178,pay_104181,Alternate payment method,3,15,Recovered,0.434,4380.23,0.0,2026-06-17 18:06:00
att_13179,pay_102052,Alternate payment method,0,15,Pending,0.407,0.0,3643.84,
att_13180,pay_100997,Smart gateway retry,3,15,Failed,0.803,0.0,439.12,
att_13181,pay_103085,UPI payment link,3,15,Recovered,0.507,790.73,0.0,2026-06-18 11:37:00
att_13182,pay_100764,Retry after 10 minutes,0,10,Pending,0.681,0.0,3957.66,
att_13183,pay_102485,UPI payment link,0,15,Pending,0.363,0.0,18981.97,
att_13184,pay_103710,Smart gateway retry,2,15,Recovered,0.813,21872.01,0.0,2026-06-18 13:34:00
att_13185,pay_102758,Alternate payment method,3,15,Recovered,0.401,6858.23,0.0,2026-06-18 07:52:00
att_13186,pay_103464,UPI payment link,1,15,Failed,0.419,0.0,1296.78,
att_13187,pay_101698,Alternate payment method,2,15,Failed,0.292,0.0,1767.87,
att_13188,pay_101926,UPI payment link,3,15,Failed,0.438,0.0,3147.23,
att_13189,pay_103847,Retry after 10 minutes,3,10,Recovered,0.828,1375.01,0.0,2026-06-18 07:08:00
att_13190,pay_104785,Smart gateway retry,0,15,Pending,0.674,0.0,2299.42,
att_13191,pay_103856,Alternate payment method,0,15,Pending,0.239,0.0,1165.43,
att_13192,pay_102561,Alternate payment method,0,15,Pending,0.362,0.0,5368.39,
att_13193,pay_103130,Smart gateway retry,2,15,Failed,0.822,0.0,3660.84,
att_13194,pay_101684,Retry after 10 minutes,2,10,Recovered,0.755,2081.38,0.0,2026-06-18 22:53:00
att_13195,pay_100520,Email reminder,0,15,Pending,0.434,0.0,1824.79,
att_13196,pay_103053,Smart gateway retry,3,15,Recovered,0.824,6590.09,0.0,2026-06-18 19:13:00
att_13197,pay_102489,Smart gateway retry,1,15,Failed,0.823,0.0,11525.89,
att_13198,pay_103406,OTP reminder,0,15,Pending,0.643,0.0,3809.63,
att_13199,pay_102884,Retry after 10 minutes,1,10,Failed,0.762,0.0,2739.05,
att_13200,pay_104173,Retry after 10 minutes,3,10,Recovered,0.721,395.81,0.0,2026-06-18 22:25:00
att_13201,pay_104441,UPI payment link,2,15,Failed,0.338,0.0,1753.53,
att_13202,pay_101830,Retry after 10 minutes,1,10,Failed,0.859,0.0,609.68,
att_13203,pay_100043,Retry after 10 minutes,0,10,Pending,0.706,0.0,7213.82,
att_13204,pay_102281,Email reminder,3,15,Failed,0.446,0.0,1044.25,
att_13205,pay_104382,Alternate payment method,2,15,Failed,0.249,0.0,2941.85,
att_13206,pay_104010,Email reminder,1,15,Failed,0.366,0.0,2526.27,
att_13207,pay_104629,Retry after 10 minutes,0,10,Recovered,0.836,2322.81,0.0,2026-06-20 03:10:00
att_13208,pay_104244,Alternate payment method,3,15,Failed,0.231,0.0,1241.76,
att_13209,pay_103853,Alternate payment method,2,15,Failed,0.235,0.0,654.74,
att_13210,pay_104349,UPI payment link,2,15,Recovered,0.54,1519.87,0.0,2026-06-20 04:52:00
att_13211,pay_103405,UPI payment link,3,15,Failed,0.292,0.0,8903.92,
att_13212,pay_104516,Email reminder,3,15,Failed,0.423,0.0,1198.65,
att_13213,pay_104266,UPI payment link,0,15,Recovered,0.365,1476.62,0.0,2026-06-19 10:51:00
att_13214,pay_101362,OTP reminder,0,15,Recovered,0.567,897.79,0.0,2026-06-20 04:54:00
att_13215,pay_100978,Alternate payment method,2,15,Failed,0.297,0.0,2614.42,
att_13216,pay_102584,Retry after 10 minutes,3,10,Failed,0.915,0.0,3997.83,
att_13217,pay_103716,Retry after 10 minutes,2,10,Recovered,0.772,1592.86,0.0,2026-06-19 17:56:00
att_13218,pay_104738,Alternate payment method,3,15,Recovered,0.363,2850.23,0.0,2026-06-19 22:36:00
att_13219,pay_103509,Smart gateway retry,3,15,Failed,0.678,0.0,1711.76,
att_13220,pay_103020,Smart gateway retry,1,15,Failed,0.811,0.0,1029.44,
att_13221,pay_104175,Retry after 10 minutes,2,10,Failed,0.729,0.0,1305.67,
att_13222,pay_102424,Smart gateway retry,3,15,Recovered,0.824,323.87,0.0,2026-06-20 06:43:00
att_13223,pay_104830,UPI payment link,1,15,Failed,0.39,0.0,3978.17,
att_13224,pay_103453,Smart gateway retry,3,15,Failed,0.733,0.0,8918.67,
att_13225,pay_101311,Smart gateway retry,3,15,Failed,0.697,0.0,991.83,
att_13226,pay_101756,Smart gateway retry,0,15,Pending,0.789,0.0,1116.19,
att_13227,pay_104312,UPI payment link,3,15,Failed,0.36,0.0,6833.81,
att_13228,pay_102909,UPI payment link,3,15,Failed,0.289,0.0,5192.73,
att_13229,pay_100138,Alternate payment method,0,15,Pending,0.322,0.0,3496.67,
att_13230,pay_102997,Smart gateway retry,2,15,Recovered,0.913,1324.46,0.0,2026-06-20 03:23:00
att_13231,pay_104228,Retry after 10 minutes,3,10,Recovered,0.97,2202.84,0.0,2026-06-20 03:37:00
att_13232,pay_101406,Alternate payment method,3,15,Failed,0.296,0.0,13053.66,
att_13233,pay_100267,Smart gateway retry,0,15,Pending,0.707,0.0,3517.25,
att_13234,pay_101382,UPI payment link,1,15,Recovered,0.436,1546.47,0.0,2026-06-20 06:10:00
att_13235,pay_101591,UPI payment link,1,15,Failed,0.501,0.0,1474.12,
att_13236,pay_101235,Alternate payment method,2,15,Failed,0.26,0.0,6187.63,
att_13237,pay_103557,UPI payment link,1,15,Failed,0.226,0.0,8573.47,
att_13238,pay_102589,Alternate payment method,0,15,Pending,0.334,0.0,15675.45,
att_13239,pay_104499,UPI payment link,1,15,Recovered,0.374,2522.7,0.0,2026-06-20 19:38:00
att_13240,pay_104900,UPI payment link,1,15,Recovered,0.448,5887.96,0.0,2026-06-21 08:56:00
att_13241,pay_104065,OTP reminder,3,15,Failed,0.518,0.0,2352.44,
att_13242,pay_103173,Alternate payment method,1,15,Failed,0.305,0.0,1262.28,
att_13243,pay_104438,OTP reminder,2,15,Recovered,0.766,2400.48,0.0,2026-06-20 20:46:00
att_13244,pay_101356,Smart gateway retry,0,15,Pending,0.6,0.0,3735.05,
att_13245,pay_104202,Alternate payment method,1,15,Failed,0.224,0.0,3952.88,
att_13246,pay_102739,UPI payment link,2,15,Failed,0.497,0.0,2141.89,
att_13247,pay_101792,Smart gateway retry,1,15,Recovered,0.715,3712.33,0.0,2026-06-20 23:51:00
att_13248,pay_102484,OTP reminder,3,15,Recovered,0.649,394.82,0.0,2026-06-21 07:51:00
att_13249,pay_103090,OTP reminder,1,15,Recovered,0.734,1362.37,0.0,2026-06-21 03:14:00
att_13250,pay_101371,Alternate payment method,1,15,Failed,0.379,0.0,923.74,
att_13251,pay_101646,Smart gateway retry,1,15,Recovered,0.891,4217.39,0.0,2026-06-21 14:02:00
att_13252,pay_104782,Alternate payment method,1,15,Recovered,0.25,21166.74,0.0,2026-06-20 22:33:00
att_13253,pay_101710,Smart gateway retry,0,15,Recovered,0.702,7099.99,0.0,2026-06-21 02:07:00
att_13254,pay_104191,UPI payment link,2,15,Recovered,0.27,25462.95,0.0,2026-06-21 18:34:00
att_13255,pay_102029,Alternate payment method,3,15,Failed,0.169,0.0,2465.92,
att_13256,pay_100990,Retry after 10 minutes,0,10,Pending,0.872,0.0,4866.11,
att_13257,pay_102073,OTP reminder,2,15,Recovered,0.555,836.71,0.0,2026-06-21 02:11:00
att_13258,pay_100196,UPI payment link,3,15,Failed,0.47,0.0,480.84,
att_13259,pay_101977,Retry after 10 minutes,2,10,Failed,0.849,0.0,4722.95,
att_13260,pay_102326,Smart gateway retry,0,15,Recovered,0.788,110.62,0.0,2026-06-21 05:17:00
att_13261,pay_102490,OTP reminder,0,15,Recovered,0.645,886.71,0.0,2026-06-21 16:28:00
att_13262,pay_103212,Alternate payment method,1,15,Failed,0.507,0.0,5602.17,
att_13263,pay_101329,UPI payment link,1,15,Failed,0.364,0.0,1317.52,
att_13264,pay_104254,Alternate payment method,1,15,Failed,0.353,0.0,4667.32,
att_13265,pay_104217,Alternate payment method,0,15,Pending,0.253,0.0,4024.87,
att_13266,pay_101973,Retry after 10 minutes,1,10,Recovered,0.831,6092.37,0.0,2026-06-22 00:42:00
att_13267,pay_103728,UPI payment link,3,15,Failed,0.454,0.0,2509.19,
att_13268,pay_101159,UPI payment link,3,15,Failed,0.337,0.0,727.34,
att_13269,pay_103486,Retry after 10 minutes,3,10,Failed,0.962,0.0,1502.38,
att_13270,pay_102460,OTP reminder,1,15,Recovered,0.495,5636.52,0.0,2026-06-21 20:19:00
att_13271,pay_103084,Retry after 10 minutes,3,10,Failed,0.772,0.0,2222.76,
att_13272,pay_103985,UPI payment link,2,15,Failed,0.356,0.0,1759.7,
att_13273,pay_101781,Alternate payment method,2,15,Failed,0.395,0.0,2873.57,
att_13274,pay_103596,Alternate payment method,1,15,Failed,0.312,0.0,2631.49,
att_13275,pay_101899,Smart gateway retry,2,15,Failed,0.84,0.0,2476.57,
att_13276,pay_104461,Retry after 10 minutes,3,10,Failed,0.85,0.0,866.36,
att_13277,pay_104565,Retry after 10 minutes,2,10,Failed,0.914,0.0,2743.15,
att_13278,pay_104253,Alternate payment method,2,15,Failed,0.223,0.0,679.89,
att_13279,pay_100198,Alternate payment method,2,15,Recovered,0.267,10940.32,0.0,2026-06-21 22:03:00
att_13280,pay_101175,Email reminder,3,15,Failed,0.404,0.0,6170.31,
att_13281,pay_104939,Alternate payment method,0,15,Pending,0.464,0.0,2167.76,
att_13282,pay_101141,Email reminder,0,15,Pending,0.288,0.0,1741.3,
att_13283,pay_104967,Email reminder,0,15,Pending,0.354,0.0,1580.44,
att_13284,pay_100626,Retry after 10 minutes,2,10,Recovered,0.886,1216.34,0.0,2026-06-21 23:53:00
att_13285,pay_103250,UPI payment link,1,15,Failed,0.338,0.0,16470.34,
att_13286,pay_101770,Email reminder,0,15,Recovered,0.427,1980.86,0.0,2026-06-22 10:35:00
att_13287,pay_102322,Smart gateway retry,0,15,Pending,0.625,0.0,2340.0,
att_13288,pay_104888,UPI payment link,3,15,Failed,0.37,0.0,544.96,
att_13289,pay_103826,OTP reminder,2,15,Recovered,0.676,2444.64,0.0,2026-06-22 03:21:00
att_13290,pay_102366,Alternate payment method,1,15,Failed,0.526,0.0,734.08,
att_13291,pay_103433,Alternate payment method,1,15,Failed,0.377,0.0,2946.54,
att_13292,pay_103394,UPI payment link,3,15,Failed,0.455,0.0,794.83,
att_13293,pay_104388,Retry after 10 minutes,1,10,Failed,0.815,0.0,741.02,
att_13294,pay_104099,Email reminder,0,15,Pending,0.589,0.0,796.51,
att_13295,pay_102203,Alternate payment method,0,15,Pending,0.266,0.0,14645.44,
att_13296,pay_104048,UPI payment link,3,15,Failed,0.38,0.0,2505.24,
att_13297,pay_100370,OTP reminder,3,15,Failed,0.525,0.0,988.11,
att_13298,pay_104776,Retry after 10 minutes,1,10,Failed,0.76,0.0,1050.45,
att_13299,pay_104240,Smart gateway retry,2,15,Failed,0.795,0.0,1064.95,
att_13300,pay_102636,UPI payment link,2,15,Failed,0.412,0.0,1671.11,
att_13301,pay_103995,Retry after 10 minutes,3,10,Recovered,0.73,32518.89,0.0,2026-06-22 22:06:00
att_13302,pay_103658,Alternate payment method,0,15,Pending,0.337,0.0,337.95,
att_13303,pay_100168,Alternate payment method,2,15,Failed,0.181,0.0,979.15,
att_13304,pay_102159,OTP reminder,2,15,Failed,0.77,0.0,1542.34,
att_13305,pay_101029,OTP reminder,0,15,Pending,0.509,0.0,661.2,
att_13306,pay_100486,Email reminder,0,15,Recovered,0.627,16871.56,0.0,2026-06-22 15:32:00
att_13307,pay_101068,Retry after 10 minutes,1,10,Failed,0.761,0.0,7906.5,
att_13308,pay_100737,Alternate payment method,0,15,Pending,0.474,0.0,3927.03,
att_13309,pay_103769,Email reminder,3,15,Failed,0.298,0.0,29022.66,
att_13310,pay_104412,Smart gateway retry,0,15,Pending,0.665,0.0,2131.07,
att_13311,pay_101510,Email reminder,2,15,Failed,0.357,0.0,1465.27,
att_13312,pay_101904,Retry after 10 minutes,3,10,Recovered,0.98,8471.62,0.0,2026-06-22 22:25:00
att_13313,pay_101493,Email reminder,2,15,Failed,0.41,0.0,2227.31,
att_13314,pay_101776,Retry after 10 minutes,1,10,Recovered,0.923,1607.36,0.0,2026-06-23 12:42:00
att_13315,pay_103521,Alternate payment method,2,15,Recovered,0.254,1581.53,0.0,2026-06-23 13:07:00
att_13316,pay_100293,Retry after 10 minutes,3,10,Failed,0.925,0.0,8332.0,
att_13317,pay_104652,Retry after 10 minutes,0,10,Recovered,0.806,2891.14,0.0,2026-06-23 16:14:00
att_13318,pay_101144,Smart gateway retry,3,15,Failed,0.687,0.0,716.62,
att_13319,pay_104924,Smart gateway retry,3,15,Failed,0.756,0.0,2750.7,
att_13320,pay_101513,UPI payment link,3,15,Recovered,0.382,678.25,0.0,2026-06-23 12:59:00
att_13321,pay_103771,Retry after 10 minutes,3,10,Recovered,0.811,5739.89,0.0,2026-06-24 00:39:00
att_13322,pay_103622,UPI payment link,2,15,Recovered,0.376,929.56,0.0,2026-06-23 13:33:00
att_13323,pay_102649,Retry after 10 minutes,1,10,Failed,0.683,0.0,2839.12,
att_13324,pay_104950,UPI payment link,0,15,Pending,0.381,0.0,655.61,
att_13325,pay_102068,Retry after 10 minutes,2,10,Recovered,0.753,2667.1,0.0,2026-06-24 00:59:00
att_13326,pay_100076,UPI payment link,2,15,Recovered,0.472,7416.97,0.0,2026-06-23 05:41:00
att_13327,pay_103573,OTP reminder,0,15,Pending,0.544,0.0,953.36,
att_13328,pay_100253,Retry after 10 minutes,1,10,Failed,0.783,0.0,4257.74,
att_13329,pay_104496,UPI payment link,3,15,Failed,0.429,0.0,1343.96,
att_13330,pay_104817,UPI payment link,0,15,Pending,0.326,0.0,237.18,
att_13331,pay_104150,UPI payment link,0,15,Pending,0.286,0.0,1404.23,
att_13332,pay_102575,OTP reminder,3,15,Recovered,0.823,1216.6,0.0,2026-06-23 11:18:00
att_13333,pay_101094,Alternate payment method,2,15,Failed,0.268,0.0,2585.62,
att_13334,pay_104040,UPI payment link,2,15,Failed,0.431,0.0,7216.9,
att_13335,pay_100645,Retry after 10 minutes,0,10,Pending,0.907,0.0,1476.79,
att_13336,pay_101914,Retry after 10 minutes,0,10,Recovered,0.757,553.19,0.0,2026-06-23 22:57:00
att_13337,pay_103042,UPI payment link,3,15,Failed,0.491,0.0,736.71,
att_13338,pay_102150,Smart gateway retry,1,15,Recovered,0.718,6975.97,0.0,2026-06-23 23:51:00
att_13339,pay_104255,Alternate payment method,3,15,Failed,0.353,0.0,4980.69,
att_13340,pay_104337,Alternate payment method,2,15,Failed,0.371,0.0,2537.27,
att_13341,pay_103606,UPI payment link,2,15,Failed,0.263,0.0,1511.28,
att_13342,pay_100631,Alternate payment method,0,15,Recovered,0.46,3529.83,0.0,2026-06-24 10:13:00
att_13343,pay_102346,OTP reminder,0,15,Recovered,0.472,6148.61,0.0,2026-06-24 16:23:00
att_13344,pay_104256,UPI payment link,0,15,Pending,0.291,0.0,7690.53,
att_13345,pay_104743,Alternate payment method,0,15,Pending,0.386,0.0,1356.94,
att_13346,pay_102091,Email reminder,0,15,Pending,0.358,0.0,2776.96,
att_13347,pay_104440,UPI payment link,3,15,Recovered,0.28,1660.57,0.0,2026-06-24 02:56:00
att_13348,pay_103693,Retry after 10 minutes,1,10,Recovered,0.92,2616.45,0.0,2026-06-24 00:35:00
att_13349,pay_102536,OTP reminder,1,15,Failed,0.5,0.0,372.52,
att_13350,pay_102306,Retry after 10 minutes,2,10,Recovered,0.828,2995.48,0.0,2026-06-24 19:33:00
att_13351,pay_100065,OTP reminder,2,15,Recovered,0.691,3941.01,0.0,2026-06-24 11:45:00
att_13352,pay_102920,Email reminder,1,15,Recovered,0.26,3066.89,0.0,2026-06-24 07:03:00
att_13353,pay_101387,OTP reminder,3,15,Recovered,0.643,1628.2,0.0,2026-06-24 11:15:00
att_13354,pay_103858,OTP reminder,2,15,Failed,0.6,0.0,589.31,
att_13355,pay_101248,UPI payment link,3,15,Failed,0.445,0.0,9527.39,
att_13356,pay_102082,Smart gateway retry,1,15,Failed,0.909,0.0,6212.77,
att_13357,pay_104680,Alternate payment method,3,15,Failed,0.289,0.0,4780.74,
att_13358,pay_104074,Retry after 10 minutes,0,10,Recovered,0.957,3792.55,0.0,2026-06-24 11:05:00
att_13359,pay_104611,Smart gateway retry,1,15,Recovered,0.804,472.04,0.0,2026-06-24 11:30:00
att_13360,pay_102525,Alternate payment method,3,15,Failed,0.418,0.0,2221.21,
att_13361,pay_104109,Retry after 10 minutes,0,10,Recovered,0.9,4107.91,0.0,2026-06-25 03:22:00
att_13362,pay_104050,UPI payment link,2,15,Failed,0.364,0.0,2172.82,
att_13363,pay_102282,Alternate payment method,2,15,Failed,0.327,0.0,1131.14,
att_13364,pay_104409,Smart gateway retry,3,15,Failed,0.89,0.0,297.99,
att_13365,pay_100606,Alternate payment method,1,15,Recovered,0.436,1671.94,0.0,2026-06-24 21:55:00
att_13366,pay_104867,Retry after 10 minutes,3,10,Recovered,0.815,1960.42,0.0,2026-06-25 03:37:00
att_13367,pay_101503,Smart gateway retry,0,15,Recovered,0.684,1532.65,0.0,2026-06-24 22:57:00
att_13368,pay_101403,Alternate payment method,3,15,Failed,0.502,0.0,485.32,
att_13369,pay_103734,UPI payment link,3,15,Failed,0.311,0.0,618.38,
att_13370,pay_102151,Smart gateway retry,3,15,Recovered,0.731,1502.89,0.0,2026-06-25 08:54:00
att_13371,pay_102291,OTP reminder,2,15,Recovered,0.661,1857.36,0.0,2026-06-25 09:36:00
att_13372,pay_101949,Smart gateway retry,3,15,Failed,0.737,0.0,2684.1,
att_13373,pay_102551,Alternate payment method,0,15,Recovered,0.364,405.9,0.0,2026-06-25 06:58:00
att_13374,pay_100166,Retry after 10 minutes,0,10,Recovered,0.915,3022.95,0.0,2026-06-25 05:19:00
att_13375,pay_103755,Smart gateway retry,2,15,Failed,0.701,0.0,1732.74,
att_13376,pay_100594,Alternate payment method,0,15,Pending,0.519,0.0,1676.62,
att_13377,pay_102927,OTP reminder,0,15,Pending,0.6,0.0,2278.46,
att_13378,pay_102587,Alternate payment method,1,15,Recovered,0.41,4551.44,0.0,2026-06-25 13:36:00
att_13379,pay_100320,UPI payment link,0,15,Pending,0.33,0.0,1723.41,
att_13380,pay_102129,Smart gateway retry,1,15,Failed,0.693,0.0,853.27,
att_13381,pay_102483,Smart gateway retry,0,15,Pending,0.797,0.0,1314.23,
att_13382,pay_100402,Retry after 10 minutes,2,10,Recovered,0.751,2956.87,0.0,2026-06-25 05:10:00
att_13383,pay_102270,Retry after 10 minutes,0,10,Recovered,0.677,2310.3,0.0,2026-06-25 06:25:00
att_13384,pay_103446,UPI payment link,2,15,Failed,0.437,0.0,2662.93,
att_13385,pay_104475,Alternate payment method,1,15,Failed,0.529,0.0,3243.88,
att_13386,pay_101434,UPI payment link,2,15,Recovered,0.545,1279.19,0.0,2026-06-25 15:54:00
att_13387,pay_101755,Email reminder,0,15,Pending,0.246,0.0,6016.36,
att_13388,pay_102015,Alternate payment method,3,15,Recovered,0.498,5069.59,0.0,2026-06-25 08:09:00
att_13389,pay_101526,Alternate payment method,3,15,Failed,0.158,0.0,6753.73,
att_13390,pay_101438,UPI payment link,2,15,Failed,0.354,0.0,4627.4,
att_13391,pay_100524,Alternate payment method,3,15,Failed,0.243,0.0,785.24,
att_13392,pay_101575,UPI payment link,3,15,Recovered,0.469,3978.57,0.0,2026-06-25 15:40:00
att_13393,pay_102271,UPI payment link,1,15,Failed,0.375,0.0,5423.02,
att_13394,pay_100553,Alternate payment method,1,15,Failed,0.555,0.0,601.2,
att_13395,pay_101585,UPI payment link,0,15,Recovered,0.229,2540.89,0.0,2026-06-25 19:02:00
att_13396,pay_104000,Smart gateway retry,1,15,Failed,0.801,0.0,4672.97,
att_13397,pay_101603,UPI payment link,3,15,Failed,0.496,0.0,938.98,
att_13398,pay_100337,Retry after 10 minutes,0,10,Pending,0.764,0.0,504.41,
att_13399,pay_100967,Alternate payment method,0,15,Pending,0.335,0.0,2689.14,
att_13400,pay_101176,Retry after 10 minutes,1,10,Failed,0.925,0.0,4303.2,
att_13401,pay_104376,Retry after 10 minutes,1,10,Recovered,0.842,707.16,0.0,2026-06-25 15:58:00
att_13402,pay_103789,Retry after 10 minutes,2,10,Recovered,0.786,5612.36,0.0,2026-06-26 10:31:00
att_13403,pay_100987,UPI payment link,2,15,Failed,0.295,0.0,1039.92,
att_13404,pay_102166,OTP reminder,2,15,Recovered,0.768,637.65,0.0,2026-06-26 02:49:00
att_13405,pay_100367,Retry after 10 minutes,1,10,Failed,0.833,0.0,13783.25,
att_13406,pay_100308,Email reminder,1,15,Failed,0.499,0.0,2739.08,
att_13407,pay_100798,Alternate payment method,3,15,Failed,0.415,0.0,31611.45,
att_13408,pay_102866,OTP reminder,2,15,Failed,0.584,0.0,1540.39,
att_13409,pay_104439,Retry after 10 minutes,1,10,Recovered,0.669,7250.47,0.0,2026-06-26 18:59:00
att_13410,pay_102433,OTP reminder,1,15,Recovered,0.759,18774.83,0.0,2026-06-26 02:51:00
att_13411,pay_100747,Retry after 10 minutes,3,10,Recovered,0.725,4310.11,0.0,2026-06-26 18:10:00
att_13412,pay_104273,Alternate payment method,0,15,Pending,0.325,0.0,1875.95,
att_13413,pay_101013,UPI payment link,0,15,Pending,0.222,0.0,231.23,
att_13414,pay_104424,UPI payment link,3,15,Failed,0.358,0.0,1835.02,
att_13415,pay_103163,OTP reminder,2,15,Failed,0.621,0.0,1230.95,
att_13416,pay_101033,Smart gateway retry,1,15,Recovered,0.68,373.86,0.0,2026-06-26 23:36:00
att_13417,pay_100446,Retry after 10 minutes,3,10,Recovered,0.842,5849.4,0.0,2026-06-27 02:41:00
att_13418,pay_103097,UPI payment link,0,15,Pending,0.468,0.0,1174.59,
att_13419,pay_100748,OTP reminder,3,15,Recovered,0.589,3865.21,0.0,2026-06-26 23:22:00
att_13420,pay_104602,Alternate payment method,3,15,Failed,0.286,0.0,5033.9,
att_13421,pay_101820,Retry after 10 minutes,3,10,Failed,0.695,0.0,1895.59,
att_13422,pay_104664,OTP reminder,3,15,Recovered,0.692,1141.34,0.0,2026-06-27 02:25:00
att_13423,pay_101461,Smart gateway retry,2,15,Failed,0.707,0.0,7012.84,
att_13424,pay_100087,Retry after 10 minutes,3,10,Recovered,0.945,2350.78,0.0,2026-06-26 20:36:00
att_13425,pay_103941,Smart gateway retry,3,15,Failed,0.822,0.0,444.6,
att_13426,pay_101059,Retry after 10 minutes,2,10,Recovered,0.98,1457.76,0.0,2026-06-27 05:03:00
att_13427,pay_102780,Retry after 10 minutes,1,10,Failed,0.78,0.0,3271.2,
att_13428,pay_102807,Smart gateway retry,1,15,Recovered,0.667,2002.14,0.0,2026-06-26 19:38:00
att_13429,pay_103502,Retry after 10 minutes,3,10,Recovered,0.946,1011.99,0.0,2026-06-27 14:53:00
att_13430,pay_100525,Smart gateway retry,3,15,Recovered,0.707,919.98,0.0,2026-06-27 09:59:00
att_13431,pay_100399,Alternate payment method,3,15,Recovered,0.425,2183.91,0.0,2026-06-27 09:57:00
att_13432,pay_100332,UPI payment link,2,15,Failed,0.466,0.0,1813.06,
att_13433,pay_103986,Smart gateway retry,0,15,Recovered,0.689,1994.92,0.0,2026-06-27 11:43:00
att_13434,pay_104568,Retry after 10 minutes,2,10,Failed,0.881,0.0,971.61,
att_13435,pay_102354,Smart gateway retry,2,15,Recovered,0.776,4434.32,0.0,2026-06-27 03:56:00
att_13436,pay_100238,Smart gateway retry,0,15,Pending,0.668,0.0,2075.49,
att_13437,pay_103372,Alternate payment method,0,15,Pending,0.5,0.0,3316.11,
att_13438,pay_104289,Retry after 10 minutes,3,10,Failed,0.848,0.0,7101.19,
att_13439,pay_103061,Alternate payment method,3,15,Failed,0.354,0.0,3724.89,
att_13440,pay_103696,Alternate payment method,3,15,Failed,0.278,0.0,645.89,
att_13441,pay_101778,OTP reminder,2,15,Failed,0.518,0.0,2436.54,
att_13442,pay_103583,Alternate payment method,3,15,Failed,0.506,0.0,10596.11,
att_13443,pay_102308,Email reminder,3,15,Failed,0.397,0.0,10404.07,
att_13444,pay_104446,Smart gateway retry,2,15,Failed,0.661,0.0,6336.86,
att_13445,pay_102126,Retry after 10 minutes,2,10,Recovered,0.76,3543.46,0.0,2026-06-27 09:27:00
att_13446,pay_101185,UPI payment link,0,15,Recovered,0.414,2870.06,0.0,2026-06-27 08:43:00
att_13447,pay_104587,Retry after 10 minutes,2,10,Failed,0.675,0.0,485.48,
att_13448,pay_103548,Alternate payment method,1,15,Failed,0.45,0.0,304.6,
att_13449,pay_104494,OTP reminder,3,15,Failed,0.511,0.0,2904.68,
att_13450,pay_104666,UPI payment link,2,15,Failed,0.241,0.0,4217.6,
att_13451,pay_101104,OTP reminder,1,15,Failed,0.64,0.0,2867.71,
att_13452,pay_104788,UPI payment link,0,15,Recovered,0.494,1013.18,0.0,2026-06-28 03:36:00
att_13453,pay_104038,Smart gateway retry,3,15,Recovered,0.729,2517.93,0.0,2026-06-28 04:02:00
att_13454,pay_103341,Retry after 10 minutes,0,10,Recovered,0.701,717.49,0.0,2026-06-27 15:45:00
att_13455,pay_100225,Smart gateway retry,3,15,Failed,0.832,0.0,13019.28,
att_13456,pay_101390,UPI payment link,1,15,Failed,0.326,0.0,1167.24,
att_13457,pay_102594,UPI payment link,3,15,Failed,0.458,0.0,5315.24,
att_13458,pay_104745,Smart gateway retry,0,15,Pending,0.797,0.0,1069.9,
att_13459,pay_102186,UPI payment link,1,15,Failed,0.581,0.0,620.02,
att_13460,pay_102088,Retry after 10 minutes,3,10,Recovered,0.777,402.2,0.0,2026-06-28 10:00:00
att_13461,pay_101154,Alternate payment method,1,15,Recovered,0.257,3879.27,0.0,2026-06-27 19:27:00
att_13462,pay_100951,Email reminder,2,15,Recovered,0.405,2690.22,0.0,2026-06-28 02:27:00
att_13463,pay_101837,Smart gateway retry,3,15,Failed,0.684,0.0,8171.23,
att_13464,pay_100135,UPI payment link,2,15,Failed,0.496,0.0,950.45,
att_13465,pay_102707,UPI payment link,1,15,Failed,0.406,0.0,1532.58,
att_13466,pay_103898,UPI payment link,2,15,Failed,0.271,0.0,924.58,
att_13467,pay_104176,Retry after 10 minutes,1,10,Failed,0.819,0.0,4492.08,
att_13468,pay_104374,Smart gateway retry,2,15,Recovered,0.98,7721.97,0.0,2026-06-28 21:25:00
att_13469,pay_103741,Smart gateway retry,3,15,Recovered,0.779,855.54,0.0,2026-06-28 23:11:00
att_13470,pay_103105,Alternate payment method,1,15,Failed,0.249,0.0,4575.1,
att_13471,pay_102020,Retry after 10 minutes,2,10,Failed,0.725,0.0,1412.61,
att_13472,pay_102051,UPI payment link,0,15,Pending,0.584,0.0,1005.24,
att_13473,pay_100306,Retry after 10 minutes,3,10,Failed,0.86,0.0,7676.78,
att_13474,pay_100801,Email reminder,3,15,Recovered,0.624,1582.92,0.0,2026-06-28 16:11:00
att_13475,pay_101475,Retry after 10 minutes,3,10,Recovered,0.674,10243.12,0.0,2026-06-28 13:10:00
att_13476,pay_102996,Retry after 10 minutes,0,10,Pending,0.845,0.0,2493.23,
att_13477,pay_102775,UPI payment link,2,15,Failed,0.429,0.0,4268.31,
att_13478,pay_101366,UPI payment link,0,15,Recovered,0.518,2638.36,0.0,2026-06-28 09:44:00
att_13479,pay_101822,Retry after 10 minutes,3,10,Failed,0.723,0.0,1051.3,
att_13480,pay_104157,UPI payment link,0,15,Pending,0.309,0.0,2989.0,
att_13481,pay_100189,Alternate payment method,3,15,Failed,0.334,0.0,4042.07,
att_13482,pay_101600,UPI payment link,3,15,Failed,0.365,0.0,4280.95,
att_13483,pay_100927,Alternate payment method,2,15,Recovered,0.408,5451.67,0.0,2026-06-29 03:36:00
att_13484,pay_102466,Smart gateway retry,0,15,Pending,0.863,0.0,5629.64,
att_13485,pay_103429,Retry after 10 minutes,2,10,Recovered,0.804,3818.1,0.0,2026-06-28 11:26:00
att_13486,pay_100441,Smart gateway retry,1,15,Recovered,0.789,2164.88,0.0,2026-06-28 15:27:00
att_13487,pay_104698,Retry after 10 minutes,0,10,Pending,0.721,0.0,1277.22,
att_13488,pay_103843,Smart gateway retry,0,15,Recovered,0.792,1387.66,0.0,2026-06-29 03:21:00
att_13489,pay_102832,Retry after 10 minutes,3,10,Recovered,0.863,1843.36,0.0,2026-06-29 12:22:00
att_13490,pay_100262,UPI payment link,2,15,Recovered,0.343,430.29,0.0,2026-06-29 06:33:00
att_13491,pay_101402,Alternate payment method,1,15,Failed,0.431,0.0,33055.33,
att_13492,pay_103204,Smart gateway retry,0,15,Recovered,0.706,5822.96,0.0,2026-06-29 03:54:00
att_13493,pay_104510,OTP reminder,0,15,Pending,0.485,0.0,3022.55,
att_13494,pay_101399,Retry after 10 minutes,0,10,Pending,0.744,0.0,1771.89,
att_13495,pay_104589,UPI payment link,2,15,Failed,0.337,0.0,3039.03,
att_13496,pay_101315,OTP reminder,1,15,Recovered,0.732,1868.17,0.0,2026-06-28 23:33:00
att_13497,pay_100352,UPI payment link,3,15,Recovered,0.295,2598.89,0.0,2026-06-28 23:18:00
att_13498,pay_100970,Email reminder,3,15,Failed,0.481,0.0,3979.68,
att_13499,pay_103474,Retry after 10 minutes,3,10,Recovered,0.83,2825.42,0.0,2026-06-29 09:05:00
att_13500,pay_101238,UPI payment link,3,15,Failed,0.485,0.0,1079.63,
att_13501,pay_104815,Retry after 10 minutes,2,10,Failed,0.738,0.0,2984.96,
att_13502,pay_104481,UPI payment link,0,15,Pending,0.28,0.0,471.35,
att_13503,pay_102272,UPI payment link,3,15,Failed,0.415,0.0,3991.39,
att_13504,pay_100637,Retry after 10 minutes,1,10,Failed,0.874,0.0,446.35,
att_13505,pay_104204,Retry after 10 minutes,0,10,Pending,0.793,0.0,3206.78,
att_13506,pay_100418,UPI payment link,2,15,Recovered,0.383,2073.47,0.0,2026-06-29 21:42:00
att_13507,pay_101337,Alternate payment method,1,15,Failed,0.452,0.0,600.25,
att_13508,pay_103177,UPI payment link,1,15,Failed,0.372,0.0,5891.42,
att_13509,pay_101580,Alternate payment method,0,15,Pending,0.326,0.0,2608.88,
att_13510,pay_101906,Retry after 10 minutes,1,10,Recovered,0.738,5942.51,0.0,2026-06-30 04:00:00
att_13511,pay_104938,OTP reminder,2,15,Recovered,0.499,306.04,0.0,2026-06-30 04:31:00
att_13512,pay_101861,Smart gateway retry,2,15,Recovered,0.824,11791.42,0.0,2026-06-30 07:29:00
att_13513,pay_104770,Email reminder,3,15,Failed,0.342,0.0,1246.64,
att_13514,pay_100795,UPI payment link,1,15,Failed,0.556,0.0,3787.15,
att_13515,pay_103591,OTP reminder,1,15,Failed,0.763,0.0,1452.01,
att_13516,pay_102254,OTP reminder,3,15,Failed,0.591,0.0,4078.79,
att_13517,pay_101645,Alternate payment method,1,15,Failed,0.332,0.0,8388.17,
att_13518,pay_104396,UPI payment link,0,15,Pending,0.343,0.0,8200.62,
att_13519,pay_100270,Smart gateway retry,3,15,Recovered,0.81,1170.51,0.0,2026-06-29 14:13:00
att_13520,pay_101819,Email reminder,1,15,Recovered,0.468,5480.08,0.0,2026-06-30 10:21:00
att_13521,pay_103436,Retry after 10 minutes,2,10,Recovered,0.881,16814.03,0.0,2026-06-30 12:07:00
att_13522,pay_100153,Smart gateway retry,0,15,Pending,0.731,0.0,1759.72,
att_13523,pay_101450,Retry after 10 minutes,1,10,Failed,0.752,0.0,586.8,
att_13524,pay_104648,Alternate payment method,0,15,Pending,0.456,0.0,3387.75,
att_13525,pay_104616,Alternate payment method,2,15,Failed,0.28,0.0,2383.49,
att_13526,pay_104579,Smart gateway retry,2,15,Failed,0.648,0.0,14396.32,
att_13527,pay_101113,OTP reminder,3,15,Recovered,0.554,1329.87,0.0,2026-06-30 16:56:00
att_13528,pay_104262,OTP reminder,2,15,Recovered,0.619,2453.17,0.0,2026-06-30 06:28:00
att_13529,pay_102582,Email reminder,0,15,Pending,0.659,0.0,1184.44,
att_13530,pay_103041,Alternate payment method,3,15,Failed,0.424,0.0,1712.86,
att_13531,pay_104114,Retry after 10 minutes,3,10,Failed,0.815,0.0,1745.54,
att_13532,pay_101560,Retry after 10 minutes,3,10,Failed,0.876,0.0,11307.56,
att_13533,pay_103524,Email reminder,2,15,Failed,0.348,0.0,1485.72,
att_13534,pay_100341,Smart gateway retry,2,15,Recovered,0.756,4215.8,0.0,2026-07-01 01:19:00
att_13535,pay_102196,OTP reminder,0,15,Pending,0.655,0.0,2819.57,
att_13536,pay_104724,UPI payment link,3,15,Failed,0.246,0.0,3071.02,
att_13537,pay_101482,UPI payment link,1,15,Failed,0.515,0.0,2970.9,
att_13538,pay_104506,Smart gateway retry,3,15,Failed,0.706,0.0,4184.52,
att_13539,pay_100494,UPI payment link,2,15,Recovered,0.309,448.9,0.0,2026-07-01 08:00:00
att_13540,pay_103595,Retry after 10 minutes,0,10,Recovered,0.8,3700.14,0.0,2026-07-01 09:24:00
att_13541,pay_102228,Retry after 10 minutes,1,10,Failed,0.871,0.0,3026.43,
att_13542,pay_102540,UPI payment link,1,15,Failed,0.375,0.0,4927.53,
att_13543,pay_102040,UPI payment link,3,15,Failed,0.306,0.0,3246.15,
att_13544,pay_103388,Alternate payment method,2,15,Failed,0.368,0.0,4239.88,
att_13545,pay_103698,OTP reminder,1,15,Failed,0.741,0.0,849.16,
att_13546,pay_103293,UPI payment link,2,15,Failed,0.386,0.0,1287.25,
att_13547,pay_102185,Retry after 10 minutes,2,10,Failed,0.729,0.0,1462.95,
att_13548,pay_102397,Smart gateway retry,2,15,Failed,0.76,0.0,6194.95,
att_13549,pay_100840,Alternate payment method,0,15,Pending,0.238,0.0,2579.52,
att_13550,pay_102806,Email reminder,1,15,Failed,0.42,0.0,1299.28,
att_13551,pay_102418,Retry after 10 minutes,3,10,Failed,0.817,0.0,11609.32,
att_13552,pay_101229,UPI payment link,3,15,Failed,0.441,0.0,1413.03,
att_13553,pay_100095,Retry after 10 minutes,2,10,Recovered,0.912,4021.83,0.0,2026-07-01 15:45:00
att_13554,pay_100659,OTP reminder,2,15,Recovered,0.654,893.92,0.0,2026-07-01 07:06:00
att_13555,pay_104687,UPI payment link,2,15,Recovered,0.343,4339.21,0.0,2026-07-01 14:16:00
att_13556,pay_103367,Alternate payment method,0,15,Pending,0.405,0.0,1115.12,
att_13557,pay_100480,UPI payment link,1,15,Failed,0.26,0.0,414.51,
att_13558,pay_100854,OTP reminder,2,15,Recovered,0.742,1372.85,0.0,2026-06-30 19:18:00
att_13559,pay_104631,Smart gateway retry,3,15,Failed,0.769,0.0,2391.1,
att_13560,pay_101992,OTP reminder,2,15,Failed,0.638,0.0,3801.29,
att_13561,pay_103715,Retry after 10 minutes,1,10,Failed,0.75,0.0,2901.2,
att_13562,pay_104023,UPI payment link,2,15,Failed,0.393,0.0,4391.52,
att_13563,pay_100449,UPI payment link,1,15,Failed,0.533,0.0,4572.15,
att_13564,pay_102218,UPI payment link,3,15,Failed,0.355,0.0,729.2,
att_13565,pay_102192,Retry after 10 minutes,0,10,Recovered,0.713,1063.29,0.0,2026-07-01 08:34:00
att_13566,pay_102811,OTP reminder,2,15,Recovered,0.617,875.55,0.0,2026-07-01 15:20:00
att_13567,pay_104906,UPI payment link,0,15,Recovered,0.302,452.98,0.0,2026-07-02 03:55:00
att_13568,pay_104710,Smart gateway retry,0,15,Pending,0.614,0.0,5476.62,
att_13569,pay_103993,Alternate payment method,1,15,Failed,0.33,0.0,6969.9,
att_13570,pay_101208,OTP reminder,0,15,Recovered,0.654,4434.89,0.0,2026-07-01 13:46:00
att_13571,pay_104081,Email reminder,0,15,Pending,0.367,0.0,3955.0,
att_13572,pay_101381,Alternate payment method,0,15,Pending,0.281,0.0,3110.0,
att_13573,pay_100533,UPI payment link,2,15,Recovered,0.451,448.99,0.0,2026-07-02 03:43:00
att_13574,pay_103598,Smart gateway retry,0,15,Recovered,0.969,1954.53,0.0,2026-07-01 15:18:00
att_13575,pay_100298,Email reminder,0,15,Pending,0.501,0.0,2881.46,
att_13576,pay_102705,Email reminder,2,15,Recovered,0.538,2624.81,0.0,2026-07-02 06:09:00
att_13577,pay_103419,OTP reminder,2,15,Failed,0.558,0.0,635.58,
att_13578,pay_100813,UPI payment link,1,15,Failed,0.435,0.0,988.54,
att_13579,pay_102109,Smart gateway retry,1,15,Recovered,0.913,5093.68,0.0,2026-07-01 20:25:00
att_13580,pay_101409,Alternate payment method,2,15,Failed,0.318,0.0,4636.08,
att_13581,pay_102978,Retry after 10 minutes,2,10,Failed,0.795,0.0,1486.87,
att_13582,pay_102786,UPI payment link,3,15,Failed,0.693,0.0,2160.82,
att_13583,pay_102870,Email reminder,3,15,Failed,0.443,0.0,4620.67,
att_13584,pay_103038,Retry after 10 minutes,3,10,Failed,0.794,0.0,3681.41,
att_13585,pay_104014,OTP reminder,3,15,Failed,0.643,0.0,3495.85,
att_13586,pay_101916,Alternate payment method,2,15,Recovered,0.279,2357.24,0.0,2026-07-02 10:29:00
att_13587,pay_100572,Alternate payment method,0,15,Pending,0.318,0.0,8754.91,
att_13588,pay_100151,UPI payment link,1,15,Failed,0.419,0.0,464.51,
att_13589,pay_102110,Alternate payment method,3,15,Failed,0.344,0.0,9804.3,
att_13590,pay_100313,UPI payment link,3,15,Failed,0.405,0.0,903.54,
att_13591,pay_101999,Alternate payment method,3,15,Failed,0.317,0.0,6955.14,
att_13592,pay_101027,Alternate payment method,3,15,Failed,0.381,0.0,8760.76,
att_13593,pay_101550,Retry after 10 minutes,0,10,Pending,0.772,0.0,3635.31,
att_13594,pay_101998,Alternate payment method,1,15,Recovered,0.292,11575.21,0.0,2026-07-02 22:53:00
att_13595,pay_102310,OTP reminder,1,15,Failed,0.64,0.0,1338.08,
att_13596,pay_102108,Smart gateway retry,0,15,Pending,0.646,0.0,1621.58,
att_13597,pay_100398,Retry after 10 minutes,1,10,Recovered,0.823,412.52,0.0,2026-07-02 04:45:00
att_13598,pay_102848,Smart gateway retry,1,15,Recovered,0.934,953.1,0.0,2026-07-02 19:35:00
att_13599,pay_104033,Alternate payment method,1,15,Failed,0.291,0.0,7952.49,
att_13600,pay_104145,OTP reminder,1,15,Failed,0.577,0.0,1557.62,
att_13601,pay_104245,OTP reminder,3,15,Failed,0.552,0.0,1003.1,
att_13602,pay_100412,Alternate payment method,1,15,Failed,0.406,0.0,4154.66,
att_13603,pay_101793,Email reminder,3,15,Failed,0.304,0.0,26120.39,
att_13604,pay_100949,Retry after 10 minutes,1,10,Failed,0.794,0.0,868.87,
att_13605,pay_101191,OTP reminder,1,15,Failed,0.627,0.0,3954.03,
att_13606,pay_102044,Smart gateway retry,0,15,Recovered,0.79,2069.2,0.0,2026-07-03 05:47:00
att_13607,pay_100110,Email reminder,2,15,Recovered,0.535,2917.95,0.0,2026-07-03 09:07:00
att_13608,pay_102954,Alternate payment method,0,15,Pending,0.22,0.0,1904.36,
att_13609,pay_100038,Retry after 10 minutes,2,10,Failed,0.98,0.0,2628.96,
att_13610,pay_103082,UPI payment link,2,15,Failed,0.422,0.0,3183.46,
att_13611,pay_104300,OTP reminder,3,15,Failed,0.669,0.0,1103.02,
att_13612,pay_100142,Alternate payment method,1,15,Failed,0.37,0.0,2959.75,
att_13613,pay_103211,Alternate payment method,2,15,Failed,0.422,0.0,6334.24,
att_13614,pay_104315,Email reminder,2,15,Failed,0.485,0.0,850.81,
att_13615,pay_100280,Retry after 10 minutes,0,10,Recovered,0.856,3299.26,0.0,2026-07-03 18:48:00
att_13616,pay_103306,Alternate payment method,0,15,Recovered,0.444,3854.17,0.0,2026-07-03 03:38:00
att_13617,pay_102105,Smart gateway retry,3,15,Recovered,0.954,2972.78,0.0,2026-07-03 09:52:00
att_13618,pay_103795,OTP reminder,0,15,Pending,0.616,0.0,962.74,
att_13619,pay_104578,UPI payment link,2,15,Recovered,0.334,2547.78,0.0,2026-07-03 08:28:00
att_13620,pay_101490,Retry after 10 minutes,2,10,Recovered,0.885,332.71,0.0,2026-07-03 08:19:00
att_13621,pay_101321,Alternate payment method,2,15,Failed,0.511,0.0,3667.61,
att_13622,pay_104632,Alternate payment method,1,15,Failed,0.233,0.0,3429.74,
att_13623,pay_100504,Smart gateway retry,2,15,Failed,0.856,0.0,21618.23,
att_13624,pay_103303,Retry after 10 minutes,3,10,Failed,0.98,0.0,41108.52,
att_13625,pay_104241,Retry after 10 minutes,2,10,Failed,0.802,0.0,1143.66,
att_13626,pay_103059,Smart gateway retry,2,15,Recovered,0.789,2077.28,0.0,2026-07-04 01:13:00
att_13627,pay_104917,Retry after 10 minutes,1,10,Recovered,0.882,568.13,0.0,2026-07-04 04:19:00
att_13628,pay_101639,Alternate payment method,0,15,Pending,0.338,0.0,3479.73,
att_13629,pay_104246,Alternate payment method,0,15,Pending,0.261,0.0,4898.98,
att_13630,pay_103099,UPI payment link,0,15,Pending,0.52,0.0,1189.78,
att_13631,pay_103031,Smart gateway retry,1,15,Recovered,0.615,4362.39,0.0,2026-07-04 06:09:00
att_13632,pay_100215,UPI payment link,0,15,Recovered,0.468,1391.26,0.0,2026-07-04 09:00:00
att_13633,pay_100778,UPI payment link,0,15,Pending,0.409,0.0,4877.47,
att_13634,pay_102576,Alternate payment method,2,15,Failed,0.334,0.0,4029.4,
att_13635,pay_100889,OTP reminder,3,15,Recovered,0.639,1127.86,0.0,2026-07-04 18:14:00
att_13636,pay_102429,Smart gateway retry,3,15,Failed,0.671,0.0,252.19,
att_13637,pay_102237,Retry after 10 minutes,3,10,Recovered,0.758,570.13,0.0,2026-07-04 09:11:00
att_13638,pay_104016,Smart gateway retry,1,15,Failed,0.872,0.0,10161.3,
att_13639,pay_100743,Retry after 10 minutes,3,10,Recovered,0.724,4729.04,0.0,2026-07-03 22:35:00
att_13640,pay_102657,UPI payment link,1,15,Failed,0.504,0.0,10026.09,
att_13641,pay_104331,Email reminder,2,15,Failed,0.362,0.0,4189.3,
att_13642,pay_104086,UPI payment link,2,15,Failed,0.406,0.0,1787.76,
att_13643,pay_104774,Smart gateway retry,3,15,Recovered,0.719,743.75,0.0,2026-07-04 18:40:00
att_13644,pay_103753,Alternate payment method,0,15,Pending,0.365,0.0,1426.55,
att_13645,pay_101010,Alternate payment method,0,15,Pending,0.278,0.0,5141.2,
att_13646,pay_101122,Alternate payment method,2,15,Failed,0.257,0.0,4230.14,
att_13647,pay_104032,Smart gateway retry,1,15,Failed,0.637,0.0,838.33,
att_13648,pay_100508,Smart gateway retry,2,15,Recovered,0.844,9995.36,0.0,2026-07-04 07:40:00
att_13649,pay_102332,Alternate payment method,2,15,Failed,0.407,0.0,3243.46,
att_13650,pay_103167,OTP reminder,0,15,Pending,0.637,0.0,4624.45,
att_13651,pay_101672,UPI payment link,0,15,Pending,0.391,0.0,1534.32,
att_13652,pay_102300,Smart gateway retry,1,15,Failed,0.789,0.0,1116.25,
att_13653,pay_100291,OTP reminder,2,15,Failed,0.802,0.0,4701.44,
att_13654,pay_101428,Email reminder,0,15,Pending,0.438,0.0,829.94,
att_13655,pay_100617,Email reminder,0,15,Pending,0.535,0.0,1200.14,
att_13656,pay_101260,Alternate payment method,1,15,Failed,0.461,0.0,2526.77,
att_13657,pay_103301,Email reminder,0,15,Pending,0.544,0.0,2504.47,
att_13658,pay_104186,Email reminder,3,15,Failed,0.484,0.0,2362.56,
att_13659,pay_100205,Smart gateway retry,3,15,Recovered,0.771,1149.16,0.0,2026-07-05 03:48:00
att_13660,pay_104123,Email reminder,3,15,Recovered,0.441,4368.69,0.0,2026-07-04 18:32:00
att_13661,pay_104508,Smart gateway retry,3,15,Recovered,0.98,7153.33,0.0,2026-07-05 13:12:00
att_13662,pay_101700,Retry after 10 minutes,0,10,Pending,0.893,0.0,1705.18,
att_13663,pay_104323,Retry after 10 minutes,0,10,Pending,0.965,0.0,1097.77,
att_13664,pay_104740,Alternate payment method,2,15,Failed,0.406,0.0,5457.06,
att_13665,pay_101620,Smart gateway retry,0,15,Recovered,0.78,10137.43,0.0,2026-07-05 04:27:00
att_13666,pay_102491,Retry after 10 minutes,2,10,Recovered,0.98,2929.17,0.0,2026-07-05 05:44:00
att_13667,pay_103215,Smart gateway retry,3,15,Failed,0.804,0.0,2351.05,
att_13668,pay_104948,Email reminder,3,15,Failed,0.344,0.0,7427.83,
att_13669,pay_103199,UPI payment link,2,15,Failed,0.346,0.0,528.19,
att_13670,pay_104233,OTP reminder,2,15,Failed,0.724,0.0,2988.21,
att_13671,pay_101881,UPI payment link,0,15,Pending,0.35,0.0,13453.81,
att_13672,pay_101458,OTP reminder,0,15,Pending,0.659,0.0,3071.18,
att_13673,pay_100208,UPI payment link,0,15,Pending,0.371,0.0,13032.05,
att_13674,pay_104171,UPI payment link,1,15,Failed,0.393,0.0,2741.12,
att_13675,pay_104377,OTP reminder,1,15,Failed,0.664,0.0,595.23,
att_13676,pay_104733,Alternate payment method,3,15,Recovered,0.292,4002.18,0.0,2026-07-05 10:02:00
att_13677,pay_101296,UPI payment link,0,15,Pending,0.39,0.0,2265.6,
att_13678,pay_103514,Retry after 10 minutes,3,10,Recovered,0.812,2417.8,0.0,2026-07-05 23:59:00
att_13679,pay_103719,Alternate payment method,0,15,Pending,0.251,0.0,2203.48,
att_13680,pay_104649,Email reminder,3,15,Recovered,0.566,3058.9,0.0,2026-07-06 06:45:00
att_13681,pay_100379,Alternate payment method,1,15,Failed,0.257,0.0,324.76,
att_13682,pay_104858,Alternate payment method,0,15,Pending,0.426,0.0,448.38,
att_13683,pay_104493,UPI payment link,0,15,Pending,0.351,0.0,1585.56,
att_13684,pay_104404,UPI payment link,3,15,Failed,0.413,0.0,3785.47,
att_13685,pay_100210,Email reminder,2,15,Failed,0.435,0.0,1526.57,
att_13686,pay_102894,Alternate payment method,0,15,Pending,0.278,0.0,1271.63,
att_13687,pay_103565,Retry after 10 minutes,1,10,Recovered,0.689,1499.64,0.0,2026-07-06 01:47:00
att_13688,pay_104408,Smart gateway retry,0,15,Pending,0.639,0.0,4251.36,
att_13689,pay_101501,UPI payment link,1,15,Failed,0.245,0.0,3653.07,
att_13690,pay_104386,UPI payment link,2,15,Recovered,0.408,510.9,0.0,2026-07-05 21:48:00
att_13691,pay_102417,Retry after 10 minutes,0,10,Recovered,0.837,1774.28,0.0,2026-07-06 04:31:00
att_13692,pay_101803,Retry after 10 minutes,1,10,Failed,0.799,0.0,1707.41,
att_13693,pay_101178,Retry after 10 minutes,3,10,Recovered,0.624,3305.84,0.0,2026-07-06 22:45:00
att_13694,pay_104137,Smart gateway retry,2,15,Recovered,0.685,5975.8,0.0,2026-07-06 15:00:00
att_13695,pay_104234,UPI payment link,1,15,Failed,0.401,0.0,1373.72,
att_13696,pay_102420,Alternate payment method,3,15,Failed,0.472,0.0,2166.38,
att_13697,pay_104406,UPI payment link,2,15,Recovered,0.286,9108.93,0.0,2026-07-06 03:49:00
att_13698,pay_104397,Retry after 10 minutes,1,10,Recovered,0.741,12445.39,0.0,2026-07-07 01:00:00
att_13699,pay_102078,Email reminder,0,15,Recovered,0.327,2282.81,0.0,2026-07-06 09:40:00
att_13700,pay_103973,Alternate payment method,1,15,Failed,0.337,0.0,2839.89,
att_13701,pay_102187,Alternate payment method,0,15,Pending,0.398,0.0,838.22,
att_13702,pay_100932,Smart gateway retry,2,15,Recovered,0.98,1692.26,0.0,2026-07-06 07:08:00
att_13703,pay_103467,Smart gateway retry,3,15,Recovered,0.921,300.81,0.0,2026-07-06 13:14:00
att_13704,pay_104793,Smart gateway retry,3,15,Failed,0.656,0.0,4357.91,
att_13705,pay_102345,Smart gateway retry,2,15,Failed,0.671,0.0,2246.28,
att_13706,pay_102607,Email reminder,1,15,Failed,0.444,0.0,834.34,
att_13707,pay_104426,Retry after 10 minutes,2,10,Failed,0.857,0.0,1920.99,
att_13708,pay_104343,Email reminder,2,15,Failed,0.366,0.0,1931.34,
att_13709,pay_104357,Alternate payment method,1,15,Failed,0.231,0.0,3166.99,
att_13710,pay_100345,Smart gateway retry,3,15,Recovered,0.63,8191.19,0.0,2026-07-06 17:17:00
att_13711,pay_103318,Retry after 10 minutes,2,10,Recovered,0.959,27641.51,0.0,2026-07-06 13:05:00
att_13712,pay_101424,UPI payment link,0,15,Pending,0.447,0.0,329.08,
att_13713,pay_103792,Alternate payment method,3,15,Failed,0.372,0.0,4214.08,
att_13714,pay_102125,Retry after 10 minutes,0,10,Recovered,0.733,1240.84,0.0,2026-07-06 20:55:00
att_13715,pay_101306,Smart gateway retry,3,15,Recovered,0.671,1405.0,0.0,2026-07-07 07:39:00
att_13716,pay_103305,Smart gateway retry,0,15,Pending,0.706,0.0,1336.47,
att_13717,pay_104487,Alternate payment method,2,15,Failed,0.422,0.0,7565.89,
att_13718,pay_100918,Retry after 10 minutes,3,10,Failed,0.858,0.0,1521.58,
att_13719,pay_101561,Smart gateway retry,0,15,Pending,0.906,0.0,13321.0,
att_13720,pay_101659,Smart gateway retry,1,15,Recovered,0.713,2976.15,0.0,2026-07-07 20:06:00
att_13721,pay_100695,Alternate payment method,2,15,Failed,0.232,0.0,5720.34,
att_13722,pay_101851,OTP reminder,3,15,Recovered,0.805,6316.73,0.0,2026-07-07 02:21:00
att_13723,pay_104451,Smart gateway retry,1,15,Failed,0.742,0.0,476.41,
att_13724,pay_103221,Email reminder,2,15,Recovered,0.343,4507.41,0.0,2026-07-07 03:30:00
att_13725,pay_101941,Alternate payment method,1,15,Failed,0.336,0.0,1281.14,
att_13726,pay_103390,UPI payment link,2,15,Failed,0.385,0.0,29157.32,
att_13727,pay_101817,Smart gateway retry,1,15,Recovered,0.777,1743.8,0.0,2026-07-07 05:34:00
att_13728,pay_102398,Alternate payment method,2,15,Failed,0.276,0.0,3595.73,
att_13729,pay_104006,Retry after 10 minutes,1,10,Recovered,0.786,3381.18,0.0,2026-07-07 13:28:00
att_13730,pay_104747,Alternate payment method,0,15,Pending,0.284,0.0,3811.66,
att_13731,pay_100482,Retry after 10 minutes,1,10,Recovered,0.786,1278.4,0.0,2026-07-08 09:24:00
att_13732,pay_101412,Smart gateway retry,3,15,Failed,0.8,0.0,2450.55,
att_13733,pay_103717,Smart gateway retry,0,15,Pending,0.693,0.0,3199.23,
att_13734,pay_100616,Alternate payment method,2,15,Recovered,0.387,1085.98,0.0,2026-07-08 11:05:00
att_13735,pay_103702,Alternate payment method,0,15,Pending,0.437,0.0,395.92,
att_13736,pay_103430,Smart gateway retry,1,15,Failed,0.865,0.0,7211.51,
att_13737,pay_102236,OTP reminder,3,15,Recovered,0.703,3786.79,0.0,2026-07-08 10:13:00
att_13738,pay_100567,Alternate payment method,3,15,Failed,0.27,0.0,6263.1,
att_13739,pay_103594,Smart gateway retry,2,15,Failed,0.898,0.0,1263.97,
att_13740,pay_101562,Retry after 10 minutes,3,10,Failed,0.906,0.0,1816.46,
att_13741,pay_101903,Email reminder,2,15,Recovered,0.607,6258.36,0.0,2026-07-07 21:50:00
att_13742,pay_104047,Retry after 10 minutes,1,10,Failed,0.81,0.0,206.63,
att_13743,pay_103332,OTP reminder,1,15,Recovered,0.597,1079.99,0.0,2026-07-07 23:53:00
att_13744,pay_103060,UPI payment link,3,15,Failed,0.455,0.0,3281.33,
att_13745,pay_100924,OTP reminder,0,15,Pending,0.655,0.0,14290.32,
att_13746,pay_100507,Alternate payment method,2,15,Failed,0.349,0.0,4168.62,
att_13747,pay_103862,Smart gateway retry,0,15,Pending,0.666,0.0,6915.55,
att_13748,pay_104811,UPI payment link,0,15,Recovered,0.398,958.29,0.0,2026-07-08 10:11:00
att_13749,pay_104078,Alternate payment method,0,15,Pending,0.291,0.0,774.19,
att_13750,pay_101514,Alternate payment method,3,15,Failed,0.341,0.0,2683.34,
att_13751,pay_103385,Retry after 10 minutes,2,10,Recovered,0.903,33708.45,0.0,2026-07-08 06:03:00
att_13752,pay_102099,Retry after 10 minutes,3,10,Failed,0.759,0.0,6863.87,
att_13753,pay_103569,Retry after 10 minutes,2,10,Failed,0.963,0.0,1507.62,
att_13754,pay_100988,Alternate payment method,1,15,Failed,0.301,0.0,2420.2,
att_13755,pay_101453,Alternate payment method,3,15,Failed,0.416,0.0,1399.66,
att_13756,pay_103277,OTP reminder,2,15,Failed,0.545,0.0,1495.66,
att_13757,pay_100830,UPI payment link,1,15,Failed,0.525,0.0,1362.37,
att_13758,pay_101012,Smart gateway retry,1,15,Failed,0.928,0.0,2934.5,
att_13759,pay_103481,Smart gateway retry,3,15,Recovered,0.81,841.51,0.0,2026-07-08 15:33:00
att_13760,pay_103877,Smart gateway retry,0,15,Pending,0.848,0.0,2925.85,
att_13761,pay_100118,UPI payment link,3,15,Failed,0.411,0.0,3948.14,
att_13762,pay_102750,Smart gateway retry,0,15,Recovered,0.98,1311.38,0.0,2026-07-08 17:17:00
att_13763,pay_101891,Smart gateway retry,2,15,Failed,0.701,0.0,1080.55,
att_13764,pay_101810,Smart gateway retry,2,15,Recovered,0.616,1201.07,0.0,2026-07-09 08:50:00
att_13765,pay_100856,Retry after 10 minutes,3,10,Recovered,0.787,803.56,0.0,2026-07-09 06:12:00
att_13766,pay_101905,Alternate payment method,0,15,Pending,0.283,0.0,1076.03,
att_13767,pay_102686,Alternate payment method,3,15,Failed,0.277,0.0,1464.24,
att_13768,pay_104498,UPI payment link,0,15,Recovered,0.262,1367.38,0.0,2026-07-09 11:39:00
att_13769,pay_102486,Retry after 10 minutes,0,10,Recovered,0.824,2029.94,0.0,2026-07-08 21:47:00
att_13770,pay_102161,Alternate payment method,1,15,Failed,0.394,0.0,5115.01,
att_13771,pay_101106,Email reminder,3,15,Failed,0.495,0.0,774.3,
att_13772,pay_101708,Retry after 10 minutes,1,10,Recovered,0.826,2685.81,0.0,2026-07-09 01:28:00
att_13773,pay_100314,Email reminder,2,15,Recovered,0.438,1646.1,0.0,2026-07-09 04:09:00
att_13774,pay_102252,OTP reminder,2,15,Failed,0.499,0.0,4710.14,
att_13775,pay_101785,Smart gateway retry,1,15,Failed,0.624,0.0,3841.7,
att_13776,pay_101123,Alternate payment method,2,15,Failed,0.401,0.0,1666.76,
att_13777,pay_103274,Alternate payment method,0,15,Pending,0.375,0.0,2312.97,
att_13778,pay_101505,Retry after 10 minutes,2,10,Recovered,0.941,814.15,0.0,2026-07-09 07:40:00
att_13779,pay_101250,UPI payment link,3,15,Failed,0.176,0.0,2597.32,
att_13780,pay_103967,Alternate payment method,1,15,Failed,0.559,0.0,1879.35,
att_13781,pay_101541,UPI payment link,1,15,Recovered,0.391,490.75,0.0,2026-07-09 11:59:00
att_13782,pay_103744,Alternate payment method,3,15,Failed,0.354,0.0,2176.87,
att_13783,pay_101401,Alternate payment method,3,15,Failed,0.26,0.0,1454.9,
att_13784,pay_100831,Retry after 10 minutes,1,10,Recovered,0.768,5376.4,0.0,2026-07-09 13:42:00
att_13785,pay_103083,Retry after 10 minutes,3,10,Failed,0.74,0.0,2673.01,
att_13786,pay_100383,Smart gateway retry,0,15,Pending,0.865,0.0,18344.17,
att_13787,pay_103093,UPI payment link,2,15,Failed,0.519,0.0,1961.73,
att_13788,pay_102666,Alternate payment method,2,15,Failed,0.309,0.0,5058.63,
att_13789,pay_102966,Alternate payment method,0,15,Pending,0.345,0.0,2182.4,
att_13790,pay_104239,UPI payment link,2,15,Failed,0.291,0.0,9188.34,
att_13791,pay_102181,Alternate payment method,2,15,Failed,0.268,0.0,1289.18,
att_13792,pay_104606,Smart gateway retry,2,15,Failed,0.768,0.0,1880.03,
att_13793,pay_103072,UPI payment link,1,15,Recovered,0.315,3144.63,0.0,2026-07-09 22:24:00
att_13794,pay_100592,Alternate payment method,3,15,Failed,0.311,0.0,1233.21,
att_13795,pay_100096,Smart gateway retry,3,15,Recovered,0.87,1926.3,0.0,2026-07-09 23:37:00
att_13796,pay_102640,Smart gateway retry,3,15,Failed,0.778,0.0,10754.33,
att_13797,pay_101046,Alternate payment method,3,15,Recovered,0.356,746.15,0.0,2026-07-09 14:34:00
att_13798,pay_100188,OTP reminder,1,15,Failed,0.58,0.0,5149.66,
att_13799,pay_104199,Retry after 10 minutes,2,10,Recovered,0.771,451.36,0.0,2026-07-10 05:50:00
att_13800,pay_100853,OTP reminder,3,15,Recovered,0.612,2191.97,0.0,2026-07-09 21:51:00
att_13801,pay_103371,Alternate payment method,0,15,Pending,0.321,0.0,27625.47,
att_13802,pay_101264,Alternate payment method,1,15,Failed,0.393,0.0,2180.08,
att_13803,pay_103292,Smart gateway retry,3,15,Recovered,0.812,5746.75,0.0,2026-07-10 10:45:00
att_13804,pay_104763,Smart gateway retry,2,15,Recovered,0.634,3917.52,0.0,2026-07-10 17:13:00
att_13805,pay_101307,UPI payment link,2,15,Failed,0.338,0.0,1802.8,
att_13806,pay_103627,Retry after 10 minutes,0,10,Pending,0.759,0.0,1548.43,
att_13807,pay_104833,Retry after 10 minutes,0,10,Pending,0.893,0.0,956.59,
att_13808,pay_100565,Retry after 10 minutes,0,10,Pending,0.98,0.0,2548.69,
att_13809,pay_100509,UPI payment link,3,15,Recovered,0.588,4403.73,0.0,2026-07-10 11:54:00
att_13810,pay_103254,Retry after 10 minutes,3,10,Failed,0.938,0.0,3804.52,
att_13811,pay_102881,Email reminder,3,15,Failed,0.386,0.0,4665.94,
att_13812,pay_100326,Retry after 10 minutes,2,10,Recovered,0.889,869.28,0.0,2026-07-10 10:01:00
att_13813,pay_101608,Alternate payment method,0,15,Pending,0.337,0.0,789.1,
att_13814,pay_103109,Retry after 10 minutes,2,10,Recovered,0.833,3274.24,0.0,2026-07-10 16:16:00
att_13815,pay_100718,Email reminder,2,15,Failed,0.308,0.0,1923.8,
att_13816,pay_100636,Retry after 10 minutes,1,10,Failed,0.867,0.0,3297.43,
att_13817,pay_102292,Retry after 10 minutes,1,10,Failed,0.831,0.0,1829.52,
att_13818,pay_103209,Smart gateway retry,0,15,Pending,0.809,0.0,2964.14,
att_13819,pay_103434,OTP reminder,3,15,Failed,0.658,0.0,11463.45,
att_13820,pay_101385,UPI payment link,0,15,Pending,0.352,0.0,1327.65,
att_13821,pay_104963,Alternate payment method,1,15,Failed,0.246,0.0,1760.09,
att_13822,pay_102208,Retry after 10 minutes,3,10,Recovered,0.829,1058.79,0.0,2026-07-11 08:45:00
att_13823,pay_101287,Alternate payment method,2,15,Recovered,0.234,1578.4,0.0,2026-07-11 04:01:00
att_13824,pay_104705,Retry after 10 minutes,1,10,Recovered,0.934,5185.6,0.0,2026-07-10 23:03:00
att_13825,pay_101816,Retry after 10 minutes,0,10,Pending,0.889,0.0,3152.48,
att_13826,pay_100147,Alternate payment method,0,15,Pending,0.412,0.0,565.1,
att_13827,pay_101290,Smart gateway retry,0,15,Pending,0.868,0.0,6616.5,
att_13828,pay_102174,Retry after 10 minutes,1,10,Recovered,0.795,3082.49,0.0,2026-07-11 09:34:00
att_13829,pay_101876,OTP reminder,1,15,Recovered,0.619,7293.69,0.0,2026-07-11 11:59:00
att_13830,pay_101111,Alternate payment method,3,15,Failed,0.336,0.0,4559.15,
att_13831,pay_100485,Email reminder,2,15,Failed,0.372,0.0,3248.55,
att_13832,pay_103910,Email reminder,2,15,Failed,0.401,0.0,5581.11,
att_13833,pay_100625,Retry after 10 minutes,1,10,Recovered,0.675,2183.82,0.0,2026-07-11 07:32:00
att_13834,pay_103088,Smart gateway retry,1,15,Recovered,0.852,2057.43,0.0,2026-07-11 22:58:00
att_13835,pay_101655,UPI payment link,1,15,Recovered,0.598,3088.4,0.0,2026-07-11 17:13:00
att_13836,pay_103483,UPI payment link,2,15,Recovered,0.314,20936.69,0.0,2026-07-11 22:12:00
att_13837,pay_101544,Retry after 10 minutes,2,10,Recovered,0.719,1822.26,0.0,2026-07-11 19:46:00
att_13838,pay_103701,UPI payment link,0,15,Pending,0.332,0.0,865.02,
att_13839,pay_101478,Email reminder,1,15,Failed,0.54,0.0,4882.81,
att_13840,pay_100325,Smart gateway retry,0,15,Pending,0.837,0.0,3679.7,
att_13841,pay_100411,Retry after 10 minutes,3,10,Failed,0.722,0.0,3969.55,
att_13842,pay_101502,OTP reminder,0,15,Pending,0.532,0.0,1632.92,
att_13843,pay_103810,Retry after 10 minutes,0,10,Recovered,0.661,2669.26,0.0,2026-07-11 14:02:00
att_13844,pay_102935,UPI payment link,2,15,Failed,0.468,0.0,2010.16,
att_13845,pay_101511,Alternate payment method,3,15,Failed,0.191,0.0,394.1,
att_13846,pay_100566,Alternate payment method,2,15,Recovered,0.374,1514.64,0.0,2026-07-12 06:00:00
att_13847,pay_103781,Retry after 10 minutes,0,10,Pending,0.937,0.0,3681.5,
att_13848,pay_102967,Alternate payment method,3,15,Failed,0.403,0.0,1995.39,
att_13849,pay_103335,UPI payment link,3,15,Failed,0.529,0.0,3685.34,
att_13850,pay_100031,Alternate payment method,2,15,Failed,0.223,0.0,5966.29,
att_13851,pay_100077,OTP reminder,0,15,Pending,0.517,0.0,2291.57,
att_13852,pay_104154,UPI payment link,2,15,Recovered,0.383,740.37,0.0,2026-07-12 07:26:00
att_13853,pay_102314,Alternate payment method,3,15,Failed,0.274,0.0,1770.85,
att_13854,pay_104372,UPI payment link,0,15,Pending,0.355,0.0,2961.65,
att_13855,pay_104208,UPI payment link,2,15,Recovered,0.29,1277.28,0.0,2026-07-12 07:37:00
att_13856,pay_102913,Email reminder,1,15,Failed,0.462,0.0,817.88,
att_13857,pay_104260,OTP reminder,1,15,Recovered,0.591,1904.47,0.0,2026-07-12 19:12:00
att_13858,pay_104966,Retry after 10 minutes,2,10,Failed,0.713,0.0,1711.4,
att_13859,pay_100975,Smart gateway retry,2,15,Failed,0.792,0.0,3196.48,
att_13860,pay_103196,UPI payment link,3,15,Failed,0.341,0.0,9829.13,
att_13861,pay_103151,Email reminder,3,15,Recovered,0.372,1683.15,0.0,2026-07-12 13:10:00
att_13862,pay_103740,Smart gateway retry,3,15,Failed,0.69,0.0,9641.61,
att_13863,pay_103028,OTP reminder,2,15,Failed,0.773,0.0,1168.14,
att_13864,pay_102746,Alternate payment method,0,15,Pending,0.067,0.0,3146.92,
att_13865,pay_103313,Alternate payment method,1,15,Failed,0.319,0.0,1400.94,
att_13866,pay_103849,UPI payment link,2,15,Failed,0.316,0.0,2467.56,
att_13867,pay_103713,Email reminder,3,15,Failed,0.483,0.0,5259.84,
att_13868,pay_103180,Alternate payment method,2,15,Failed,0.433,0.0,2804.51,
att_13869,pay_102240,Alternate payment method,1,15,Failed,0.375,0.0,4427.15,
att_13870,pay_100362,Email reminder,2,15,Failed,0.544,0.0,2376.43,
att_13871,pay_103881,Retry after 10 minutes,3,10,Recovered,0.652,2526.81,0.0,2026-07-12 23:14:00
att_13872,pay_103470,UPI payment link,1,15,Failed,0.288,0.0,2226.1,
att_13873,pay_101838,Alternate payment method,0,15,Pending,0.45,0.0,2349.9,
att_13874,pay_103621,Retry after 10 minutes,2,10,Failed,0.873,0.0,814.28,
att_13875,pay_103412,OTP reminder,3,15,Recovered,0.632,1390.69,0.0,2026-07-13 06:47:00
att_13876,pay_102298,UPI payment link,1,15,Failed,0.274,0.0,2068.57,
att_13877,pay_101256,Retry after 10 minutes,0,10,Pending,0.775,0.0,2024.51,
att_13878,pay_104929,Retry after 10 minutes,2,10,Failed,0.646,0.0,1394.43,
att_13879,pay_103868,UPI payment link,0,15,Pending,0.317,0.0,4410.24,
att_13880,pay_104802,OTP reminder,1,15,Recovered,0.501,6897.84,0.0,2026-07-13 03:24:00
att_13881,pay_102702,Retry after 10 minutes,0,10,Pending,0.799,0.0,2429.57,
att_13882,pay_102393,Retry after 10 minutes,1,10,Recovered,0.746,1040.31,0.0,2026-07-12 22:38:00
att_13883,pay_103443,UPI payment link,2,15,Failed,0.346,0.0,794.32,
att_13884,pay_103951,Retry after 10 minutes,3,10,Recovered,0.862,6454.82,0.0,2026-07-13 14:18:00
att_13885,pay_101354,Retry after 10 minutes,1,10,Recovered,0.956,2571.36,0.0,2026-07-13 09:08:00
att_13886,pay_100902,Retry after 10 minutes,2,10,Failed,0.704,0.0,5289.38,
att_13887,pay_102357,UPI payment link,2,15,Failed,0.336,0.0,1884.57,
att_13888,pay_102193,Retry after 10 minutes,1,10,Failed,0.825,0.0,1759.1,
att_13889,pay_102873,Smart gateway retry,0,15,Pending,0.707,0.0,2653.31,
att_13890,pay_100963,Retry after 10 minutes,2,10,Recovered,0.955,1288.21,0.0,2026-07-14 08:15:00
att_13891,pay_103669,UPI payment link,3,15,Failed,0.43,0.0,1315.78,
att_13892,pay_102552,Alternate payment method,3,15,Recovered,0.361,1240.87,0.0,2026-07-14 01:01:00
att_13893,pay_103585,Alternate payment method,3,15,Recovered,0.418,4342.32,0.0,2026-07-14 05:29:00
att_13894,pay_104555,Smart gateway retry,1,15,Failed,0.76,0.0,1329.81,
att_13895,pay_101581,Smart gateway retry,0,15,Recovered,0.899,4111.87,0.0,2026-07-13 18:31:00
att_13896,pay_103475,Retry after 10 minutes,3,10,Failed,0.651,0.0,8419.2,
att_13897,pay_101394,UPI payment link,2,15,Failed,0.257,0.0,2393.98,
att_13898,pay_102838,Retry after 10 minutes,1,10,Recovered,0.98,2005.92,0.0,2026-07-14 08:34:00
att_13899,pay_103178,Email reminder,1,15,Failed,0.496,0.0,1959.56,
att_13900,pay_103682,Alternate payment method,3,15,Failed,0.289,0.0,911.38,
att_13901,pay_103017,Alternate payment method,1,15,Failed,0.421,0.0,970.95,
att_13902,pay_102461,OTP reminder,0,15,Pending,0.627,0.0,3769.51,
att_13903,pay_103959,UPI payment link,0,15,Pending,0.279,0.0,11275.32,
att_13904,pay_102664,Retry after 10 minutes,0,10,Recovered,0.774,2252.29,0.0,2026-07-13 22:32:00
att_13905,pay_100141,Retry after 10 minutes,2,10,Failed,0.862,0.0,1059.83,
att_13906,pay_104586,UPI payment link,2,15,Failed,0.401,0.0,1554.53,
att_13907,pay_102601,OTP reminder,3,15,Recovered,0.828,1166.84,0.0,2026-07-14 05:30:00
att_13908,pay_102733,UPI payment link,0,15,Pending,0.185,0.0,9543.56,
att_13909,pay_102469,Alternate payment method,3,15,Recovered,0.458,2078.07,0.0,2026-07-14 15:13:00
att_13910,pay_104187,OTP reminder,3,15,Recovered,0.7,1642.86,0.0,2026-07-14 05:00:00
att_13911,pay_103231,OTP reminder,3,15,Failed,0.681,0.0,3819.27,
att_13912,pay_102443,Smart gateway retry,3,15,Failed,0.709,0.0,3103.41,
att_13913,pay_101709,Smart gateway retry,1,15,Recovered,0.867,371.3,0.0,2026-07-14 21:07:00
att_13914,pay_104754,Retry after 10 minutes,3,10,Recovered,0.96,2611.56,0.0,2026-07-14 17:47:00
att_13915,pay_101987,Retry after 10 minutes,0,10,Pending,0.682,0.0,1125.24,
att_13916,pay_103525,Alternate payment method,1,15,Failed,0.228,0.0,10921.52,
att_13917,pay_104995,Retry after 10 minutes,3,10,Recovered,0.834,2505.09,0.0,2026-07-14 12:37:00
att_13918,pay_103296,UPI payment link,3,15,Failed,0.326,0.0,1856.01,
att_13919,pay_103327,Retry after 10 minutes,0,10,Pending,0.851,0.0,7088.08,
att_13920,pay_104604,Retry after 10 minutes,3,10,Failed,0.922,0.0,1566.05,
att_13921,pay_101988,Alternate payment method,1,15,Failed,0.344,0.0,555.17,
att_13922,pay_104672,OTP reminder,1,15,Recovered,0.737,15285.01,0.0,2026-07-14 18:02:00
att_13923,pay_101744,Alternate payment method,0,15,Pending,0.352,0.0,1991.27,
att_13924,pay_102522,OTP reminder,2,15,Recovered,0.663,4781.13,0.0,2026-07-15 06:06:00
att_13925,pay_104026,UPI payment link,0,15,Pending,0.408,0.0,796.75,
att_13926,pay_102276,UPI payment link,1,15,Failed,0.322,0.0,4548.73,
att_13927,pay_101071,Retry after 10 minutes,1,10,Failed,0.947,0.0,2711.39,
att_13928,pay_103240,Email reminder,3,15,Failed,0.461,0.0,561.57,
att_13929,pay_104653,Alternate payment method,3,15,Failed,0.144,0.0,7218.8,
att_13930,pay_102359,Alternate payment method,2,15,Failed,0.235,0.0,6604.43,
att_13931,pay_100734,UPI payment link,0,15,Pending,0.377,0.0,2061.88,
att_13932,pay_103241,UPI payment link,3,15,Failed,0.384,0.0,1776.34,
att_13933,pay_101939,Alternate payment method,3,15,Recovered,0.302,4617.27,0.0,2026-07-15 19:09:00
att_13934,pay_104118,UPI payment link,2,15,Failed,0.391,0.0,1181.24,
att_13935,pay_103432,Email reminder,0,15,Pending,0.4,0.0,7650.67,
att_13936,pay_102473,Retry after 10 minutes,2,10,Recovered,0.864,3700.99,0.0,2026-07-15 08:41:00
att_13937,pay_101473,UPI payment link,0,15,Pending,0.516,0.0,10499.51,
att_13938,pay_101871,Email reminder,2,15,Failed,0.404,0.0,782.35,
att_13939,pay_103582,UPI payment link,1,15,Recovered,0.385,5413.58,0.0,2026-07-15 10:32:00
att_13940,pay_103078,Alternate payment method,3,15,Recovered,0.3,2737.92,0.0,2026-07-16 08:25:00
att_13941,pay_102869,Smart gateway retry,2,15,Failed,0.747,0.0,3133.94,
att_13942,pay_102495,Smart gateway retry,1,15,Recovered,0.766,5269.3,0.0,2026-07-16 08:19:00
att_13943,pay_104058,Alternate payment method,0,15,Pending,0.369,0.0,5596.54,
att_13944,pay_102764,UPI payment link,0,15,Pending,0.496,0.0,1688.57,
att_13945,pay_104569,Smart gateway retry,0,15,Pending,0.855,0.0,1863.39,
att_13946,pay_101739,Email reminder,1,15,Recovered,0.466,166.38,0.0,2026-07-16 09:53:00
att_13947,pay_103735,OTP reminder,2,15,Failed,0.752,0.0,2114.43,
att_13948,pay_104810,Email reminder,2,15,Failed,0.371,0.0,2414.79,
att_13949,pay_102772,UPI payment link,0,15,Pending,0.394,0.0,2411.96,
att_13950,pay_102642,Alternate payment method,3,15,Recovered,0.369,3366.5,0.0,2026-07-16 12:02:00
att_13951,pay_103831,Alternate payment method,1,15,Failed,0.328,0.0,3989.71,
att_13952,pay_100338,Alternate payment method,1,15,Failed,0.296,0.0,1182.92,
att_13953,pay_100652,Email reminder,1,15,Failed,0.406,0.0,2416.33,
att_13954,pay_104885,Retry after 10 minutes,3,10,Recovered,0.872,1719.31,0.0,2026-07-16 17:59:00
att_13955,pay_100223,Smart gateway retry,0,15,Recovered,0.699,1905.14,0.0,2026-07-16 18:04:00
att_13956,pay_100663,UPI payment link,3,15,Failed,0.287,0.0,7253.58,
att_13957,pay_102115,UPI payment link,3,15,Failed,0.487,0.0,2366.03,
att_13958,pay_104261,Smart gateway retry,2,15,Failed,0.826,0.0,1505.65,
att_13959,pay_101795,Retry after 10 minutes,1,10,Recovered,0.833,45589.82,0.0,2026-07-16 13:31:00
att_13960,pay_101363,OTP reminder,3,15,Failed,0.527,0.0,11527.29,
att_13961,pay_102899,Alternate payment method,0,15,Pending,0.427,0.0,2613.05,
att_13962,pay_100871,Retry after 10 minutes,0,10,Recovered,0.906,296.93,0.0,2026-07-16 19:13:00
att_13963,pay_100008,Smart gateway retry,1,15,Recovered,0.709,15479.58,0.0,2026-07-17 02:42:00
att_13964,pay_103503,UPI payment link,0,15,Pending,0.325,0.0,10750.94,
att_13965,pay_102348,Smart gateway retry,2,15,Recovered,0.908,5110.08,0.0,2026-07-17 05:35:00
att_13966,pay_103893,Alternate payment method,1,15,Failed,0.489,0.0,1596.71,
att_13967,pay_101084,OTP reminder,0,15,Pending,0.63,0.0,1083.81,
att_13968,pay_103287,Retry after 10 minutes,0,10,Recovered,0.772,4519.98,0.0,2026-07-17 03:52:00
att_13969,pay_104163,UPI payment link,2,15,Failed,0.271,0.0,1902.38,
att_13970,pay_100425,OTP reminder,3,15,Failed,0.555,0.0,1113.97,
att_13971,pay_102814,Email reminder,0,15,Recovered,0.627,9311.45,0.0,2026-07-16 16:28:00
att_13972,pay_104577,UPI payment link,1,15,Failed,0.398,0.0,1323.01,
att_13973,pay_103964,Alternate payment method,3,15,Failed,0.327,0.0,14850.36,
att_13974,pay_100101,Email reminder,3,15,Failed,0.489,0.0,494.22,
att_13975,pay_101703,Alternate payment method,0,15,Pending,0.314,0.0,5305.38,
att_13976,pay_104158,Alternate payment method,1,15,Failed,0.203,0.0,6230.03,
att_13977,pay_102510,Alternate payment method,1,15,Failed,0.255,0.0,2447.46,
att_13978,pay_102744,Email reminder,1,15,Failed,0.294,0.0,716.61,
att_13979,pay_103023,OTP reminder,3,15,Failed,0.569,0.0,1960.91,
att_13980,pay_100837,Alternate payment method,0,15,Pending,0.484,0.0,1458.53,
att_13981,pay_101786,Retry after 10 minutes,2,10,Failed,0.778,0.0,4620.29,
att_13982,pay_102812,OTP reminder,0,15,Pending,0.629,0.0,2478.62,
att_13983,pay_104655,OTP reminder,1,15,Recovered,0.623,6221.55,0.0,2026-07-17 22:40:00
att_13984,pay_104843,Alternate payment method,2,15,Failed,0.401,0.0,6888.98,
att_13985,pay_102093,UPI payment link,3,15,Recovered,0.494,20979.25,0.0,2026-07-17 01:17:00
att_13986,pay_103039,Alternate payment method,2,15,Failed,0.46,0.0,13498.87,
att_13987,pay_104790,Smart gateway retry,1,15,Recovered,0.66,1371.21,0.0,2026-07-17 05:43:00
att_13988,pay_104826,Retry after 10 minutes,0,10,Pending,0.84,0.0,1062.3,
att_13989,pay_104491,Retry after 10 minutes,0,10,Pending,0.816,0.0,400.5,
att_13990,pay_103152,UPI payment link,3,15,Failed,0.315,0.0,3239.0,
att_13991,pay_100992,Retry after 10 minutes,1,10,Recovered,0.736,621.42,0.0,2026-07-17 15:19:00
att_13992,pay_101769,Alternate payment method,0,15,Pending,0.361,0.0,2675.54,
att_13993,pay_100397,Email reminder,1,15,Failed,0.509,0.0,880.88,
att_13994,pay_103836,Alternate payment method,0,15,Pending,0.337,0.0,2272.86,
att_13995,pay_103908,UPI payment link,0,15,Pending,0.506,0.0,353.68,
att_13996,pay_102465,Smart gateway retry,0,15,Pending,0.727,0.0,3121.22,
att_13997,pay_103257,Smart gateway retry,3,15,Recovered,0.773,2062.86,0.0,2026-07-17 21:02:00
att_13998,pay_103181,UPI payment link,3,15,Failed,0.347,0.0,2193.36,
att_13999,pay_103692,Alternate payment method,1,15,Failed,0.309,0.0,2414.28,
att_14000,pay_102889,UPI payment link,3,15,Failed,0.362,0.0,9512.37,
att_14001,pay_100542,Smart gateway retry,2,15,Recovered,0.696,2582.04,0.0,2026-07-18 05:15:00
att_14002,pay_102850,UPI payment link,2,15,Failed,0.142,0.0,999.8,
att_14003,pay_100051,OTP reminder,3,15,Failed,0.645,0.0,2685.38,
att_14004,pay_101114,Alternate payment method,1,15,Failed,0.445,0.0,5938.82,
att_14005,pay_104580,OTP reminder,0,15,Recovered,0.758,2580.39,0.0,2026-07-17 23:58:00
att_14006,pay_102860,Email reminder,0,15,Pending,0.482,0.0,1364.41,
att_14007,pay_102992,Smart gateway retry,0,15,Pending,0.774,0.0,2342.45,
att_14008,pay_102553,Smart gateway retry,3,15,Recovered,0.728,2993.04,0.0,2026-07-18 00:43:00
att_14009,pay_100887,UPI payment link,3,15,Failed,0.311,0.0,639.34,
att_14010,pay_104247,Smart gateway retry,3,15,Recovered,0.851,1340.58,0.0,2026-07-18 06:03:00
att_14011,pay_104955,Alternate payment method,1,15,Failed,0.36,0.0,2684.75,
att_14012,pay_101112,UPI payment link,3,15,Failed,0.288,0.0,2835.51,
att_14013,pay_102219,UPI payment link,3,15,Failed,0.408,0.0,5907.47,
att_14014,pay_104984,Email reminder,1,15,Recovered,0.444,5007.19,0.0,2026-07-18 11:29:00
att_14015,pay_100522,Alternate payment method,2,15,Failed,0.379,0.0,3950.32,
att_14016,pay_102391,Smart gateway retry,2,15,Recovered,0.794,1695.89,0.0,2026-07-18 22:02:00
att_14017,pay_103294,Retry after 10 minutes,0,10,Pending,0.769,0.0,586.57,
att_14018,pay_103193,Alternate payment method,2,15,Failed,0.491,0.0,2102.74,
att_14019,pay_101177,Smart gateway retry,3,15,Failed,0.788,0.0,3003.26,
att_14020,pay_103912,OTP reminder,1,15,Failed,0.583,0.0,1016.37,
att_14021,pay_101522,Alternate payment method,2,15,Recovered,0.23,3430.55,0.0,2026-07-18 08:38:00
att_14022,pay_104874,Email reminder,0,15,Pending,0.596,0.0,4116.16,
att_14023,pay_104870,UPI payment link,1,15,Failed,0.373,0.0,4985.59,
att_14024,pay_104102,Alternate payment method,2,15,Failed,0.364,0.0,879.71,
att_14025,pay_104447,Email reminder,1,15,Failed,0.446,0.0,5085.24,
att_14026,pay_104008,UPI payment link,3,15,Failed,0.493,0.0,526.38,
att_14027,pay_101650,Smart gateway retry,0,15,Pending,0.83,0.0,4884.03,
att_14028,pay_100071,Email reminder,1,15,Recovered,0.426,2075.56,0.0,2026-07-18 21:30:00
att_14029,pay_104795,OTP reminder,0,15,Pending,0.626,0.0,7662.74,
att_14030,pay_102809,Alternate payment method,1,15,Recovered,0.439,4001.24,0.0,2026-07-19 07:06:00
att_14031,pay_102070,UPI payment link,3,15,Failed,0.29,0.0,371.42,
att_14032,pay_104904,Retry after 10 minutes,2,10,Failed,0.795,0.0,940.83,
att_14033,pay_103044,OTP reminder,2,15,Failed,0.617,0.0,2079.69,
att_14034,pay_103255,OTP reminder,0,15,Pending,0.686,0.0,4011.52,
att_14035,pay_103775,Retry after 10 minutes,2,10,Recovered,0.647,7721.59,0.0,2026-07-18 21:47:00
att_14036,pay_103393,Retry after 10 minutes,1,10,Failed,0.938,0.0,6065.81,
att_14037,pay_102737,Retry after 10 minutes,1,10,Failed,0.749,0.0,5336.2,
att_14038,pay_101533,UPI payment link,2,15,Failed,0.264,0.0,5643.07,
att_14039,pay_100252,UPI payment link,0,15,Pending,0.43,0.0,1389.77,
att_14040,pay_104563,Smart gateway retry,1,15,Recovered,0.98,9466.18,0.0,2026-07-19 12:51:00
att_14041,pay_104490,Alternate payment method,2,15,Failed,0.361,0.0,1010.47,
att_14042,pay_102943,Alternate payment method,2,15,Failed,0.486,0.0,1054.72,
att_14043,pay_101325,Smart gateway retry,3,15,Failed,0.771,0.0,1286.48,
att_14044,pay_102673,OTP reminder,0,15,Pending,0.55,0.0,910.64,
att_14045,pay_103358,Alternate payment method,0,15,Recovered,0.373,1810.29,0.0,2026-07-19 05:03:00
att_14046,pay_103528,OTP reminder,1,15,Failed,0.633,0.0,922.69,
att_14047,pay_104018,UPI payment link,3,15,Failed,0.513,0.0,1803.96,
att_14048,pay_101959,OTP reminder,0,15,Pending,0.641,0.0,2033.32,
att_14049,pay_104982,OTP reminder,2,15,Failed,0.497,0.0,5745.8,
att_14050,pay_101344,Smart gateway retry,2,15,Recovered,0.827,1182.56,0.0,2026-07-19 06:49:00
att_14051,pay_104155,Retry after 10 minutes,0,10,Recovered,0.817,1062.0,0.0,2026-07-19 20:31:00
att_14052,pay_104407,Retry after 10 minutes,0,10,Pending,0.845,0.0,4041.87,
att_14053,pay_101797,OTP reminder,1,15,Failed,0.545,0.0,3537.4,
att_14054,pay_102740,Alternate payment method,2,15,Failed,0.526,0.0,911.0,
att_14055,pay_102928,UPI payment link,3,15,Recovered,0.483,1242.65,0.0,2026-07-19 09:51:00
att_14056,pay_103289,Retry after 10 minutes,2,10,Failed,0.864,0.0,668.63,
att_14057,pay_101662,Alternate payment method,2,15,Failed,0.28,0.0,4182.68,
att_14058,pay_101890,Retry after 10 minutes,0,10,Pending,0.876,0.0,5770.2,
att_14059,pay_101431,Smart gateway retry,1,15,Recovered,0.666,4458.88,0.0,2026-07-19 23:35:00
att_14060,pay_104330,Retry after 10 minutes,1,10,Recovered,0.843,2685.38,0.0,2026-07-19 13:53:00
att_14061,pay_102384,Email reminder,0,15,Pending,0.562,0.0,146.78,
att_14062,pay_100911,OTP reminder,1,15,Recovered,0.9,3719.9,0.0,2026-07-20 06:20:00
att_14063,pay_103934,UPI payment link,0,15,Pending,0.364,0.0,3869.64,
att_14064,pay_103098,Alternate payment method,1,15,Recovered,0.469,1072.88,0.0,2026-07-20 00:16:00
att_14065,pay_100634,UPI payment link,3,15,Failed,0.458,0.0,863.5,
att_14066,pay_102925,UPI payment link,1,15,Failed,0.429,0.0,936.27,
att_14067,pay_100022,UPI payment link,2,15,Failed,0.468,0.0,4771.19,
att_14068,pay_101928,Alternate payment method,2,15,Failed,0.346,0.0,1844.39,
att_14069,pay_101638,Smart gateway retry,0,15,Recovered,0.735,2099.43,0.0,2026-07-20 09:52:00
att_14070,pay_104928,Retry after 10 minutes,3,10,Recovered,0.855,644.07,0.0,2026-07-19 21:21:00
att_14071,pay_100563,Email reminder,2,15,Failed,0.47,0.0,7237.35,
att_14072,pay_103086,Email reminder,1,15,Failed,0.429,0.0,2172.49,
att_14073,pay_102612,Alternate payment method,2,15,Failed,0.408,0.0,4879.44,
att_14074,pay_100468,Email reminder,3,15,Failed,0.429,0.0,7764.8,
att_14075,pay_104167,OTP reminder,2,15,Recovered,0.713,15002.22,0.0,2026-07-20 11:47:00
att_14076,pay_103667,OTP reminder,0,15,Pending,0.568,0.0,1127.08,
att_14077,pay_101105,Retry after 10 minutes,2,10,Failed,0.819,0.0,894.99,
att_14078,pay_100348,UPI payment link,1,15,Failed,0.26,0.0,1173.31,
att_14079,pay_104390,UPI payment link,3,15,Failed,0.316,0.0,10268.22,
att_14080,pay_104627,Alternate payment method,3,15,Failed,0.376,0.0,1131.63,
att_14081,pay_102482,OTP reminder,3,15,Failed,0.664,0.0,2735.07,
att_14082,pay_102380,UPI payment link,0,15,Pending,0.167,0.0,1924.5,
att_14083,pay_101885,Retry after 10 minutes,0,10,Recovered,0.948,5374.26,0.0,2026-07-20 21:33:00
att_14084,pay_100250,Alternate payment method,0,15,Pending,0.373,0.0,2979.46,
att_14085,pay_100391,Smart gateway retry,3,15,Failed,0.698,0.0,26120.91,
att_14086,pay_103823,Retry after 10 minutes,2,10,Failed,0.786,0.0,12740.17,
att_14087,pay_101701,Smart gateway retry,3,15,Failed,0.793,0.0,666.19,
att_14088,pay_103878,OTP reminder,1,15,Recovered,0.662,479.23,0.0,2026-07-20 14:09:00
att_14089,pay_104225,Alternate payment method,2,15,Failed,0.341,0.0,2355.72,
att_14090,pay_101882,OTP reminder,0,15,Pending,0.699,0.0,9931.99,
att_14091,pay_102274,Retry after 10 minutes,1,10,Failed,0.746,0.0,2103.56,
att_14092,pay_101173,Smart gateway retry,1,15,Failed,0.771,0.0,5993.83,
att_14093,pay_101404,Retry after 10 minutes,0,10,Pending,0.98,0.0,3105.69,
att_14094,pay_102031,UPI payment link,0,15,Pending,0.522,0.0,5896.51,
att_14095,pay_104772,Retry after 10 minutes,1,10,Failed,0.818,0.0,5755.99,
att_14096,pay_103791,Retry after 10 minutes,1,10,Recovered,0.901,4727.27,0.0,2026-07-21 08:51:00
att_14097,pay_103786,Alternate payment method,2,15,Recovered,0.462,3151.36,0.0,2026-07-21 03:25:00
att_14098,pay_100660,UPI payment link,1,15,Failed,0.291,0.0,1395.08,
att_14099,pay_100229,UPI payment link,2,15,Failed,0.366,0.0,2221.17,
att_14100,pay_103887,UPI payment link,0,15,Pending,0.262,0.0,15118.91,
att_14101,pay_102146,Smart gateway retry,0,15,Pending,0.975,0.0,1691.49,
att_14102,pay_102367,Retry after 10 minutes,1,10,Failed,0.975,0.0,4204.52,
att_14103,pay_103087,OTP reminder,2,15,Recovered,0.67,1484.41,0.0,2026-07-21 03:53:00
att_14104,pay_102247,UPI payment link,1,15,Recovered,0.48,1463.19,0.0,2026-07-21 07:18:00
att_14105,pay_102477,Alternate payment method,0,15,Pending,0.359,0.0,1501.93,
att_14106,pay_100760,Retry after 10 minutes,2,10,Recovered,0.98,1155.92,0.0,2026-07-21 07:52:00
att_14107,pay_103195,Retry after 10 minutes,3,10,Recovered,0.85,2620.37,0.0,2026-07-21 17:33:00
att_14108,pay_102369,Smart gateway retry,0,15,Pending,0.622,0.0,5249.23,
att_14109,pay_103051,Email reminder,2,15,Failed,0.485,0.0,7066.17,
att_14110,pay_100258,Retry after 10 minutes,2,10,Recovered,0.799,4314.01,0.0,2026-07-21 17:29:00
att_14111,pay_103949,Alternate payment method,0,15,Pending,0.537,0.0,3982.37,
att_14112,pay_100543,Smart gateway retry,0,15,Pending,0.624,0.0,3813.17,
att_14113,pay_104633,Smart gateway retry,0,15,Recovered,0.904,3321.0,0.0,2026-07-22 02:01:00
att_14114,pay_103096,Smart gateway retry,2,15,Failed,0.846,0.0,817.57,
att_14115,pay_103760,Alternate payment method,3,15,Failed,0.215,0.0,5875.92,
att_14116,pay_100410,Retry after 10 minutes,3,10,Recovered,0.835,2240.05,0.0,2026-07-21 15:41:00
att_14117,pay_102930,Retry after 10 minutes,2,10,Recovered,0.701,5729.87,0.0,2026-07-22 00:05:00
att_14118,pay_103288,UPI payment link,1,15,Failed,0.409,0.0,8207.93,
att_14119,pay_101615,UPI payment link,1,15,Failed,0.448,0.0,3548.5,
att_14120,pay_101031,Smart gateway retry,1,15,Recovered,0.838,1361.45,0.0,2026-07-22 04:01:00
att_14121,pay_100907,Smart gateway retry,3,15,Failed,0.744,0.0,21765.49,
att_14122,pay_103256,UPI payment link,2,15,Failed,0.38,0.0,1147.76,
att_14123,pay_102050,Smart gateway retry,3,15,Failed,0.811,0.0,1396.75,
att_14124,pay_102804,Retry after 10 minutes,3,10,Failed,0.776,0.0,3746.0,
att_14125,pay_102102,Email reminder,1,15,Recovered,0.453,1651.21,0.0,2026-07-21 16:25:00
att_14126,pay_102449,OTP reminder,3,15,Failed,0.432,0.0,2135.42,
att_14127,pay_100703,Alternate payment method,2,15,Failed,0.442,0.0,1749.21,
att_14128,pay_101432,Retry after 10 minutes,3,10,Recovered,0.774,1570.51,0.0,2026-07-21 21:00:00
att_14129,pay_100261,Retry after 10 minutes,1,10,Recovered,0.818,9485.95,0.0,2026-07-22 10:20:00
att_14130,pay_101192,UPI payment link,3,15,Failed,0.46,0.0,2185.27,
att_14131,pay_104681,Smart gateway retry,0,15,Recovered,0.746,2360.94,0.0,2026-07-22 18:50:00
att_14132,pay_102533,Retry after 10 minutes,2,10,Failed,0.685,0.0,1355.45,
att_14133,pay_104371,UPI payment link,1,15,Recovered,0.342,2703.12,0.0,2026-07-22 20:16:00
att_14134,pay_103561,Smart gateway retry,0,15,Pending,0.761,0.0,359.32,
att_14135,pay_104282,Smart gateway retry,0,15,Recovered,0.728,2160.74,0.0,2026-07-22 16:35:00
att_14136,pay_103179,Smart gateway retry,3,15,Recovered,0.717,1564.41,0.0,2026-07-22 21:36:00
att_14137,pay_103516,UPI payment link,1,15,Recovered,0.438,2234.73,0.0,2026-07-22 09:32:00
att_14138,pay_103048,Smart gateway retry,1,15,Recovered,0.848,4554.72,0.0,2026-07-22 14:37:00
att_14139,pay_100684,Retry after 10 minutes,1,10,Failed,0.819,0.0,9233.07,
att_14140,pay_103523,Alternate payment method,0,15,Pending,0.266,0.0,1854.12,
att_14141,pay_102939,Retry after 10 minutes,1,10,Failed,0.725,0.0,2078.66,
att_14142,pay_102327,Smart gateway retry,2,15,Recovered,0.833,1214.31,0.0,2026-07-22 11:34:00
att_14143,pay_103558,Retry after 10 minutes,2,10,Failed,0.691,0.0,10652.33,
att_14144,pay_102199,Smart gateway retry,1,15,Failed,0.854,0.0,13165.84,
att_14145,pay_100702,Alternate payment method,2,15,Failed,0.185,0.0,436.69,
att_14146,pay_102296,Smart gateway retry,2,15,Failed,0.701,0.0,1517.3,
att_14147,pay_103689,Alternate payment method,1,15,Failed,0.441,0.0,902.16,
att_14148,pay_100167,Retry after 10 minutes,1,10,Failed,0.973,0.0,9381.38,
att_14149,pay_100186,Retry after 10 minutes,3,10,Recovered,0.872,2144.46,0.0,2026-07-22 23:20:00
att_14150,pay_102595,Retry after 10 minutes,1,10,Recovered,0.8,293.69,0.0,2026-07-23 07:50:00
att_14151,pay_104378,Retry after 10 minutes,1,10,Recovered,0.863,4545.18,0.0,2026-07-23 12:13:00
att_14152,pay_104366,Retry after 10 minutes,3,10,Recovered,0.972,4753.67,0.0,2026-07-23 12:55:00
att_14153,pay_101077,Retry after 10 minutes,2,10,Recovered,0.738,2423.66,0.0,2026-07-23 02:52:00
att_14154,pay_100466,OTP reminder,2,15,Failed,0.546,0.0,2939.78,
att_14155,pay_100531,UPI payment link,0,15,Pending,0.564,0.0,3750.32,
att_14156,pay_101636,Retry after 10 minutes,0,10,Pending,0.753,0.0,5755.67,
att_14157,pay_101849,UPI payment link,3,15,Failed,0.298,0.0,2503.91,
att_14158,pay_101595,UPI payment link,0,15,Pending,0.362,0.0,7347.03,
att_14159,pay_100040,Smart gateway retry,3,15,Failed,0.819,0.0,2098.76,
att_14160,pay_100622,Alternate payment method,2,15,Failed,0.271,0.0,892.23,
att_14161,pay_104582,OTP reminder,2,15,Recovered,0.608,13686.09,0.0,2026-07-23 18:22:00
att_14162,pay_100349,Retry after 10 minutes,1,10,Recovered,0.851,14133.95,0.0,2026-07-23 17:49:00
att_14163,pay_103270,Retry after 10 minutes,0,10,Recovered,0.662,2487.41,0.0,2026-07-23 02:33:00
att_14164,pay_101940,Alternate payment method,3,15,Recovered,0.495,2507.89,0.0,2026-07-23 14:00:00
att_14165,pay_101075,Retry after 10 minutes,2,10,Recovered,0.758,11658.72,0.0,2026-07-24 02:35:00
att_14166,pay_101935,Smart gateway retry,3,15,Failed,0.738,0.0,5817.99,
att_14167,pay_104142,Smart gateway retry,2,15,Recovered,0.586,4316.09,0.0,2026-07-23 08:59:00
att_14168,pay_102719,Alternate payment method,0,15,Pending,0.35,0.0,9357.36,
att_14169,pay_101777,Alternate payment method,0,15,Pending,0.352,0.0,3693.73,
att_14170,pay_104219,OTP reminder,2,15,Recovered,0.582,1748.94,0.0,2026-07-23 12:00:00
att_14171,pay_101555,OTP reminder,0,15,Pending,0.501,0.0,3994.78,
att_14172,pay_101486,OTP reminder,3,15,Recovered,0.707,1743.58,0.0,2026-07-23 23:06:00
att_14173,pay_102094,Smart gateway retry,1,15,Failed,0.734,0.0,12883.23,
att_14174,pay_103884,Smart gateway retry,1,15,Failed,0.803,0.0,1577.66,
att_14175,pay_102368,Alternate payment method,2,15,Failed,0.266,0.0,215.19,
att_14176,pay_102432,Smart gateway retry,3,15,Recovered,0.868,5383.08,0.0,2026-07-24 04:38:00
att_14177,pay_102932,OTP reminder,3,15,Failed,0.468,0.0,1823.54,
att_14178,pay_103321,UPI payment link,3,15,Failed,0.339,0.0,1567.34,
att_14179,pay_101907,Alternate payment method,0,15,Pending,0.299,0.0,6253.65,
att_14180,pay_103364,OTP reminder,0,15,Pending,0.791,0.0,1603.15,
att_14181,pay_100177,Smart gateway retry,0,15,Pending,0.743,0.0,4278.98,
att_14182,pay_100286,Smart gateway retry,0,15,Recovered,0.672,3861.74,0.0,2026-07-23 23:57:00
att_14183,pay_103326,Email reminder,1,15,Failed,0.5,0.0,10950.2,
att_14184,pay_100082,OTP reminder,2,15,Failed,0.764,0.0,3615.43,
att_14185,pay_104956,Retry after 10 minutes,1,10,Failed,0.941,0.0,2238.59,
att_14186,pay_102659,Smart gateway retry,3,15,Recovered,0.734,642.83,0.0,2026-07-23 21:33:00
att_14187,pay_104883,Smart gateway retry,2,15,Recovered,0.895,629.15,0.0,2026-07-24 09:32:00
att_14188,pay_103162,UPI payment link,0,15,Pending,0.459,0.0,3184.94,
att_14189,pay_101853,Alternate payment method,1,15,Failed,0.553,0.0,2187.33,
att_14190,pay_101694,Alternate payment method,1,15,Recovered,0.287,2430.95,0.0,2026-07-24 05:15:00
att_14191,pay_103350,OTP reminder,0,15,Pending,0.703,0.0,1823.34,
att_14192,pay_100936,Retry after 10 minutes,0,10,Recovered,0.79,2431.31,0.0,2026-07-25 03:25:00
att_14193,pay_102426,Smart gateway retry,0,15,Pending,0.775,0.0,2389.58,
att_14194,pay_100749,Smart gateway retry,2,15,Failed,0.579,0.0,2944.48,
att_14195,pay_102867,OTP reminder,3,15,Recovered,0.748,1579.94,0.0,2026-07-24 06:08:00
att_14196,pay_101946,Email reminder,1,15,Failed,0.322,0.0,280.19,
att_14197,pay_103402,Retry after 10 minutes,0,10,Pending,0.723,0.0,1581.31,
att_14198,pay_104417,UPI payment link,1,15,Failed,0.362,0.0,2183.49,
att_14199,pay_101654,Retry after 10 minutes,2,10,Recovered,0.915,4172.09,0.0,2026-07-24 20:26:00
att_14200,pay_103706,Retry after 10 minutes,1,10,Recovered,0.924,2047.24,0.0,2026-07-24 21:24:00
att_14201,pay_100846,OTP reminder,2,15,Failed,0.643,0.0,2166.11,
att_14202,pay_103252,Retry after 10 minutes,0,10,Pending,0.844,0.0,2903.16,
att_14203,pay_100532,UPI payment link,0,15,Pending,0.432,0.0,4868.28,
att_14204,pay_104556,Retry after 10 minutes,2,10,Failed,0.978,0.0,895.37,
att_14205,pay_102791,Smart gateway retry,2,15,Failed,0.606,0.0,6669.6,
att_14206,pay_102248,Email reminder,3,15,Recovered,0.42,2029.96,0.0,2026-07-25 12:16:00
att_14207,pay_103807,UPI payment link,3,15,Failed,0.417,0.0,2588.23,
att_14208,pay_101405,Retry after 10 minutes,0,10,Pending,0.882,0.0,2009.09,
att_14209,pay_104662,Alternate payment method,0,15,Recovered,0.341,1224.38,0.0,2026-07-25 04:29:00
att_14210,pay_100883,Retry after 10 minutes,0,10,Pending,0.886,0.0,1855.26,
att_14211,pay_103602,Alternate payment method,1,15,Failed,0.448,0.0,1678.9,
att_14212,pay_103037,OTP reminder,2,15,Failed,0.677,0.0,2645.27,
att_14213,pay_100057,Email reminder,3,15,Recovered,0.441,2034.04,0.0,2026-07-25 07:44:00
att_14214,pay_103685,UPI payment link,3,15,Failed,0.497,0.0,2073.44,
att_14215,pay_101228,Retry after 10 minutes,2,10,Failed,0.714,0.0,3284.44,
att_14216,pay_102221,OTP reminder,3,15,Failed,0.639,0.0,7173.74,
att_14217,pay_103927,Email reminder,1,15,Recovered,0.453,289.52,0.0,2026-07-25 08:51:00
att_14218,pay_101536,UPI payment link,1,15,Failed,0.342,0.0,4929.57,
att_14219,pay_101045,Smart gateway retry,0,15,Pending,0.705,0.0,781.85,
att_14220,pay_102307,Email reminder,2,15,Failed,0.574,0.0,7905.33,
att_14221,pay_100535,Alternate payment method,0,15,Pending,0.431,0.0,4119.32,
att_14222,pay_103567,Alternate payment method,0,15,Pending,0.401,0.0,1508.25,
att_14223,pay_102885,Alternate payment method,3,15,Failed,0.275,0.0,3493.02,
att_14224,pay_100960,Alternate payment method,0,15,Pending,0.198,0.0,622.19,
att_14225,pay_100389,Alternate payment method,0,15,Pending,0.481,0.0,4254.64,
att_14226,pay_104848,Email reminder,2,15,Recovered,0.542,2215.54,0.0,2026-07-25 14:36:00
att_14227,pay_103700,UPI payment link,0,15,Pending,0.397,0.0,565.29,
att_14228,pay_102012,OTP reminder,2,15,Failed,0.602,0.0,1433.11,
att_14229,pay_101969,Retry after 10 minutes,3,10,Recovered,0.892,340.88,0.0,2026-07-25 10:05:00
att_14230,pay_104017,UPI payment link,0,15,Pending,0.35,0.0,1783.21,
att_14231,pay_102007,Email reminder,3,15,Recovered,0.562,2351.08,0.0,2026-07-25 07:38:00
att_14232,pay_100181,OTP reminder,3,15,Failed,0.549,0.0,4305.5,
att_14233,pay_104347,Smart gateway retry,1,15,Failed,0.773,0.0,8168.4,
att_14234,pay_100272,Retry after 10 minutes,0,10,Recovered,0.731,1861.79,0.0,2026-07-25 23:41:00
att_14235,pay_100356,Retry after 10 minutes,0,10,Pending,0.895,0.0,5184.94,
att_14236,pay_101480,OTP reminder,1,15,Failed,0.551,0.0,4849.41,
att_14237,pay_104112,Smart gateway retry,3,15,Recovered,0.706,1478.49,0.0,2026-07-25 22:29:00
att_14238,pay_102638,UPI payment link,1,15,Failed,0.4,0.0,2530.25,
att_14239,pay_104210,Alternate payment method,0,15,Pending,0.42,0.0,1439.15,
att_14240,pay_103979,Smart gateway retry,1,15,Failed,0.761,0.0,3564.64,
att_14241,pay_104765,Retry after 10 minutes,0,10,Recovered,0.774,1424.81,0.0,2026-07-25 19:21:00
att_14242,pay_101103,Retry after 10 minutes,2,10,Failed,0.823,0.0,14578.01,
att_14243,pay_101523,Email reminder,0,15,Pending,0.449,0.0,2589.8,
att_14244,pay_104719,UPI payment link,0,15,Pending,0.208,0.0,3204.73,
att_14245,pay_103829,Retry after 10 minutes,0,10,Pending,0.893,0.0,5732.76,
att_14246,pay_104751,Retry after 10 minutes,0,10,Recovered,0.743,669.62,0.0,2026-07-25 22:41:00
att_14247,pay_101676,Smart gateway retry,1,15,Failed,0.744,0.0,7769.09,
att_14248,pay_102662,Smart gateway retry,0,15,Recovered,0.895,1957.43,0.0,2026-07-25 21:51:00
att_14249,pay_102062,UPI payment link,3,15,Recovered,0.305,2998.05,0.0,2026-07-26 00:15:00
att_14250,pay_101697,UPI payment link,3,15,Recovered,0.578,1156.31,0.0,2026-07-26 08:25:00
att_14251,pay_103068,Retry after 10 minutes,1,10,Failed,0.701,0.0,4118.33,
att_14252,pay_102890,Alternate payment method,0,15,Pending,0.369,0.0,5833.36,
att_14253,pay_102888,Smart gateway retry,1,15,Failed,0.711,0.0,418.69,
att_14254,pay_100937,Email reminder,2,15,Failed,0.397,0.0,2994.16,
att_14255,pay_101574,Smart gateway retry,2,15,Recovered,0.762,5433.66,0.0,2026-07-26 17:25:00
att_14256,pay_100456,Email reminder,3,15,Failed,0.447,0.0,3747.24,
att_14257,pay_100974,Email reminder,1,15,Failed,0.429,0.0,11071.87,
att_14258,pay_101606,Alternate payment method,3,15,Recovered,0.359,2919.12,0.0,2026-07-26 09:28:00
att_14259,pay_104630,OTP reminder,0,15,Recovered,0.587,4368.3,0.0,2026-07-26 05:35:00
att_14260,pay_100751,Email reminder,3,15,Recovered,0.598,1991.5,0.0,2026-07-26 06:13:00
att_14261,pay_103057,Alternate payment method,0,15,Pending,0.137,0.0,5774.66,
att_14262,pay_102329,Alternate payment method,3,15,Failed,0.286,0.0,7605.52,
att_14263,pay_104097,UPI payment link,2,15,Failed,0.376,0.0,10071.72,
att_14264,pay_101934,Retry after 10 minutes,1,10,Failed,0.82,0.0,14734.6,
att_14265,pay_100521,Retry after 10 minutes,0,10,Recovered,0.887,1046.53,0.0,2026-07-26 18:03:00
att_14266,pay_104060,Retry after 10 minutes,2,10,Recovered,0.98,1098.36,0.0,2026-07-27 01:08:00
att_14267,pay_100923,UPI payment link,3,15,Failed,0.231,0.0,6780.66,
att_14268,pay_100255,Retry after 10 minutes,0,10,Pending,0.98,0.0,950.43,
att_14269,pay_101062,Alternate payment method,0,15,Pending,0.253,0.0,10182.32,
att_14270,pay_103670,UPI payment link,3,15,Recovered,0.56,1743.56,0.0,2026-07-26 23:00:00
att_14271,pay_100407,OTP reminder,2,15,Failed,0.599,0.0,2909.98,
att_14272,pay_100527,Retry after 10 minutes,2,10,Recovered,0.854,1622.58,0.0,2026-07-27 13:10:00
att_14273,pay_102301,Retry after 10 minutes,3,10,Recovered,0.814,2159.95,0.0,2026-07-27 10:07:00
att_14274,pay_101611,Retry after 10 minutes,1,10,Recovered,0.867,8620.77,0.0,2026-07-27 10:57:00
att_14275,pay_102518,UPI payment link,2,15,Failed,0.387,0.0,1825.24,
att_14276,pay_104953,Smart gateway retry,3,15,Recovered,0.799,4267.49,0.0,2026-07-27 04:33:00
att_14277,pay_100833,Alternate payment method,3,15,Recovered,0.363,4733.3,0.0,2026-07-26 21:18:00
att_14278,pay_101186,Smart gateway retry,2,15,Recovered,0.798,8833.64,0.0,2026-07-27 21:46:00
att_14279,pay_101962,UPI payment link,0,15,Pending,0.38,0.0,2548.48,
att_14280,pay_104367,OTP reminder,3,15,Recovered,0.77,312.45,0.0,2026-07-27 18:53:00
att_14281,pay_104015,Email reminder,0,15,Pending,0.512,0.0,1027.89,
att_14282,pay_101089,Alternate payment method,2,15,Recovered,0.548,2471.45,0.0,2026-07-27 10:49:00
att_14283,pay_100328,Smart gateway retry,0,15,Recovered,0.852,478.63,0.0,2026-07-27 21:41:00
att_14284,pay_103513,Retry after 10 minutes,1,10,Recovered,0.674,805.96,0.0,2026-07-27 23:22:00
att_14285,pay_103834,Alternate payment method,0,15,Pending,0.203,0.0,1441.78,
att_14286,pay_100461,Alternate payment method,1,15,Failed,0.429,0.0,5045.38,
att_14287,pay_103248,UPI payment link,3,15,Failed,0.347,0.0,4007.48,
att_14288,pay_100305,Alternate payment method,1,15,Recovered,0.454,2071.38,0.0,2026-07-27 09:20:00
att_14289,pay_100240,Smart gateway retry,3,15,Recovered,0.884,3755.51,0.0,2026-07-27 22:43:00
att_14290,pay_103203,Alternate payment method,1,15,Failed,0.419,0.0,2292.85,
att_14291,pay_103992,Smart gateway retry,2,15,Recovered,0.886,6518.42,0.0,2026-07-28 05:12:00
att_14292,pay_100768,Retry after 10 minutes,1,10,Recovered,0.7,4506.21,0.0,2026-07-28 06:25:00
att_14293,pay_102735,Alternate payment method,0,15,Pending,0.283,0.0,1120.45,
att_14294,pay_104025,UPI payment link,1,15,Recovered,0.39,5733.85,0.0,2026-07-27 21:10:00
att_14295,pay_103888,OTP reminder,3,15,Failed,0.657,0.0,2657.93,
att_14296,pay_100619,Alternate payment method,1,15,Recovered,0.35,3068.38,0.0,2026-07-27 12:24:00
att_14297,pay_100117,Retry after 10 minutes,2,10,Failed,0.838,0.0,1080.37,
att_14298,pay_100099,UPI payment link,0,15,Pending,0.348,0.0,8365.28,
att_14299,pay_101444,OTP reminder,2,15,Failed,0.563,0.0,3929.24,
att_14300,pay_100720,UPI payment link,3,15,Failed,0.454,0.0,12993.11,
att_14301,pay_102107,Retry after 10 minutes,3,10,Recovered,0.825,3876.07,0.0,2026-07-28 02:52:00
att_14302,pay_104667,Alternate payment method,0,15,Pending,0.438,0.0,7268.16,
att_14303,pay_102209,Smart gateway retry,2,15,Failed,0.656,0.0,7974.32,
att_14304,pay_101527,Smart gateway retry,0,15,Recovered,0.753,509.84,0.0,2026-07-28 10:55:00
att_14305,pay_102233,Alternate payment method,2,15,Failed,0.212,0.0,5758.75,
att_14306,pay_101835,Alternate payment method,2,15,Failed,0.379,0.0,1415.87,
att_14307,pay_100681,OTP reminder,1,15,Recovered,0.628,1670.05,0.0,2026-07-28 13:41:00
att_14308,pay_102377,Smart gateway retry,2,15,Recovered,0.835,2338.1,0.0,2026-07-28 05:07:00
att_14309,pay_101341,Retry after 10 minutes,3,10,Recovered,0.73,8001.47,0.0,2026-07-28 00:25:00
att_14310,pay_104836,Retry after 10 minutes,2,10,Recovered,0.961,1625.89,0.0,2026-07-28 10:41:00
att_14311,pay_102726,UPI payment link,2,15,Recovered,0.518,2516.56,0.0,2026-07-28 20:22:00
att_14312,pay_104473,Alternate payment method,0,15,Pending,0.348,0.0,5269.06,
att_14313,pay_100822,OTP reminder,0,15,Pending,0.75,0.0,2965.1,
att_14314,pay_101818,Retry after 10 minutes,2,10,Failed,0.68,0.0,1644.13,
att_14315,pay_103605,Retry after 10 minutes,0,10,Pending,0.725,0.0,4745.32,
att_14316,pay_103307,Alternate payment method,2,15,Recovered,0.276,4840.27,0.0,2026-07-28 11:55:00
att_14317,pay_100603,Email reminder,2,15,Recovered,0.521,3341.91,0.0,2026-07-29 02:42:00
att_14318,pay_102479,Alternate payment method,1,15,Failed,0.345,0.0,555.85,
att_14319,pay_102206,UPI payment link,1,15,Failed,0.307,0.0,4930.82,
att_14320,pay_101357,OTP reminder,1,15,Failed,0.556,0.0,2640.3,
att_14321,pay_103268,Alternate payment method,0,15,Pending,0.268,0.0,3096.46,
att_14322,pay_101894,Email reminder,1,15,Recovered,0.365,1282.13,0.0,2026-07-28 17:50:00
att_14323,pay_100947,Smart gateway retry,1,15,Recovered,0.614,1361.51,0.0,2026-07-28 21:28:00
att_14324,pay_102760,OTP reminder,2,15,Recovered,0.716,6977.34,0.0,2026-07-28 18:35:00
att_14325,pay_104757,Retry after 10 minutes,3,10,Recovered,0.827,1687.86,0.0,2026-07-29 08:59:00
att_14326,pay_104302,UPI payment link,1,15,Failed,0.371,0.0,629.37,
att_14327,pay_103526,Smart gateway retry,3,15,Recovered,0.817,3106.57,0.0,2026-07-29 14:30:00
att_14328,pay_104656,Smart gateway retry,2,15,Recovered,0.847,2417.14,0.0,2026-07-28 18:37:00
att_14329,pay_104020,Email reminder,0,15,Recovered,0.351,3123.33,0.0,2026-07-28 21:23:00
att_14330,pay_103537,Retry after 10 minutes,0,10,Recovered,0.712,1619.7,0.0,2026-07-29 01:21:00
att_14331,pay_102430,UPI payment link,2,15,Failed,0.357,0.0,1314.7,
att_14332,pay_100442,Alternate payment method,3,15,Recovered,0.408,2312.3,0.0,2026-07-29 02:00:00
att_14333,pay_100669,UPI payment link,2,15,Failed,0.531,0.0,1853.61,
att_14334,pay_101644,Retry after 10 minutes,0,10,Pending,0.953,0.0,1949.03,
att_14335,pay_101925,Retry after 10 minutes,0,10,Pending,0.612,0.0,4502.38,
att_14336,pay_100413,Email reminder,1,15,Recovered,0.515,1803.36,0.0,2026-07-28 23:29:00
att_14337,pay_102084,UPI payment link,0,15,Pending,0.332,0.0,6866.71,
att_14338,pay_101775,Retry after 10 minutes,2,10,Failed,0.787,0.0,344.39,
att_14339,pay_100433,Smart gateway retry,2,15,Recovered,0.864,522.22,0.0,2026-07-29 19:24:00
att_14340,pay_103021,Alternate payment method,0,15,Pending,0.298,0.0,2694.15,
att_14341,pay_104117,OTP reminder,0,15,Pending,0.389,0.0,1459.48,
att_14342,pay_103286,Retry after 10 minutes,1,10,Failed,0.789,0.0,2477.38,
att_14343,pay_103101,OTP reminder,0,15,Pending,0.554,0.0,923.52,
att_14344,pay_104203,Retry after 10 minutes,3,10,Failed,0.927,0.0,2800.63,
att_14345,pay_103944,Alternate payment method,2,15,Recovered,0.266,1222.76,0.0,2026-07-29 13:53:00
att_14346,pay_100073,UPI payment link,0,15,Pending,0.189,0.0,419.83,
att_14347,pay_100704,OTP reminder,2,15,Recovered,0.618,838.78,0.0,2026-07-30 03:38:00
att_14348,pay_102103,OTP reminder,3,15,Recovered,0.636,1828.93,0.0,2026-07-29 20:24:00
att_14349,pay_100944,Smart gateway retry,3,15,Recovered,0.863,3786.12,0.0,2026-07-29 11:16:00
att_14350,pay_102005,Alternate payment method,3,15,Failed,0.334,0.0,10892.13,
att_14351,pay_104144,UPI payment link,3,15,Failed,0.413,0.0,4744.35,
att_14352,pay_102698,Retry after 10 minutes,0,10,Recovered,0.774,68754.99,0.0,2026-07-30 00:45:00
att_14353,pay_103512,Alternate payment method,0,15,Pending,0.201,0.0,6559.56,
att_14354,pay_101004,OTP reminder,1,15,Failed,0.622,0.0,1442.9,
att_14355,pay_103347,Email reminder,0,15,Recovered,0.401,3272.02,0.0,2026-07-29 14:24:00
att_14356,pay_102549,Alternate payment method,0,15,Pending,0.257,0.0,1736.32,
att_14357,pay_100017,UPI payment link,0,15,Pending,0.202,0.0,3315.28,
att_14358,pay_103164,UPI payment link,2,15,Failed,0.453,0.0,2170.05,
att_14359,pay_102696,Alternate payment method,1,15,Failed,0.162,0.0,8782.65,
att_14360,pay_101804,Retry after 10 minutes,1,10,Recovered,0.889,395.11,0.0,2026-07-30 05:22:00
att_14361,pay_100758,UPI payment link,3,15,Failed,0.264,0.0,1873.69,
att_14362,pay_100220,Retry after 10 minutes,0,10,Recovered,0.866,10172.04,0.0,2026-07-30 00:28:00
att_14363,pay_102908,UPI payment link,1,15,Failed,0.301,0.0,1125.51,
att_14364,pay_102818,OTP reminder,3,15,Failed,0.535,0.0,6225.72,
att_14365,pay_103063,Smart gateway retry,0,15,Pending,0.781,0.0,9048.13,
att_14366,pay_103773,Retry after 10 minutes,2,10,Recovered,0.791,23799.45,0.0,2026-07-30 01:34:00
att_14367,pay_101629,Retry after 10 minutes,1,10,Failed,0.745,0.0,6722.02,
att_14368,pay_102822,Alternate payment method,1,15,Failed,0.34,0.0,1607.21,
att_14369,pay_102829,Retry after 10 minutes,2,10,Failed,0.855,0.0,1224.82,
att_14370,pay_104531,UPI payment link,1,15,Failed,0.373,0.0,3332.61,
att_14371,pay_103820,Alternate payment method,0,15,Pending,0.516,0.0,1834.58,
att_14372,pay_100156,Retry after 10 minutes,2,10,Failed,0.786,0.0,2809.98,
att_14373,pay_101609,Alternate payment method,0,15,Recovered,0.275,2816.85,0.0,2026-07-30 20:45:00
att_14374,pay_102079,Smart gateway retry,1,15,Failed,0.73,0.0,1301.65,
att_14375,pay_101927,UPI payment link,3,15,Failed,0.472,0.0,1438.58,
att_14376,pay_100873,UPI payment link,3,15,Recovered,0.493,3094.21,0.0,2026-07-30 11:43:00
att_14377,pay_101604,Alternate payment method,0,15,Pending,0.244,0.0,2846.28,
att_14378,pay_103972,Alternate payment method,2,15,Failed,0.504,0.0,565.04,
att_14379,pay_104841,UPI payment link,2,15,Failed,0.367,0.0,2449.87,
att_14380,pay_101237,Alternate payment method,1,15,Recovered,0.367,2754.43,0.0,2026-07-30 18:01:00
att_14381,pay_104197,Smart gateway retry,2,15,Recovered,0.796,1537.72,0.0,2026-07-30 10:41:00
att_14382,pay_104797,Alternate payment method,3,15,Failed,0.139,0.0,572.38,
att_14383,pay_100435,Alternate payment method,0,15,Pending,0.484,0.0,5242.79,
att_14384,pay_102922,Smart gateway retry,1,15,Recovered,0.716,3143.65,0.0,2026-07-30 17:10:00
att_14385,pay_103498,Alternate payment method,0,15,Recovered,0.405,4115.17,0.0,2026-07-31 07:44:00
att_14386,pay_100385,Email reminder,2,15,Failed,0.354,0.0,1236.14,
att_14387,pay_100782,Email reminder,2,15,Failed,0.619,0.0,1622.04,
att_14388,pay_104512,Smart gateway retry,0,15,Pending,0.592,0.0,5904.43,
att_14389,pay_104654,Smart gateway retry,1,15,Recovered,0.773,1884.0,0.0,2026-07-31 07:34:00
att_14390,pay_100417,Email reminder,0,15,Recovered,0.37,3303.52,0.0,2026-07-30 18:59:00
att_14391,pay_102509,Smart gateway retry,2,15,Failed,0.809,0.0,1166.58,
att_14392,pay_100783,Alternate payment method,3,15,Failed,0.3,0.0,2086.05,
att_14393,pay_103348,Retry after 10 minutes,2,10,Recovered,0.756,1896.98,0.0,2026-07-31 00:17:00
att_14394,pay_104284,Retry after 10 minutes,0,10,Pending,0.824,0.0,6266.69,
att_14395,pay_101618,OTP reminder,1,15,Failed,0.653,0.0,1683.05,
att_14396,pay_104410,OTP reminder,2,15,Failed,0.61,0.0,980.36,
att_14397,pay_101875,Email reminder,1,15,Failed,0.337,0.0,3882.87,
att_14398,pay_100862,Retry after 10 minutes,0,10,Recovered,0.848,1209.28,0.0,2026-07-31 01:33:00
att_14399,pay_101156,UPI payment link,0,15,Pending,0.217,0.0,2058.18,
att_14400,pay_103529,Alternate payment method,2,15,Recovered,0.387,4866.43,0.0,2026-07-31 21:19:00
att_14401,pay_103650,Retry after 10 minutes,0,10,Pending,0.724,0.0,2707.74,
att_14402,pay_100723,Retry after 10 minutes,2,10,Recovered,0.859,14367.8,0.0,2026-07-31 17:50:00
att_14403,pay_101049,Retry after 10 minutes,1,10,Recovered,0.862,9351.3,0.0,2026-07-31 23:58:00
att_14404,pay_101342,Smart gateway retry,3,15,Recovered,0.809,7447.47,0.0,2026-07-31 11:54:00
att_14405,pay_100945,Alternate payment method,0,15,Pending,0.179,0.0,5283.58,
att_14406,pay_102363,Smart gateway retry,2,15,Recovered,0.742,1320.86,0.0,2026-07-31 07:56:00
att_14407,pay_101945,Smart gateway retry,0,15,Recovered,0.767,1635.42,0.0,2026-07-31 23:03:00
att_14408,pay_100496,Smart gateway retry,0,15,Pending,0.877,0.0,1757.11,
att_14409,pay_100312,Alternate payment method,2,15,Failed,0.322,0.0,3132.94,
att_14410,pay_103160,UPI payment link,2,15,Failed,0.131,0.0,3203.12,
att_14411,pay_104401,Retry after 10 minutes,2,10,Recovered,0.81,1150.88,0.0,2026-07-31 13:34:00
att_14412,pay_103304,Retry after 10 minutes,2,10,Recovered,0.876,2481.98,0.0,2026-07-31 21:05:00
att_14413,pay_102699,Email reminder,2,15,Failed,0.47,0.0,538.83,
att_14414,pay_100777,Smart gateway retry,3,15,Recovered,0.778,1450.02,0.0,2026-07-31 08:43:00
att_14415,pay_102268,Alternate payment method,0,15,Recovered,0.248,2366.36,0.0,2026-08-01 04:47:00
att_14416,pay_103369,Retry after 10 minutes,3,10,Recovered,0.885,5907.43,0.0,2026-08-01 07:39:00
att_14417,pay_100197,Retry after 10 minutes,0,10,Pending,0.737,0.0,3106.41,
att_14418,pay_102785,OTP reminder,2,15,Recovered,0.642,771.4,0.0,2026-07-31 12:47:00
att_14419,pay_102680,OTP reminder,0,15,Pending,0.644,0.0,13761.63,
att_14420,pay_100725,OTP reminder,3,15,Failed,0.697,0.0,7261.84,
att_14421,pay_104458,Smart gateway retry,2,15,Failed,0.854,0.0,816.26,
att_14422,pay_100364,UPI payment link,1,15,Failed,0.573,0.0,1572.87,
att_14423,pay_101019,UPI payment link,3,15,Recovered,0.422,11301.53,0.0,2026-08-01 10:14:00
att_14424,pay_104009,Smart gateway retry,2,15,Recovered,0.711,5270.12,0.0,2026-08-01 01:03:00
att_14425,pay_102213,Smart gateway retry,2,15,Recovered,0.96,3579.38,0.0,2026-08-01 16:47:00
att_14426,pay_102214,Retry after 10 minutes,1,10,Recovered,0.765,1117.07,0.0,2026-08-01 17:24:00
att_14427,pay_102505,Smart gateway retry,3,15,Recovered,0.938,471.32,0.0,2026-07-31 23:38:00
att_14428,pay_100537,Alternate payment method,0,15,Pending,0.323,0.0,6022.67,
att_14429,pay_104381,Retry after 10 minutes,1,10,Recovered,0.806,1475.22,0.0,2026-08-01 01:34:00
att_14430,pay_101320,Smart gateway retry,2,15,Recovered,0.777,2347.39,0.0,2026-08-01 18:41:00
att_14431,pay_100119,Retry after 10 minutes,2,10,Recovered,0.923,4243.29,0.0,2026-08-01 21:43:00
att_14432,pay_101215,OTP reminder,0,15,Pending,0.68,0.0,1786.69,
att_14433,pay_104433,Retry after 10 minutes,2,10,Recovered,0.778,2902.48,0.0,2026-08-01 20:40:00
att_14434,pay_102852,Alternate payment method,1,15,Failed,0.385,0.0,5597.76,
att_14435,pay_100872,Alternate payment method,0,15,Pending,0.44,0.0,675.69,
att_14436,pay_100500,Email reminder,3,15,Failed,0.383,0.0,3128.02,
att_14437,pay_104768,Alternate payment method,3,15,Failed,0.463,0.0,5306.11,
att_14438,pay_102722,Retry after 10 minutes,1,10,Recovered,0.857,360.2,0.0,2026-08-02 00:23:00
att_14439,pay_103026,Retry after 10 minutes,2,10,Recovered,0.916,898.37,0.0,2026-08-01 13:39:00
att_14440,pay_101578,OTP reminder,3,15,Recovered,0.611,1717.77,0.0,2026-08-01 17:09:00
att_14441,pay_102910,Alternate payment method,1,15,Failed,0.317,0.0,2909.54,
att_14442,pay_101483,UPI payment link,0,15,Pending,0.419,0.0,1980.52,
att_14443,pay_104728,Alternate payment method,1,15,Failed,0.415,0.0,2104.83,
att_14444,pay_103790,Smart gateway retry,3,15,Recovered,0.833,4942.63,0.0,2026-08-01 12:37:00
att_14445,pay_102243,UPI payment link,1,15,Failed,0.31,0.0,1215.82,
att_14446,pay_104220,Retry after 10 minutes,1,10,Failed,0.785,0.0,4331.72,
att_14447,pay_101465,Retry after 10 minutes,3,10,Failed,0.657,0.0,21903.2,
att_14448,pay_103590,OTP reminder,3,15,Recovered,0.491,1478.16,0.0,2026-08-01 20:43:00
att_14449,pay_101488,Retry after 10 minutes,2,10,Failed,0.863,0.0,838.13,
att_14450,pay_101866,Smart gateway retry,1,15,Failed,0.812,0.0,3888.04,
att_14451,pay_104977,Retry after 10 minutes,0,10,Recovered,0.774,160.99,0.0,2026-08-01 19:34:00
att_14452,pay_103033,Retry after 10 minutes,3,10,Recovered,0.94,2267.95,0.0,2026-08-02 01:47:00
att_14453,pay_101815,Smart gateway retry,1,15,Failed,0.62,0.0,2891.75,
att_14454,pay_100807,Email reminder,2,15,Recovered,0.344,1456.27,0.0,2026-08-02 04:26:00
att_14455,pay_101537,UPI payment link,1,15,Failed,0.47,0.0,8498.34,
att_14456,pay_101271,Email reminder,3,15,Recovered,0.49,9408.86,0.0,2026-08-02 20:14:00
att_14457,pay_103726,Alternate payment method,1,15,Failed,0.271,0.0,4963.76,
att_14458,pay_100479,OTP reminder,2,15,Failed,0.62,0.0,907.18,
att_14459,pay_103076,Smart gateway retry,3,15,Recovered,0.667,426.56,0.0,2026-08-02 13:17:00
att_14460,pay_103149,Alternate payment method,1,15,Failed,0.218,0.0,1798.22,
att_14461,pay_104043,Retry after 10 minutes,0,10,Pending,0.876,0.0,3227.42,
att_14462,pay_100309,Retry after 10 minutes,1,10,Failed,0.731,0.0,4545.37,
att_14463,pay_104237,Email reminder,2,15,Recovered,0.683,972.23,0.0,2026-08-02 23:47:00
att_14464,pay_103490,Smart gateway retry,0,15,Pending,0.764,0.0,961.11,
att_14465,pay_100321,Smart gateway retry,3,15,Recovered,0.698,2360.17,0.0,2026-08-02 06:26:00
att_14466,pay_102945,Alternate payment method,2,15,Failed,0.272,0.0,1527.54,
att_14467,pay_104831,Retry after 10 minutes,0,10,Pending,0.98,0.0,7888.2,
att_14468,pay_101226,Alternate payment method,2,15,Failed,0.219,0.0,999.13,
att_14469,pay_102503,OTP reminder,1,15,Recovered,0.53,14010.76,0.0,2026-08-03 05:08:00
att_14470,pay_100582,Retry after 10 minutes,1,10,Recovered,0.895,3522.45,0.0,2026-08-03 08:49:00
att_14471,pay_101854,UPI payment link,1,15,Failed,0.323,0.0,837.4,
att_14472,pay_104778,Alternate payment method,1,15,Failed,0.241,0.0,886.75,
att_14473,pay_100817,Email reminder,3,15,Failed,0.516,0.0,8449.27,
att_14474,pay_104852,Retry after 10 minutes,0,10,Pending,0.902,0.0,7846.55,
att_14475,pay_100170,OTP reminder,3,15,Failed,0.697,0.0,9145.18,
att_14476,pay_102264,OTP reminder,1,15,Failed,0.595,0.0,1476.05,
att_14477,pay_100459,Smart gateway retry,2,15,Failed,0.796,0.0,3301.85,
att_14478,pay_103352,Retry after 10 minutes,3,10,Recovered,0.845,3645.16,0.0,2026-08-03 00:00:00
att_14479,pay_103686,Email reminder,2,15,Failed,0.534,0.0,3730.5,
att_14480,pay_104965,OTP reminder,0,15,Pending,0.442,0.0,3793.66,
att_14481,pay_102176,Smart gateway retry,3,15,Recovered,0.743,1422.9,0.0,2026-08-02 18:44:00
att_14482,pay_100515,UPI payment link,1,15,Recovered,0.224,2717.08,0.0,2026-08-02 18:25:00
att_14483,pay_101826,Retry after 10 minutes,0,10,Pending,0.91,0.0,1326.91,
att_14484,pay_101165,Alternate payment method,1,15,Failed,0.321,0.0,6443.0,
att_14485,pay_102474,OTP reminder,3,15,Recovered,0.61,3589.46,0.0,2026-08-03 03:28:00
att_14486,pay_103852,UPI payment link,2,15,Failed,0.25,0.0,1635.85,
att_14487,pay_103782,Retry after 10 minutes,1,10,Recovered,0.832,3747.21,0.0,2026-08-03 16:36:00
att_14488,pay_101729,UPI payment link,3,15,Failed,0.351,0.0,1630.54,
att_14489,pay_104916,OTP reminder,0,15,Recovered,0.748,7741.66,0.0,2026-08-03 16:33:00
att_14490,pay_102614,Smart gateway retry,1,15,Recovered,0.607,1732.43,0.0,2026-08-03 08:47:00
att_14491,pay_104419,Smart gateway retry,0,15,Pending,0.694,0.0,1329.07,
att_14492,pay_102622,Retry after 10 minutes,0,10,Recovered,0.796,4800.93,0.0,2026-08-03 05:28:00
att_14493,pay_102422,Retry after 10 minutes,0,10,Pending,0.727,0.0,16846.8,
att_14494,pay_102555,UPI payment link,3,15,Failed,0.413,0.0,2122.98,
att_14495,pay_102514,Alternate payment method,3,15,Failed,0.43,0.0,6115.34,
att_14496,pay_100257,Alternate payment method,1,15,Failed,0.393,0.0,5807.08,
att_14497,pay_101358,Retry after 10 minutes,1,10,Failed,0.888,0.0,5801.24,
att_14498,pay_101449,Alternate payment method,0,15,Recovered,0.202,3844.64,0.0,2026-08-03 04:08:00
att_14499,pay_104106,Retry after 10 minutes,1,10,Recovered,0.814,1571.07,0.0,2026-08-03 18:29:00
att_14500,pay_103496,UPI payment link,0,15,Recovered,0.458,732.08,0.0,2026-08-03 05:55:00
att_14501,pay_103871,Smart gateway retry,0,15,Pending,0.798,0.0,1338.75,
att_14502,pay_104460,OTP reminder,1,15,Failed,0.746,0.0,367.49,
att_14503,pay_103806,Smart gateway retry,1,15,Failed,0.675,0.0,1299.83,
att_14504,pay_101435,Smart gateway retry,0,15,Recovered,0.858,7138.48,0.0,2026-08-03 16:47:00
att_14505,pay_101288,UPI payment link,1,15,Failed,0.316,0.0,3889.96,
att_14506,pay_100579,UPI payment link,1,15,Failed,0.327,0.0,1962.92,
att_14507,pay_104634,UPI payment link,1,15,Failed,0.554,0.0,1903.55,
att_14508,pay_104915,Alternate payment method,0,15,Recovered,0.347,11600.57,0.0,2026-08-04 02:08:00
att_14509,pay_104182,UPI payment link,2,15,Failed,0.373,0.0,485.26,
att_14510,pay_102681,Alternate payment method,1,15,Failed,0.285,0.0,1492.57,
att_14511,pay_104069,OTP reminder,2,15,Failed,0.423,0.0,1013.51,
att_14512,pay_101879,OTP reminder,2,15,Recovered,0.56,1147.61,0.0,2026-08-04 06:20:00
att_14513,pay_102501,Retry after 10 minutes,3,10,Recovered,0.682,2893.6,0.0,2026-08-04 04:37:00
att_14514,pay_100890,Alternate payment method,3,15,Failed,0.272,0.0,664.55,
att_14515,pay_101737,Retry after 10 minutes,2,10,Recovered,0.824,3400.47,0.0,2026-08-04 08:22:00
att_14516,pay_103034,Alternate payment method,2,15,Failed,0.233,0.0,1749.98,
att_14517,pay_100587,Alternate payment method,2,15,Failed,0.433,0.0,1214.56,
att_14518,pay_102471,UPI payment link,2,15,Failed,0.213,0.0,3174.75,
att_14519,pay_104552,Email reminder,2,15,Failed,0.506,0.0,414.64,
att_14520,pay_101787,Alternate payment method,1,15,Failed,0.231,0.0,3988.31,
att_14521,pay_103342,OTP reminder,0,15,Recovered,0.62,1177.47,0.0,2026-08-04 16:21:00
att_14522,pay_102956,OTP reminder,3,15,Recovered,0.712,4888.21,0.0,2026-08-04 12:11:00
att_14523,pay_102320,Smart gateway retry,3,15,Recovered,0.793,1993.23,0.0,2026-08-04 17:02:00
att_14524,pay_104842,Alternate payment method,2,15,Failed,0.371,0.0,1442.93,
att_14525,pay_104726,Retry after 10 minutes,3,10,Recovered,0.79,9306.28,0.0,2026-08-04 12:49:00
att_14526,pay_103283,Smart gateway retry,3,15,Recovered,0.924,3034.25,0.0,2026-08-04 17:35:00
att_14527,pay_104762,Retry after 10 minutes,2,10,Failed,0.704,0.0,2502.23,
att_14528,pay_103958,Alternate payment method,1,15,Failed,0.429,0.0,2562.09,
att_14529,pay_104313,Alternate payment method,2,15,Failed,0.252,0.0,328.72,
att_14530,pay_103418,Retry after 10 minutes,3,10,Recovered,0.701,2656.13,0.0,2026-08-04 16:56:00
att_14531,pay_100086,Email reminder,1,15,Recovered,0.418,579.44,0.0,2026-08-05 01:27:00
att_14532,pay_104070,Alternate payment method,2,15,Recovered,0.343,1311.68,0.0,2026-08-04 11:26:00
att_14533,pay_101841,Email reminder,0,15,Recovered,0.388,17356.96,0.0,2026-08-04 14:24:00
att_14534,pay_104847,Retry after 10 minutes,3,10,Failed,0.812,0.0,10388.88,
att_14535,pay_102741,Alternate payment method,1,15,Failed,0.257,0.0,4228.29,
att_14536,pay_100217,OTP reminder,2,15,Recovered,0.634,13332.1,0.0,2026-08-04 17:50:00
att_14537,pay_102305,UPI payment link,3,15,Recovered,0.371,1362.97,0.0,2026-08-04 18:46:00
att_14538,pay_104670,OTP reminder,3,15,Recovered,0.648,2325.87,0.0,2026-08-04 20:37:00
att_14539,pay_100790,OTP reminder,1,15,Recovered,0.581,4075.27,0.0,2026-08-05 03:21:00
att_14540,pay_103671,Retry after 10 minutes,1,10,Failed,0.78,0.0,706.36,
att_14541,pay_100976,Retry after 10 minutes,1,10,Failed,0.688,0.0,2270.72,
att_14542,pay_102265,Email reminder,1,15,Failed,0.572,0.0,1017.06,
att_14543,pay_103974,Smart gateway retry,0,15,Pending,0.712,0.0,4544.25,
att_14544,pay_102452,Retry after 10 minutes,2,10,Recovered,0.741,28045.07,0.0,2026-08-05 05:01:00
att_14545,pay_100673,Retry after 10 minutes,2,10,Recovered,0.856,4149.75,0.0,2026-08-05 05:29:00
att_14546,pay_100699,OTP reminder,3,15,Failed,0.565,0.0,1184.41,
att_14547,pay_100242,Retry after 10 minutes,2,10,Recovered,0.738,549.24,0.0,2026-08-04 16:10:00
att_14548,pay_100375,UPI payment link,3,15,Failed,0.368,0.0,2691.21,
att_14549,pay_102593,OTP reminder,2,15,Recovered,0.682,1606.23,0.0,2026-08-04 17:34:00
att_14550,pay_104293,UPI payment link,1,15,Recovered,0.503,3418.58,0.0,2026-08-04 22:33:00
att_14551,pay_102815,Alternate payment method,2,15,Recovered,0.311,5587.98,0.0,2026-08-04 17:04:00
att_14552,pay_100009,Retry after 10 minutes,2,10,Recovered,0.916,4159.93,0.0,2026-08-05 05:50:00
att_14553,pay_104465,Alternate payment method,1,15,Recovered,0.34,2606.33,0.0,2026-08-05 04:03:00
att_14554,pay_101689,Alternate payment method,1,15,Recovered,0.512,3021.64,0.0,2026-08-05 09:38:00
att_14555,pay_103413,UPI payment link,0,15,Pending,0.373,0.0,2962.89,
att_14556,pay_104571,Retry after 10 minutes,1,10,Failed,0.529,0.0,26954.59,
att_14557,pay_100950,Email reminder,0,15,Pending,0.396,0.0,714.63,
att_14558,pay_100580,Retry after 10 minutes,2,10,Recovered,0.709,2431.91,0.0,2026-08-05 10:18:00
att_14559,pay_104299,OTP reminder,1,15,Failed,0.582,0.0,5157.48,
att_14560,pay_104527,Alternate payment method,2,15,Failed,0.31,0.0,9140.2,
att_14561,pay_102339,Alternate payment method,2,15,Failed,0.376,0.0,16531.96,
att_14562,pay_104610,Retry after 10 minutes,3,10,Failed,0.863,0.0,1829.05,
att_14563,pay_100032,Smart gateway retry,1,15,Failed,0.845,0.0,5461.07,
att_14564,pay_100909,OTP reminder,0,15,Pending,0.701,0.0,1325.04,
att_14565,pay_102081,Retry after 10 minutes,2,10,Recovered,0.84,6580.51,0.0,2026-08-05 15:12:00
att_14566,pay_104100,UPI payment link,0,15,Recovered,0.408,2137.82,0.0,2026-08-05 11:16:00
att_14567,pay_101632,Smart gateway retry,0,15,Pending,0.696,0.0,1813.84,
att_14568,pay_100358,UPI payment link,2,15,Failed,0.42,0.0,4983.17,
att_14569,pay_100132,Smart gateway retry,1,15,Recovered,0.87,2721.91,0.0,2026-08-05 18:04:00
att_14570,pay_102032,Smart gateway retry,3,15,Failed,0.783,0.0,2444.12,
att_14571,pay_102911,UPI payment link,1,15,Failed,0.311,0.0,905.56,
att_14572,pay_104127,Retry after 10 minutes,0,10,Pending,0.9,0.0,4966.49,
att_14573,pay_100825,UPI payment link,2,15,Failed,0.307,0.0,582.12,
att_14574,pay_104925,Smart gateway retry,2,15,Failed,0.962,0.0,3725.59,
att_14575,pay_100694,OTP reminder,2,15,Recovered,0.574,2564.53,0.0,2026-08-05 11:55:00
att_14576,pay_100171,Email reminder,2,15,Recovered,0.431,1343.86,0.0,2026-08-05 23:57:00
att_14577,pay_103527,UPI payment link,1,15,Recovered,0.356,3713.96,0.0,2026-08-05 23:17:00
att_14578,pay_101808,Alternate payment method,3,15,Failed,0.312,0.0,1727.69,
att_14579,pay_101530,Email reminder,2,15,Failed,0.408,0.0,2582.08,
att_14580,pay_102853,UPI payment link,3,15,Failed,0.179,0.0,5720.51,
att_14581,pay_104257,Smart gateway retry,1,15,Failed,0.818,0.0,803.65,
att_14582,pay_101930,UPI payment link,1,15,Failed,0.259,0.0,544.1,
att_14583,pay_100000,OTP reminder,3,15,Failed,0.652,0.0,997.32,
att_14584,pay_103247,Smart gateway retry,1,15,Recovered,0.719,10482.4,0.0,2026-08-06 10:30:00
att_14585,pay_104697,Email reminder,3,15,Failed,0.495,0.0,1655.21,
att_14586,pay_101542,Retry after 10 minutes,1,10,Failed,0.81,0.0,3814.26,
att_14587,pay_101720,Smart gateway retry,0,15,Pending,0.728,0.0,3214.44,
att_14588,pay_103981,Alternate payment method,2,15,Failed,0.216,0.0,2256.24,
att_14589,pay_104431,Retry after 10 minutes,3,10,Recovered,0.865,5722.26,0.0,2026-08-06 15:37:00
att_14590,pay_100195,OTP reminder,3,15,Recovered,0.622,3920.96,0.0,2026-08-06 05:41:00
att_14591,pay_100727,UPI payment link,2,15,Failed,0.39,0.0,1457.1,
att_14592,pay_103534,Smart gateway retry,3,15,Recovered,0.61,2756.42,0.0,2026-08-06 04:54:00
att_14593,pay_102316,Smart gateway retry,2,15,Recovered,0.727,977.17,0.0,2026-08-06 09:28:00
att_14594,pay_103280,Alternate payment method,2,15,Failed,0.311,0.0,1895.81,
att_14595,pay_103619,OTP reminder,2,15,Recovered,0.625,7343.9,0.0,2026-08-06 03:32:00
att_14596,pay_102864,UPI payment link,1,15,Failed,0.424,0.0,2691.45,
att_14597,pay_102528,Retry after 10 minutes,1,10,Failed,0.912,0.0,1338.92,
att_14598,pay_100752,Retry after 10 minutes,0,10,Pending,0.713,0.0,2328.27,
att_14599,pay_100880,Alternate payment method,2,15,Recovered,0.242,404.8,0.0,2026-08-06 22:39:00
att_14600,pay_100006,OTP reminder,1,15,Failed,0.62,0.0,1004.41,
att_14601,pay_102365,UPI payment link,3,15,Failed,0.272,0.0,9256.82,
att_14602,pay_103542,Smart gateway retry,1,15,Recovered,0.771,2772.25,0.0,2026-08-06 12:54:00
att_14603,pay_103320,Alternate payment method,0,15,Pending,0.301,0.0,946.89,
att_14604,pay_101255,Retry after 10 minutes,1,10,Failed,0.823,0.0,5226.07,
att_14605,pay_101327,Smart gateway retry,1,15,Failed,0.953,0.0,2379.28,
att_14606,pay_100677,OTP reminder,0,15,Pending,0.622,0.0,9922.04,
att_14607,pay_100245,Retry after 10 minutes,0,10,Recovered,0.758,3520.3,0.0,2026-08-06 23:55:00
att_14608,pay_100430,UPI payment link,1,15,Failed,0.376,0.0,22602.04,
att_14609,pay_101121,UPI payment link,0,15,Pending,0.555,0.0,6376.54,
att_14610,pay_103886,Alternate payment method,3,15,Failed,0.34,0.0,1268.47,
att_14611,pay_102634,Alternate payment method,3,15,Failed,0.341,0.0,1723.46,
att_14612,pay_104576,UPI payment link,1,15,Recovered,0.468,3892.78,0.0,2026-08-06 15:29:00
att_14613,pay_100279,Smart gateway retry,3,15,Recovered,0.79,8957.39,0.0,2026-08-06 18:37:00
att_14614,pay_103638,Alternate payment method,1,15,Failed,0.252,0.0,2473.59,
att_14615,pay_101360,Retry after 10 minutes,0,10,Recovered,0.95,2802.51,0.0,2026-08-07 01:43:00
att_14616,pay_101850,Email reminder,3,15,Recovered,0.474,2753.71,0.0,2026-08-06 22:03:00
att_14617,pay_103133,OTP reminder,2,15,Failed,0.587,0.0,5046.66,
att_14618,pay_104536,Alternate payment method,2,15,Failed,0.462,0.0,2556.75,
att_14619,pay_100438,UPI payment link,1,15,Failed,0.436,0.0,3381.25,
att_14620,pay_103758,UPI payment link,0,15,Pending,0.309,0.0,1041.25,
att_14621,pay_102751,OTP reminder,3,15,Recovered,0.763,2582.67,0.0,2026-08-07 16:11:00
att_14622,pay_104647,OTP reminder,1,15,Recovered,0.649,660.85,0.0,2026-08-08 03:55:00
att_14623,pay_101095,Retry after 10 minutes,0,10,Pending,0.71,0.0,6862.54,
att_14624,pay_101570,Alternate payment method,2,15,Failed,0.389,0.0,1838.63,
att_14625,pay_100126,UPI payment link,3,15,Failed,0.351,0.0,5270.45,
att_14626,pay_100216,Email reminder,0,15,Pending,0.34,0.0,1462.58,
att_14627,pay_104623,Alternate payment method,0,15,Pending,0.367,0.0,3491.4,
att_14628,pay_101587,Retry after 10 minutes,0,10,Pending,0.958,0.0,656.42,
att_14629,pay_103915,Email reminder,2,15,Failed,0.401,0.0,1545.06,
att_14630,pay_104104,Smart gateway retry,2,15,Failed,0.6,0.0,5221.06,
att_14631,pay_102478,UPI payment link,3,15,Failed,0.332,0.0,1939.66,
att_14632,pay_103579,Alternate payment method,1,15,Failed,0.221,0.0,1607.07,
att_14633,pay_101026,OTP reminder,3,15,Failed,0.653,0.0,3220.75,
att_14634,pay_102855,UPI payment link,2,15,Failed,0.42,0.0,5729.42,
att_14635,pay_102668,UPI payment link,3,15,Recovered,0.372,5724.04,0.0,2026-08-08 17:14:00
att_14636,pay_101054,Retry after 10 minutes,2,10,Failed,0.823,0.0,8684.06,
att_14637,pay_100068,Alternate payment method,1,15,Failed,0.444,0.0,1950.7,
att_14638,pay_104696,Email reminder,2,15,Recovered,0.556,1174.3,0.0,2026-08-08 13:29:00
att_14639,pay_103931,Alternate payment method,2,15,Failed,0.318,0.0,822.45,
att_14640,pay_101910,OTP reminder,1,15,Failed,0.752,0.0,3792.51,
att_14641,pay_101214,OTP reminder,3,15,Recovered,0.706,2773.8,0.0,2026-08-08 13:19:00
att_14642,pay_103535,Smart gateway retry,2,15,Failed,0.839,0.0,1487.12,
att_14643,pay_101252,Smart gateway retry,1,15,Recovered,0.803,3877.21,0.0,2026-08-08 08:25:00
att_14644,pay_103613,Smart gateway retry,0,15,Pending,0.966,0.0,342.34,
att_14645,pay_104230,Retry after 10 minutes,0,10,Pending,0.839,0.0,929.06,
att_14646,pay_104592,Alternate payment method,2,15,Failed,0.252,0.0,3153.74,
att_14647,pay_102024,OTP reminder,3,15,Failed,0.528,0.0,1813.12,
att_14648,pay_103334,UPI payment link,2,15,Failed,0.528,0.0,1906.58,
att_14649,pay_100658,Retry after 10 minutes,0,10,Pending,0.955,0.0,1302.35,
att_14650,pay_101021,Email reminder,0,15,Pending,0.398,0.0,1380.16,
att_14651,pay_103651,Alternate payment method,0,15,Recovered,0.422,2130.51,0.0,2026-08-09 12:30:00
att_14652,pay_104779,UPI payment link,1,15,Recovered,0.31,4659.96,0.0,2026-08-09 13:25:00
att_14653,pay_103815,Retry after 10 minutes,2,10,Failed,0.887,0.0,2913.45,
att_14654,pay_101833,UPI payment link,2,15,Failed,0.418,0.0,4957.24,
att_14655,pay_103276,Smart gateway retry,2,15,Failed,0.726,0.0,3939.59,
att_14656,pay_101952,Email reminder,3,15,Failed,0.438,0.0,3850.1,
att_14657,pay_103531,Smart gateway retry,2,15,Failed,0.831,0.0,5469.62,
att_14658,pay_103987,UPI payment link,3,15,Failed,0.282,0.0,1699.14,
att_14659,pay_103410,Smart gateway retry,3,15,Recovered,0.776,1393.14,0.0,2026-08-09 08:42:00
att_14660,pay_102590,Retry after 10 minutes,2,10,Failed,0.741,0.0,6460.97,
att_14661,pay_100898,OTP reminder,0,15,Recovered,0.679,3075.06,0.0,2026-08-09 03:33:00
att_14662,pay_103069,OTP reminder,3,15,Failed,0.569,0.0,50908.7,
att_14663,pay_104398,Smart gateway retry,0,15,Recovered,0.789,1904.62,0.0,2026-08-09 22:21:00
att_14664,pay_102231,UPI payment link,3,15,Recovered,0.499,3678.56,0.0,2026-08-09 12:20:00
att_14665,pay_102794,UPI payment link,0,15,Pending,0.356,0.0,1437.57,
att_14666,pay_104683,OTP reminder,0,15,Recovered,0.644,3485.68,0.0,2026-08-09 22:25:00
att_14667,pay_104679,Email reminder,1,15,Failed,0.458,0.0,9615.61,
att_14668,pay_102704,OTP reminder,3,15,Recovered,0.732,930.3,0.0,2026-08-09 16:29:00
att_14669,pay_104853,UPI payment link,1,15,Failed,0.494,0.0,1463.78,
att_14670,pay_103154,Smart gateway retry,0,15,Pending,0.973,0.0,19159.89,
att_14671,pay_103560,UPI payment link,3,15,Failed,0.436,0.0,986.98,
att_14672,pay_104290,Alternate payment method,0,15,Pending,0.242,0.0,2511.57,
att_14673,pay_104276,Email reminder,0,15,Pending,0.503,0.0,1644.8,
att_14674,pay_100044,UPI payment link,1,15,Recovered,0.452,552.82,0.0,2026-08-10 08:56:00
att_14675,pay_101768,Email reminder,3,15,Failed,0.346,0.0,4765.29,
att_14676,pay_100386,Email reminder,3,15,Failed,0.595,0.0,2708.55,
att_14677,pay_102311,Email reminder,2,15,Failed,0.487,0.0,1235.85,
att_14678,pay_104393,Email reminder,2,15,Recovered,0.432,5655.28,0.0,2026-08-09 18:48:00
att_14679,pay_104837,Smart gateway retry,0,15,Recovered,0.974,2399.22,0.0,2026-08-09 22:34:00
att_14680,pay_101361,Smart gateway retry,1,15,Recovered,0.947,1196.55,0.0,2026-08-10 01:15:00
att_14681,pay_104455,Smart gateway retry,1,15,Failed,0.673,0.0,1235.69,
att_14682,pay_104643,OTP reminder,2,15,Recovered,0.624,3283.68,0.0,2026-08-10 00:29:00
att_14683,pay_102963,Retry after 10 minutes,2,10,Failed,0.893,0.0,8332.82,
att_14684,pay_103916,UPI payment link,0,15,Pending,0.413,0.0,13137.98,
att_14685,pay_101034,OTP reminder,2,15,Recovered,0.63,13705.68,0.0,2026-08-10 04:32:00
att_14686,pay_100517,Email reminder,3,15,Recovered,0.509,1400.54,0.0,2026-08-10 13:24:00
att_14687,pay_104691,UPI payment link,0,15,Pending,0.495,0.0,3442.68,
att_14688,pay_102439,UPI payment link,2,15,Failed,0.345,0.0,820.92,
att_14689,pay_102710,Alternate payment method,1,15,Failed,0.538,0.0,3566.67,
att_14690,pay_101455,Smart gateway retry,0,15,Pending,0.816,0.0,1513.88,
att_14691,pay_102330,OTP reminder,0,15,Recovered,0.576,5513.45,0.0,2026-08-10 13:36:00
att_14692,pay_103797,Alternate payment method,0,15,Pending,0.361,0.0,1822.29,
att_14693,pay_100278,Retry after 10 minutes,2,10,Failed,0.956,0.0,6249.85,
att_14694,pay_102128,Alternate payment method,0,15,Pending,0.235,0.0,5262.78,
att_14695,pay_100035,Alternate payment method,1,15,Failed,0.389,0.0,14706.5,
att_14696,pay_102887,Retry after 10 minutes,2,10,Recovered,0.712,1230.42,0.0,2026-08-10 13:29:00
att_14697,pay_102803,Email reminder,1,15,Recovered,0.582,445.08,0.0,2026-08-10 09:51:00
att_14698,pay_102524,Smart gateway retry,2,15,Recovered,0.649,2743.5,0.0,2026-08-11 04:52:00
att_14699,pay_102001,UPI payment link,3,15,Failed,0.423,0.0,12249.11,
att_14700,pay_101888,Alternate payment method,3,15,Failed,0.376,0.0,1669.32,
att_14701,pay_102372,Alternate payment method,3,15,Recovered,0.397,4932.18,0.0,2026-08-11 08:34:00
att_14702,pay_100618,Smart gateway retry,1,15,Failed,0.783,0.0,3445.94,
att_14703,pay_103532,Alternate payment method,2,15,Failed,0.232,0.0,767.57,
att_14704,pay_104736,OTP reminder,0,15,Pending,0.634,0.0,5883.68,
att_14705,pay_103500,UPI payment link,0,15,Pending,0.285,0.0,11144.79,
att_14706,pay_103918,UPI payment link,0,15,Pending,0.258,0.0,1109.26,
att_14707,pay_104483,UPI payment link,1,15,Recovered,0.448,1467.69,0.0,2026-08-11 07:36:00
att_14708,pay_101469,Retry after 10 minutes,2,10,Recovered,0.976,4609.71,0.0,2026-08-10 19:59:00
att_14709,pay_101410,Email reminder,1,15,Failed,0.487,0.0,2127.45,
att_14710,pay_101350,Retry after 10 minutes,3,10,Recovered,0.902,443.96,0.0,2026-08-11 12:46:00
att_14711,pay_102981,OTP reminder,2,15,Recovered,0.582,1738.49,0.0,2026-08-11 11:37:00
att_14712,pay_101614,Alternate payment method,1,15,Recovered,0.348,820.34,0.0,2026-08-11 05:16:00
att_14713,pay_102787,UPI payment link,3,15,Failed,0.349,0.0,989.0,
att_14714,pay_102459,Email reminder,1,15,Failed,0.545,0.0,13327.07,
att_14715,pay_103188,Alternate payment method,3,15,Failed,0.293,0.0,1472.72,
att_14716,pay_104872,OTP reminder,3,15,Recovered,0.636,5460.45,0.0,2026-08-11 17:23:00
att_14717,pay_104860,OTP reminder,3,15,Recovered,0.571,5440.79,0.0,2026-08-11 18:21:00
att_14718,pay_103112,OTP reminder,3,15,Failed,0.685,0.0,571.69,
att_14719,pay_104387,OTP reminder,2,15,Failed,0.706,0.0,1098.69,
att_14720,pay_104517,OTP reminder,1,15,Failed,0.486,0.0,1808.32,
att_14721,pay_100149,Email reminder,3,15,Failed,0.369,0.0,1910.61,
att_14722,pay_101135,Alternate payment method,1,15,Failed,0.402,0.0,1691.54,
att_14723,pay_102656,Retry after 10 minutes,2,10,Recovered,0.882,7338.74,0.0,2026-08-12 02:40:00
att_14724,pay_103508,Alternate payment method,1,15,Recovered,0.323,1620.79,0.0,2026-08-11 18:18:00
att_14725,pay_103183,Smart gateway retry,3,15,Failed,0.904,0.0,13998.97,
att_14726,pay_104892,OTP reminder,3,15,Recovered,0.523,1519.5,0.0,2026-08-11 11:56:00
att_14727,pay_100857,Retry after 10 minutes,2,10,Failed,0.935,0.0,7422.99,
att_14728,pay_101978,Retry after 10 minutes,1,10,Recovered,0.865,2107.65,0.0,2026-08-11 20:42:00
att_14729,pay_101800,Alternate payment method,0,15,Recovered,0.459,6050.87,0.0,2026-08-11 17:41:00
att_14730,pay_103356,OTP reminder,3,15,Failed,0.669,0.0,1842.86,
att_14731,pay_104701,UPI payment link,3,15,Failed,0.426,0.0,7777.87,
att_14732,pay_103780,OTP reminder,1,15,Recovered,0.632,590.7,0.0,2026-08-11 17:15:00
att_14733,pay_101020,OTP reminder,3,15,Recovered,0.556,3241.01,0.0,2026-08-12 05:00:00
att_14734,pay_104184,Retry after 10 minutes,2,10,Failed,0.859,0.0,12441.15,
att_14735,pay_104854,Email reminder,2,15,Failed,0.667,0.0,1630.95,
att_14736,pay_101025,UPI payment link,1,15,Recovered,0.157,1739.59,0.0,2026-08-12 02:49:00
att_14737,pay_100541,UPI payment link,1,15,Failed,0.557,0.0,2904.32,
att_14738,pay_103451,Retry after 10 minutes,1,10,Failed,0.771,0.0,697.92,
att_14739,pay_102487,Alternate payment method,2,15,Recovered,0.356,9194.84,0.0,2026-08-12 08:09:00
att_14740,pay_103799,UPI payment link,0,15,Pending,0.522,0.0,1616.15,
att_14741,pay_101266,Smart gateway retry,3,15,Recovered,0.76,7743.41,0.0,2026-08-11 22:25:00
att_14742,pay_100897,Alternate payment method,1,15,Failed,0.382,0.0,2991.75,
att_14743,pay_101982,Email reminder,3,15,Failed,0.495,0.0,9481.11,
att_14744,pay_100545,Alternate payment method,1,15,Failed,0.274,0.0,8596.83,
att_14745,pay_100886,Alternate payment method,0,15,Pending,0.31,0.0,1613.76,
att_14746,pay_102313,Smart gateway retry,2,15,Recovered,0.854,13689.4,0.0,2026-08-12 05:40:00
att_14747,pay_102617,Alternate payment method,3,15,Failed,0.222,0.0,3641.42,
att_14748,pay_104340,Email reminder,0,15,Pending,0.441,0.0,2286.07,
att_14749,pay_100583,Retry after 10 minutes,0,10,Pending,0.815,0.0,1834.18,
att_14750,pay_101652,Retry after 10 minutes,2,10,Failed,0.677,0.0,820.86,
att_14751,pay_104723,Alternate payment method,0,15,Pending,0.352,0.0,2896.94,
att_14752,pay_100847,Alternate payment method,1,15,Failed,0.328,0.0,886.63,
att_14753,pay_104119,Smart gateway retry,2,15,Recovered,0.678,294.57,0.0,2026-08-12 19:20:00
att_14754,pay_103616,UPI payment link,3,15,Failed,0.327,0.0,5204.99,
att_14755,pay_102277,Smart gateway retry,1,15,Failed,0.757,0.0,10099.61,
att_14756,pay_101452,Alternate payment method,1,15,Recovered,0.481,6045.77,0.0,2026-08-13 03:26:00
att_14757,pay_101463,Email reminder,1,15,Failed,0.494,0.0,231.57,
att_14758,pay_104985,Alternate payment method,3,15,Recovered,0.299,3758.71,0.0,2026-08-12 14:36:00
att_14759,pay_102504,UPI payment link,0,15,Pending,0.494,0.0,1718.0,
att_14760,pay_103463,OTP reminder,1,15,Recovered,0.59,812.29,0.0,2026-08-12 13:26:00
att_14761,pay_102971,UPI payment link,2,15,Failed,0.398,0.0,2968.95,
att_14762,pay_103337,Retry after 10 minutes,2,10,Recovered,0.98,3755.73,0.0,2026-08-13 10:32:00
att_14763,pay_101641,UPI payment link,2,15,Failed,0.318,0.0,881.41,
att_14764,pay_104951,Smart gateway retry,1,15,Failed,0.667,0.0,1014.84,
att_14765,pay_101975,OTP reminder,2,15,Recovered,0.534,3359.39,0.0,2026-08-13 06:22:00
att_14766,pay_100698,Email reminder,0,15,Pending,0.423,0.0,2053.48,
att_14767,pay_104346,OTP reminder,0,15,Pending,0.54,0.0,2448.79,
att_14768,pay_102411,Smart gateway retry,0,15,Pending,0.83,0.0,2557.79,
att_14769,pay_102883,UPI payment link,3,15,Failed,0.394,0.0,5368.3,
att_14770,pay_100573,Smart gateway retry,2,15,Failed,0.742,0.0,2401.45,
att_14771,pay_101285,Retry after 10 minutes,0,10,Pending,0.867,0.0,2633.34,
att_14772,pay_104893,Smart gateway retry,0,15,Recovered,0.746,6347.98,0.0,2026-08-12 21:57:00
att_14773,pay_101269,UPI payment link,1,15,Failed,0.338,0.0,6430.27,
att_14774,pay_101517,Smart gateway retry,3,15,Failed,0.803,0.0,779.02,
att_14775,pay_104328,Alternate payment method,1,15,Failed,0.293,0.0,973.22,
att_14776,pay_101462,UPI payment link,0,15,Pending,0.405,0.0,1546.32,
att_14777,pay_104021,UPI payment link,2,15,Recovered,0.414,2020.78,0.0,2026-08-14 00:43:00
att_14778,pay_104769,Retry after 10 minutes,1,10,Failed,0.696,0.0,7774.88,
att_14779,pay_101525,OTP reminder,2,15,Recovered,0.695,6683.95,0.0,2026-08-13 09:10:00
att_14780,pay_101780,Alternate payment method,3,15,Failed,0.233,0.0,4632.94,
att_14781,pay_103362,Smart gateway retry,0,15,Pending,0.798,0.0,3611.94,
att_14782,pay_104126,Retry after 10 minutes,0,10,Pending,0.612,0.0,726.93,
att_14783,pay_103851,Alternate payment method,1,15,Recovered,0.441,1603.01,0.0,2026-08-14 02:31:00
att_14784,pay_103870,Alternate payment method,3,15,Recovered,0.415,4013.62,0.0,2026-08-13 17:44:00
att_14785,pay_103012,Smart gateway retry,3,15,Recovered,0.787,3361.03,0.0,2026-08-13 16:21:00
att_14786,pay_101805,OTP reminder,3,15,Recovered,0.771,4394.39,0.0,2026-08-14 01:56:00
att_14787,pay_104268,Alternate payment method,2,15,Failed,0.481,0.0,1295.91,
att_14788,pay_102779,OTP reminder,0,15,Pending,0.725,0.0,4735.6,
att_14789,pay_100351,Alternate payment method,2,15,Recovered,0.342,497.45,0.0,2026-08-14 03:48:00
att_14790,pay_100396,Retry after 10 minutes,2,10,Recovered,0.896,5877.75,0.0,2026-08-14 08:02:00
att_14791,pay_104550,Retry after 10 minutes,3,10,Recovered,0.809,1779.29,0.0,2026-08-14 09:52:00
att_14792,pay_104775,Retry after 10 minutes,1,10,Recovered,0.959,152.07,0.0,2026-08-14 11:08:00
att_14793,pay_101109,UPI payment link,1,15,Failed,0.326,0.0,1648.03,
att_14794,pay_100810,OTP reminder,0,15,Pending,0.69,0.0,8792.63,
att_14795,pay_102521,Email reminder,3,15,Failed,0.451,0.0,5126.75,
att_14796,pay_102370,Retry after 10 minutes,2,10,Recovered,0.835,927.6,0.0,2026-08-13 22:51:00
att_14797,pay_100055,Retry after 10 minutes,0,10,Recovered,0.853,6489.1,0.0,2026-08-14 03:23:00
att_14798,pay_102338,UPI payment link,3,15,Recovered,0.451,4981.95,0.0,2026-08-13 20:29:00
att_14799,pay_100561,Smart gateway retry,1,15,Recovered,0.795,1415.57,0.0,2026-08-14 03:07:00
att_14800,pay_104595,OTP reminder,0,15,Pending,0.614,0.0,4132.79,
att_14801,pay_101870,Smart gateway retry,3,15,Failed,0.652,0.0,2278.57,
att_14802,pay_100816,Smart gateway retry,2,15,Recovered,0.98,3288.07,0.0,2026-08-14 12:14:00
att_14803,pay_104319,UPI payment link,1,15,Failed,0.206,0.0,925.15,
att_14804,pay_103879,Email reminder,2,15,Recovered,0.461,1264.02,0.0,2026-08-14 05:22:00
att_14805,pay_100901,Alternate payment method,1,15,Recovered,0.563,1718.51,0.0,2026-08-14 12:28:00
att_14806,pay_104091,Smart gateway retry,2,15,Recovered,0.758,2018.47,0.0,2026-08-14 09:29:00
att_14807,pay_104188,Email reminder,0,15,Pending,0.331,0.0,9340.39,
att_14808,pay_100249,Alternate payment method,3,15,Recovered,0.388,2969.75,0.0,2026-08-14 08:47:00
att_14809,pay_101018,UPI payment link,3,15,Failed,0.356,0.0,2622.89,
att_14810,pay_101098,Smart gateway retry,0,15,Pending,0.888,0.0,542.24,
att_14811,pay_101451,Retry after 10 minutes,2,10,Recovered,0.817,11556.71,0.0,2026-08-14 09:24:00
att_14812,pay_101239,Email reminder,1,15,Failed,0.467,0.0,1201.43,
att_14813,pay_102880,Alternate payment method,0,15,Recovered,0.48,2003.7,0.0,2026-08-14 07:40:00
att_14814,pay_104750,UPI payment link,2,15,Failed,0.542,0.0,3437.21,
att_14815,pay_102771,Retry after 10 minutes,1,10,Recovered,0.74,2331.23,0.0,2026-08-14 15:51:00
att_14816,pay_100869,Email reminder,3,15,Recovered,0.365,27418.13,0.0,2026-08-14 13:23:00
att_14817,pay_102727,Email reminder,1,15,Failed,0.412,0.0,13788.57,
att_14818,pay_102037,Smart gateway retry,0,15,Recovered,0.758,3790.64,0.0,2026-08-15 04:39:00
att_14819,pay_104235,Alternate payment method,0,15,Pending,0.331,0.0,6434.9,
att_14820,pay_104591,Retry after 10 minutes,1,10,Failed,0.832,0.0,3123.69,
att_14821,pay_102202,Retry after 10 minutes,1,10,Failed,0.707,0.0,5441.87,
att_14822,pay_104193,Smart gateway retry,2,15,Recovered,0.742,2290.22,0.0,2026-08-14 16:14:00
att_14823,pay_104457,OTP reminder,0,15,Pending,0.642,0.0,2515.02,
att_14824,pay_103239,OTP reminder,3,15,Recovered,0.656,705.04,0.0,2026-08-15 15:47:00
att_14825,pay_102629,Retry after 10 minutes,1,10,Recovered,0.875,13375.92,0.0,2026-08-15 02:03:00
att_14826,pay_103754,OTP reminder,0,15,Pending,0.61,0.0,3967.09,
att_14827,pay_100327,Alternate payment method,2,15,Failed,0.368,0.0,6656.83,
att_14828,pay_103632,Email reminder,2,15,Recovered,0.544,5203.0,0.0,2026-08-15 21:15:00
att_14829,pay_100116,UPI payment link,1,15,Failed,0.234,0.0,3460.45,
att_14830,pay_104968,Smart gateway retry,3,15,Recovered,0.735,2474.65,0.0,2026-08-15 19:54:00
att_14831,pay_103544,Smart gateway retry,3,15,Failed,0.814,0.0,951.01,
att_14832,pay_101265,Alternate payment method,1,15,Failed,0.244,0.0,1133.4,
att_14833,pay_104551,Retry after 10 minutes,3,10,Failed,0.856,0.0,1394.1,
att_14834,pay_101908,OTP reminder,0,15,Pending,0.782,0.0,1391.62,
att_14835,pay_100843,OTP reminder,0,15,Pending,0.59,0.0,1631.61,
att_14836,pay_104298,Retry after 10 minutes,2,10,Failed,0.98,0.0,5099.21,
att_14837,pay_102763,Alternate payment method,0,15,Pending,0.254,0.0,3373.37,
att_14838,pay_100969,Retry after 10 minutes,0,10,Pending,0.763,0.0,5797.31,
att_14839,pay_101445,Smart gateway retry,1,15,Failed,0.784,0.0,23672.87,
att_14840,pay_104944,UPI payment link,3,15,Recovered,0.362,2391.24,0.0,2026-08-15 10:30:00
att_14841,pay_104002,Retry after 10 minutes,2,10,Failed,0.822,0.0,2222.76,
att_14842,pay_102865,Alternate payment method,3,15,Recovered,0.355,3086.44,0.0,2026-08-16 02:30:00
att_14843,pay_100662,Alternate payment method,2,15,Recovered,0.313,3014.69,0.0,2026-08-16 00:32:00
att_14844,pay_103319,UPI payment link,2,15,Failed,0.434,0.0,9414.56,
att_14845,pay_101682,Alternate payment method,1,15,Recovered,0.412,10733.89,0.0,2026-08-15 16:38:00
att_14846,pay_102321,UPI payment link,1,15,Failed,0.329,0.0,660.42,
att_14847,pay_100146,OTP reminder,3,15,Recovered,0.616,2942.2,0.0,2026-08-15 11:30:00
att_14848,pay_104303,Retry after 10 minutes,2,10,Recovered,0.845,797.45,0.0,2026-08-16 06:30:00
att_14849,pay_104274,Alternate payment method,2,15,Failed,0.301,0.0,2325.26,
att_14850,pay_104243,Retry after 10 minutes,2,10,Failed,0.915,0.0,770.92,
att_14851,pay_104641,Smart gateway retry,2,15,Recovered,0.779,6505.49,0.0,2026-08-16 14:44:00
att_14852,pay_102498,Alternate payment method,3,15,Failed,0.319,0.0,3983.81,
att_14853,pay_100786,UPI payment link,3,15,Recovered,0.453,273.45,0.0,2026-08-15 20:29:00
att_14854,pay_103681,Retry after 10 minutes,1,10,Recovered,0.958,2255.81,0.0,2026-08-16 05:44:00
att_14855,pay_104035,Retry after 10 minutes,0,10,Pending,0.98,0.0,7195.99,
att_14856,pay_102262,Smart gateway retry,2,15,Recovered,0.828,2656.96,0.0,2026-08-16 01:30:00
att_14857,pay_100384,Alternate payment method,0,15,Pending,0.342,0.0,398.65,
att_14858,pay_101535,UPI payment link,0,15,Pending,0.373,0.0,854.75,
att_14859,pay_102950,Smart gateway retry,1,15,Failed,0.886,0.0,2475.88,
att_14860,pay_104159,Smart gateway retry,3,15,Recovered,0.831,4013.63,0.0,2026-08-16 04:26:00
att_14861,pay_102558,UPI payment link,3,15,Failed,0.188,0.0,1532.84,
att_14862,pay_103457,OTP reminder,1,15,Recovered,0.558,5899.11,0.0,2026-08-16 17:56:00
att_14863,pay_100137,Retry after 10 minutes,3,10,Recovered,0.688,1839.68,0.0,2026-08-16 19:27:00
att_14864,pay_104530,Alternate payment method,1,15,Failed,0.38,0.0,8542.54,
att_14865,pay_103536,Retry after 10 minutes,1,10,Failed,0.668,0.0,24434.17,
att_14866,pay_101868,UPI payment link,1,15,Recovered,0.416,3147.72,0.0,2026-08-17 01:42:00
att_14867,pay_101943,Alternate payment method,0,15,Pending,0.292,0.0,2953.99,
att_14868,pay_104534,Alternate payment method,1,15,Failed,0.262,0.0,979.47,
att_14869,pay_101589,Alternate payment method,1,15,Recovered,0.339,3050.48,0.0,2026-08-16 09:09:00
att_14870,pay_101299,UPI payment link,1,15,Failed,0.308,0.0,5737.12,
att_14871,pay_101492,Email reminder,3,15,Failed,0.515,0.0,1850.46,
att_14872,pay_100829,Email reminder,2,15,Recovered,0.387,9574.32,0.0,2026-08-16 15:00:00
att_14873,pay_104714,OTP reminder,2,15,Failed,0.602,0.0,5555.55,
att_14874,pay_103485,Alternate payment method,1,15,Failed,0.34,0.0,1287.67,
att_14875,pay_102468,Retry after 10 minutes,2,10,Recovered,0.874,1865.51,0.0,2026-08-17 07:53:00
att_14876,pay_102635,UPI payment link,2,15,Failed,0.509,0.0,4600.84,
att_14877,pay_102409,Alternate payment method,3,15,Failed,0.069,0.0,5119.79,
att_14878,pay_102222,Retry after 10 minutes,2,10,Recovered,0.98,1208.93,0.0,2026-08-17 15:44:00
att_14879,pay_104644,UPI payment link,0,15,Pending,0.347,0.0,808.05,
att_14880,pay_102328,OTP reminder,3,15,Recovered,0.618,447.96,0.0,2026-08-17 13:47:00
att_14881,pay_103996,UPI payment link,2,15,Failed,0.432,0.0,1254.15,
att_14882,pay_101398,Smart gateway retry,3,15,Recovered,0.723,3150.65,0.0,2026-08-17 20:44:00
att_14883,pay_104259,Retry after 10 minutes,0,10,Recovered,0.727,22217.05,0.0,2026-08-17 04:49:00
att_14884,pay_100428,Alternate payment method,2,15,Failed,0.244,0.0,11791.21,
att_14885,pay_104912,Alternate payment method,3,15,Failed,0.34,0.0,1010.21,
att_14886,pay_100453,UPI payment link,0,15,Pending,0.309,0.0,464.43,
att_14887,pay_101179,Smart gateway retry,2,15,Failed,0.888,0.0,910.1,
att_14888,pay_103441,UPI payment link,2,15,Failed,0.455,0.0,1054.29,
att_14889,pay_102711,Email reminder,0,15,Pending,0.401,0.0,9181.53,
att_14890,pay_100820,Alternate payment method,3,15,Recovered,0.482,1699.32,0.0,2026-08-18 06:21:00
att_14891,pay_102260,Alternate payment method,3,15,Failed,0.429,0.0,1603.09,
att_14892,pay_104699,OTP reminder,3,15,Recovered,0.581,6312.21,0.0,2026-08-18 06:29:00
att_14893,pay_103118,UPI payment link,3,15,Recovered,0.266,23107.52,0.0,2026-08-18 06:15:00
att_14894,pay_101782,Alternate payment method,1,15,Failed,0.321,0.0,4486.17,
att_14895,pay_103308,Email reminder,3,15,Recovered,0.628,3277.81,0.0,2026-08-17 23:08:00
att_14896,pay_102137,Retry after 10 minutes,0,10,Pending,0.898,0.0,4223.53,
att_14897,pay_103946,Retry after 10 minutes,0,10,Recovered,0.822,1598.51,0.0,2026-08-18 02:02:00
att_14898,pay_101743,Smart gateway retry,3,15,Failed,0.861,0.0,11552.56,
att_14899,pay_100271,OTP reminder,0,15,Recovered,0.656,1045.44,0.0,2026-08-18 10:05:00
att_14900,pay_100169,UPI payment link,0,15,Pending,0.438,0.0,5334.57,
att_14901,pay_103804,UPI payment link,1,15,Failed,0.477,0.0,917.21,
att_14902,pay_104075,OTP reminder,3,15,Recovered,0.608,3713.74,0.0,2026-08-18 10:11:00
att_14903,pay_100368,Email reminder,0,15,Pending,0.492,0.0,1401.96,
att_14904,pay_101166,UPI payment link,1,15,Failed,0.284,0.0,7303.93,
att_14905,pay_104061,OTP reminder,2,15,Failed,0.542,0.0,1357.8,
att_14906,pay_103803,Alternate payment method,2,15,Failed,0.283,0.0,2494.46,
att_14907,pay_100299,Retry after 10 minutes,3,10,Recovered,0.839,3153.22,0.0,2026-08-18 13:48:00
att_14908,pay_103787,Email reminder,0,15,Pending,0.436,0.0,1720.43,
att_14909,pay_100539,Retry after 10 minutes,2,10,Failed,0.822,0.0,1630.12,
att_14910,pay_102170,Email reminder,0,15,Pending,0.366,0.0,3957.15,
att_14911,pay_101528,Smart gateway retry,0,15,Pending,0.865,0.0,5399.13,
att_14912,pay_104562,Alternate payment method,2,15,Failed,0.368,0.0,1245.56,
att_14913,pay_102089,Smart gateway retry,2,15,Recovered,0.758,8543.61,0.0,2026-08-18 08:49:00
att_14914,pay_100232,OTP reminder,2,15,Failed,0.823,0.0,1427.87,
att_14915,pay_101593,Alternate payment method,0,15,Pending,0.469,0.0,2837.76,
att_14916,pay_104526,UPI payment link,0,15,Pending,0.253,0.0,2453.11,
att_14917,pay_104116,Retry after 10 minutes,1,10,Failed,0.627,0.0,3715.66,
att_14918,pay_103857,Alternate payment method,3,15,Failed,0.442,0.0,1906.87,
att_14919,pay_101651,Alternate payment method,1,15,Failed,0.211,0.0,1391.8,
att_14920,pay_100477,OTP reminder,2,15,Failed,0.722,0.0,1584.84,
att_14921,pay_103897,Email reminder,1,15,Failed,0.336,0.0,464.89,
att_14922,pay_100414,UPI payment link,2,15,Failed,0.379,0.0,4889.7,
att_14923,pay_101365,Smart gateway retry,2,15,Recovered,0.742,5556.26,0.0,2026-08-18 15:20:00
att_14924,pay_103504,Email reminder,3,15,Recovered,0.545,1560.96,0.0,2026-08-18 13:59:00
att_14925,pay_102974,Email reminder,1,15,Failed,0.539,0.0,7788.73,
att_14926,pay_104504,UPI payment link,2,15,Failed,0.404,0.0,836.71,
att_14927,pay_101623,Email reminder,1,15,Recovered,0.445,1780.35,0.0,2026-08-18 16:34:00
att_14928,pay_104103,UPI payment link,1,15,Recovered,0.365,2377.26,0.0,2026-08-18 17:23:00
att_14929,pay_103135,UPI payment link,2,15,Failed,0.414,0.0,1721.93,
att_14930,pay_100888,UPI payment link,3,15,Failed,0.29,0.0,13936.58,
att_14931,pay_104930,Email reminder,2,15,Recovered,0.449,2719.64,0.0,2026-08-19 04:24:00
att_14932,pay_101037,Smart gateway retry,0,15,Recovered,0.691,435.51,0.0,2026-08-19 14:52:00
att_14933,pay_103102,Smart gateway retry,0,15,Recovered,0.757,1855.6,0.0,2026-08-19 21:01:00
att_14934,pay_100838,Smart gateway retry,1,15,Failed,0.789,0.0,2215.51,
att_14935,pay_104229,OTP reminder,2,15,Failed,0.71,0.0,2874.94,
att_14936,pay_100409,UPI payment link,1,15,Recovered,0.306,742.51,0.0,2026-08-19 16:41:00
att_14937,pay_101120,Retry after 10 minutes,0,10,Recovered,0.852,5771.34,0.0,2026-08-19 17:33:00
att_14938,pay_104045,Retry after 10 minutes,1,10,Recovered,0.706,2062.91,0.0,2026-08-19 04:47:00
att_14939,pay_100789,UPI payment link,1,15,Failed,0.32,0.0,2125.17,
att_14940,pay_101681,Smart gateway retry,3,15,Failed,0.618,0.0,4749.83,
att_14941,pay_103903,Smart gateway retry,3,15,Recovered,0.784,1278.71,0.0,2026-08-19 23:21:00
att_14942,pay_104392,Retry after 10 minutes,1,10,Failed,0.958,0.0,3815.32,
att_14943,pay_100800,Retry after 10 minutes,0,10,Pending,0.947,0.0,4965.47,
att_14944,pay_103821,Alternate payment method,1,15,Recovered,0.31,4000.74,0.0,2026-08-20 12:10:00
att_14945,pay_104787,Retry after 10 minutes,2,10,Failed,0.964,0.0,4083.14,
att_14946,pay_101069,OTP reminder,3,15,Recovered,0.796,8644.17,0.0,2026-08-20 14:35:00
att_14947,pay_101762,UPI payment link,0,15,Pending,0.471,0.0,1378.92,
att_14948,pay_103798,Retry after 10 minutes,3,10,Failed,0.831,0.0,3426.03,
att_14949,pay_100302,Alternate payment method,2,15,Failed,0.328,0.0,664.23,
att_14950,pay_101531,UPI payment link,0,15,Pending,0.317,0.0,11676.6,
att_14951,pay_102442,OTP reminder,0,15,Pending,0.763,0.0,3183.58,
att_14952,pay_103724,Email reminder,0,15,Pending,0.438,0.0,1712.51,
att_14953,pay_101806,Retry after 10 minutes,1,10,Recovered,0.721,2569.9,0.0,2026-08-21 00:28:00
att_14954,pay_104767,Email reminder,0,15,Pending,0.357,0.0,1459.6,
att_14955,pay_104130,Smart gateway retry,1,15,Recovered,0.741,4877.99,0.0,2026-08-20 14:27:00
att_14956,pay_101174,Retry after 10 minutes,1,10,Recovered,0.809,2986.58,0.0,2026-08-20 05:12:00
att_14957,pay_101278,Alternate payment method,1,15,Failed,0.108,0.0,6366.32,
att_14958,pay_104688,Smart gateway retry,2,15,Recovered,0.679,8052.62,0.0,2026-08-21 01:17:00
att_14959,pay_103398,UPI payment link,2,15,Failed,0.249,0.0,777.28,
att_14960,pay_100706,OTP reminder,2,15,Failed,0.438,0.0,820.48,
att_14961,pay_102201,Email reminder,1,15,Recovered,0.392,1115.07,0.0,2026-08-20 17:36:00
att_14962,pay_104360,OTP reminder,1,15,Failed,0.598,0.0,3247.09,
att_14963,pay_100103,Email reminder,0,15,Pending,0.44,0.0,5303.77,
att_14964,pay_101189,Smart gateway retry,2,15,Recovered,0.888,4481.93,0.0,2026-08-21 00:44:00
att_14965,pay_100574,UPI payment link,1,15,Failed,0.445,0.0,720.23,
att_14966,pay_100464,Retry after 10 minutes,1,10,Failed,0.846,0.0,3704.68,
att_14967,pay_102400,Alternate payment method,0,15,Pending,0.255,0.0,20972.4,
att_14968,pay_104884,Smart gateway retry,2,15,Failed,0.768,0.0,730.19,
att_14969,pay_104054,Email reminder,0,15,Recovered,0.428,12337.86,0.0,2026-08-21 04:25:00
att_14970,pay_102645,Email reminder,2,15,Recovered,0.385,1603.89,0.0,2026-08-21 10:34:00
att_14971,pay_100844,UPI payment link,1,15,Failed,0.475,0.0,1607.45,
att_14972,pay_103216,UPI payment link,1,15,Recovered,0.38,3989.89,0.0,2026-08-21 03:19:00
att_14973,pay_100845,OTP reminder,1,15,Failed,0.805,0.0,3410.79,
att_14974,pay_100380,Alternate payment method,2,15,Failed,0.293,0.0,469.34,
att_14975,pay_100772,Smart gateway retry,0,15,Pending,0.816,0.0,4427.26,
att_14976,pay_101236,UPI payment link,0,15,Pending,0.398,0.0,1527.46,
att_14977,pay_102788,OTP reminder,2,15,Recovered,0.735,4935.83,0.0,2026-08-21 00:21:00
att_14978,pay_101549,Alternate payment method,3,15,Recovered,0.364,640.53,0.0,2026-08-21 01:36:00
att_14979,pay_104597,OTP reminder,3,15,Recovered,0.65,9328.7,0.0,2026-08-20 22:19:00
att_14980,pay_102627,Alternate payment method,1,15,Failed,0.315,0.0,1859.8,
att_14981,pay_101293,Retry after 10 minutes,0,10,Pending,0.76,0.0,17026.62,
att_14982,pay_100900,Alternate payment method,3,15,Failed,0.314,0.0,2899.23,
att_14983,pay_103233,UPI payment link,0,15,Recovered,0.274,1727.83,0.0,2026-08-21 17:53:00
att_14984,pay_101621,Retry after 10 minutes,2,10,Failed,0.708,0.0,448.66,
att_14985,pay_101738,Retry after 10 minutes,2,10,Recovered,0.726,2617.89,0.0,2026-08-21 22:00:00
att_14986,pay_103190,UPI payment link,1,15,Failed,0.545,0.0,356.58,
att_14987,pay_104110,UPI payment link,3,15,Failed,0.296,0.0,747.17,
att_14988,pay_104626,Alternate payment method,3,15,Failed,0.418,0.0,4210.7,
att_14989,pay_101912,Alternate payment method,0,15,Recovered,0.221,4230.51,0.0,2026-08-21 20:44:00
att_14990,pay_101995,UPI payment link,1,15,Recovered,0.275,791.7,0.0,2026-08-22 04:41:00
att_14991,pay_101481,Smart gateway retry,2,15,Failed,0.879,0.0,4681.81,
att_14992,pay_101948,UPI payment link,0,15,Pending,0.353,0.0,7063.44,
att_14993,pay_104690,OTP reminder,3,15,Failed,0.573,0.0,1665.81,
att_14994,pay_101408,UPI payment link,2,15,Recovered,0.448,2738.65,0.0,2026-08-22 03:35:00
att_14995,pay_101487,Alternate payment method,2,15,Failed,0.353,0.0,489.86,
att_14996,pay_102258,Retry after 10 minutes,2,10,Recovered,0.903,1228.33,0.0,2026-08-21 21:46:00
att_14997,pay_102441,Smart gateway retry,2,15,Recovered,0.761,1316.02,0.0,2026-08-21 17:57:00
att_14998,pay_103673,Email reminder,1,15,Failed,0.503,0.0,7386.85,
att_14999,pay_102315,UPI payment link,0,15,Pending,0.253,0.0,3345.3,
